https://www.flocksafety.com/,index.html,0,11970560,0.0,skipped-existing
https://www.flocksafety.com/abm/amazon,abm/amazon.html,0,3882364,0.0,skipped-existing
https://www.flocksafety.com/abm/burlington,abm/burlington.html,0,4266084,13.6,saved
https://www.flocksafety.com/abm/disney,abm/disney.html,0,4039265,17.3,saved
https://www.flocksafety.com/abm/edison,abm/edison.html,0,4538720,17.3,saved
https://www.flocksafety.com/abm/international-paper,abm/international-paper.html,0,3985361,17.5,saved
https://www.flocksafety.com/abm/national-grid,abm/national-grid.html,0,4602521,15.2,saved
https://www.flocksafety.com/abm/nike,abm/nike.html,0,4123080,17.9,saved
https://www.flocksafety.com/abm/publix,abm/publix.html,0,4293732,17.2,saved
https://www.flocksafety.com/abm/unitedhealth-group,abm/unitedhealth-group.html,0,4547511,17.7,saved
https://www.flocksafety.com/abm/walmart,abm/walmart.html,0,3995593,14.4,saved
https://www.flocksafety.com/accessibility-plan,accessibility-plan.html,0,3057582,0.0,skipped-existing
https://www.flocksafety.com/accessibility-statement,accessibility-statement.html,0,3040257,15.2,saved
https://www.flocksafety.com/are-you-ready-for-the-new-budget-year,are-you-ready-for-the-new-budget-year.html,0,3131697,17.3,saved
https://www.flocksafety.com/big-city-ai-tools-on-a-budget,big-city-ai-tools-on-a-budget.html,0,3239414,16.2,saved
https://www.flocksafety.com/blog,blog.html,0,6261104,30.3,saved
https://www.flocksafety.com/blog/10-of-reported-crime-in-the-u-s-is-solved-using-flock-technology,blog/10-of-reported-crime-in-the-u-s-is-solved-using-flock-technology.html,0,4237588,0.0,skipped-existing
https://www.flocksafety.com/blog/10-safety-tips-for-the-holiday-season,blog/10-safety-tips-for-the-holiday-season.html,0,4635935,14.8,saved
https://www.flocksafety.com/blog/1000-missing-persons-reunited,blog/1000-missing-persons-reunited.html,0,4219384,14.9,saved
https://www.flocksafety.com/blog/1000-worth-of-property-damage-recovered,blog/1000-worth-of-property-damage-recovered.html,0,4223909,14.9,saved
https://www.flocksafety.com/blog/17-powerful-ways-to-utilize-a-mobile-camera-trailer,blog/17-powerful-ways-to-utilize-a-mobile-camera-trailer.html,0,4327932,13.8,saved
https://www.flocksafety.com/blog/20-million-gift-card-scheme-exposed-by-video-cameras,blog/20-million-gift-card-scheme-exposed-by-video-cameras.html,0,4167928,15.7,saved
https://www.flocksafety.com/blog/20-tips-to-deter-crime-and-foster-peace-of-mind-in-your-community,blog/20-tips-to-deter-crime-and-foster-peace-of-mind-in-your-community.html,0,5236793,14.3,saved
https://www.flocksafety.com/blog/200-vs-400-feet-dfr,blog/200-vs-400-feet-dfr.html,0,5311216,14.1,saved
https://www.flocksafety.com/blog/2022-solved-awards,blog/2022-solved-awards.html,0,4172088,14.1,saved
https://www.flocksafety.com/blog/2022-yc-top-private-company,blog/2022-yc-top-private-company.html,0,4191705,15.8,saved
https://www.flocksafety.com/blog/2023-solved-awards,blog/2023-solved-awards.html,0,4181602,16.0,saved
https://www.flocksafety.com/blog/24-7-schools-how-to-best-protect-your-campus-when-youre-not-there,blog/24-7-schools-how-to-best-protect-your-campus-when-youre-not-there.html,0,6907338,13.8,saved
https://www.flocksafety.com/blog/3-lessons-we-learned-from-law-enforcement-building-flock-safety-falcon-camera,blog/3-lessons-we-learned-from-law-enforcement-building-flock-safety-falcon-camera.html,0,4167348,14.4,saved
https://www.flocksafety.com/blog/3-month-old-kidnapped-located-safely-michigan,blog/3-month-old-kidnapped-located-safely-michigan.html,0,4311982,15.3,saved
https://www.flocksafety.com/blog/3-ways-license-plate-readers-really-reduce-crime,blog/3-ways-license-plate-readers-really-reduce-crime.html,0,4360290,15.5,saved
https://www.flocksafety.com/blog/3-ways-your-asset-protection-and-loss-prevention-teams-can-reduce-organized-retail-crime,blog/3-ways-your-asset-protection-and-loss-prevention-teams-can-reduce-organized-retail-crime.html,0,4682502,15.4,saved
https://www.flocksafety.com/blog/4-ways-flocks-mobile-security-trailer-delivers-a-smarter-way-to-secure-your-property,blog/4-ways-flocks-mobile-security-trailer-delivers-a-smarter-way-to-secure-your-property.html,0,4180289,14.6,saved
https://www.flocksafety.com/blog/5-crime-prevention-tips-from-police-for-hoas,blog/5-crime-prevention-tips-from-police-for-hoas.html,0,4186633,14.6,saved
https://www.flocksafety.com/blog/5-key-insights-on-tackling-organized-retail-crime-from-law-enforcement-leaders,blog/5-key-insights-on-tackling-organized-retail-crime-from-law-enforcement-leaders.html,0,4447219,14.2,saved
https://www.flocksafety.com/blog/5-keys-to-hiring-for-drive-and-building-in-the-gray-how-two-rtic-leaders-are-shaping-real-time-policing,blog/5-keys-to-hiring-for-drive-and-building-in-the-gray-how-two-rtic-leaders-are-shaping-real-time-policing.html,0,4334418,15.1,saved
https://www.flocksafety.com/blog/5-lessons-on-transitioning-from-law-enforcement-to-the-private-sector,blog/5-lessons-on-transitioning-from-law-enforcement-to-the-private-sector.html,0,4327818,21.8,saved
https://www.flocksafety.com/blog/5-places-your-community-may-need-better-coverage,blog/5-places-your-community-may-need-better-coverage.html,0,4858881,20.9,saved
https://www.flocksafety.com/blog/5-safety-tips-for-house-hunting,blog/5-safety-tips-for-house-hunting.html,0,4203825,20.2,saved
https://www.flocksafety.com/blog/5-steps-to-establish-a-real-time-crime-center,blog/5-steps-to-establish-a-real-time-crime-center.html,0,4406294,16.6,saved
https://www.flocksafety.com/blog/5-strategies-for-smarter-parking-lot-security-with-alpr-solar-solutions,blog/5-strategies-for-smarter-parking-lot-security-with-alpr-solar-solutions.html,0,4557830,14.4,saved
https://www.flocksafety.com/blog/5-times-license-plate-readers-saved-the-day,blog/5-times-license-plate-readers-saved-the-day.html,0,4344208,16.6,saved
https://www.flocksafety.com/blog/5-tips-keeping-your-neighborhood-safe,blog/5-tips-keeping-your-neighborhood-safe.html,0,4562419,16.8,saved
https://www.flocksafety.com/blog/5-tips-to-virtually-engage-your-community-during-covid-19,blog/5-tips-to-virtually-engage-your-community-during-covid-19.html,0,4345725,16.6,saved
https://www.flocksafety.com/blog/5-ways-flock-safety-is-transforming-school-campus-safety----starting-with-a-smarter-dismissal-line,blog/5-ways-flock-safety-is-transforming-school-campus-safety----starting-with-a-smarter-dismissal-line.html,0,4266035,14.6,saved
https://www.flocksafety.com/blog/5-ways-host-cities-can-prepare-for-a-safe-and-successful-2026-fifa-world-cup,blog/5-ways-host-cities-can-prepare-for-a-safe-and-successful-2026-fifa-world-cup.html,0,4877787,16.0,saved
https://www.flocksafety.com/blog/5-ways-to-use-virtual-tools-for-neighborhood-safety,blog/5-ways-to-use-virtual-tools-for-neighborhood-safety.html,0,4310341,14.7,saved
https://www.flocksafety.com/blog/6-benefits-of-lpr-for-law-enforcement,blog/6-benefits-of-lpr-for-law-enforcement.html,0,4802932,15.9,saved
https://www.flocksafety.com/blog/6-career-tips-for-security-professionals-from-oscar-arango,blog/6-career-tips-for-security-professionals-from-oscar-arango.html,0,4326198,15.4,saved
https://www.flocksafety.com/blog/6-myths-license-plate-readers-security-systems,blog/6-myths-license-plate-readers-security-systems.html,0,4384248,13.4,saved
https://www.flocksafety.com/blog/6-safety-tips-your-2023-back-to-school-safety-kit,blog/6-safety-tips-your-2023-back-to-school-safety-kit.html,0,4365650,16.3,saved
https://www.flocksafety.com/blog/7-questions-with-police-chief-thompson-of-elizabethtown-kentucky,blog/7-questions-with-police-chief-thompson-of-elizabethtown-kentucky.html,0,4312019,23.4,saved
https://www.flocksafety.com/blog/8-rules-hoa-boards-can-follow-to-keep-residents-safe,blog/8-rules-hoa-boards-can-follow-to-keep-residents-safe.html,0,4308678,13.7,saved
https://www.flocksafety.com/blog/8-security-tips-for-property-managers-save-time-and-money,blog/8-security-tips-for-property-managers-save-time-and-money.html,0,4191561,14.8,saved
https://www.flocksafety.com/blog/a-5-step-plan-safety-plan-for-houses-worship,blog/a-5-step-plan-safety-plan-for-houses-worship.html,0,4365698,14.4,saved
https://www.flocksafety.com/blog/a-chiefs-guide-to-evaluating-license-plate-readers-9-questions-to-ask-before-investing-in-lpr,blog/a-chiefs-guide-to-evaluating-license-plate-readers-9-questions-to-ask-before-investing-in-lpr.html,0,4313717,14.7,saved
https://www.flocksafety.com/blog/a-connected-future-how-elk-grove-pd-is-redefining-public-safety-with-drone-technology,blog/a-connected-future-how-elk-grove-pd-is-redefining-public-safety-with-drone-technology.html,0,4358760,23.4,saved
https://www.flocksafety.com/blog/a-conversation-with-safe-house-projects-brittany-dunn,blog/a-conversation-with-safe-house-projects-brittany-dunn.html,0,4364758,14.9,saved
https://www.flocksafety.com/blog/a-practical-guide-to-ai-policy-and-policing,blog/a-practical-guide-to-ai-policy-and-policing.html,0,4577179,14.9,saved
https://www.flocksafety.com/blog/a-practical-lpr-and-video-strategy-for-small-patrol-teams,blog/a-practical-lpr-and-video-strategy-for-small-patrol-teams.html,0,4195398,14.7,saved
https://www.flocksafety.com/blog/a-smarter-path-to-help-prosecute-offenders-why-choose-flocks-mobile-security-trailer-vs-lvt,blog/a-smarter-path-to-help-prosecute-offenders-why-choose-flocks-mobile-security-trailer-vs-lvt.html,0,4202081,13.3,saved
https://www.flocksafety.com/blog/a-smarter-path-to-real-crime-reduction-why-choose-flocks-mobile-security-trailer-vs-lvt,blog/a-smarter-path-to-real-crime-reduction-why-choose-flocks-mobile-security-trailer-vs-lvt.html,0,4347948,13.9,saved
https://www.flocksafety.com/blog/a-tale-of-two-cities-how-a-flock-safe-city-subscription-transforms-operations-budgets-and-outcomes,blog/a-tale-of-two-cities-how-a-flock-safe-city-subscription-transforms-operations-budgets-and-outcomes.html,0,4272598,15.9,saved
https://www.flocksafety.com/blog/a-wider-lens-on-justice-from-quick-ids-to-long-term-impact,blog/a-wider-lens-on-justice-from-quick-ids-to-long-term-impact.html,0,3686777,13.4,saved
https://www.flocksafety.com/blog/acg-atl-names-flock-safety-number-one-on-georgias-top-40-fastest-growing-companies,blog/acg-atl-names-flock-safety-number-one-on-georgias-top-40-fastest-growing-companies.html,0,4402682,14.3,saved
https://www.flocksafety.com/blog/addressing-unauthorized-access-on-your-healthcare-campus,blog/addressing-unauthorized-access-on-your-healthcare-campus.html,0,4693420,14.6,saved
https://www.flocksafety.com/blog/aerodome-and-flock-safety-forge-strategic-partnership-to-expand-drone-as-first-responder-technology-for-public-safety-agencies,blog/aerodome-and-flock-safety-forge-strategic-partnership-to-expand-drone-as-first-responder-technology-for-public-safety-agencies.html,0,4211734,15.9,saved
https://www.flocksafety.com/blog/affordable-cameras,blog/affordable-cameras.html,0,4246392,15.8,saved
https://www.flocksafety.com/blog/after-public-debate-these-cities-chose-safety-and-privacy-with-flock,blog/after-public-debate-these-cities-chose-safety-and-privacy-with-flock.html,0,14562060,15.1,saved
https://www.flocksafety.com/blog/ai-video-search-for-retail-theft-investigations,blog/ai-video-search-for-retail-theft-investigations.html,0,4577344,23.2,saved
https://www.flocksafety.com/blog/airsight-and-flock-bring-airspace-intelligence-into-one-operating-picture,blog/airsight-and-flock-bring-airspace-intelligence-into-one-operating-picture.html,0,4448272,14.5,saved
https://www.flocksafety.com/blog/albany-pd-announces-the-addition-of-120-flock-cameras,blog/albany-pd-announces-the-addition-of-120-flock-cameras.html,0,4163427,14.8,saved
https://www.flocksafety.com/blog/alert-respond-resolve-officers-move-fast-with-the-right-signal,blog/alert-respond-resolve-officers-move-fast-with-the-right-signal.html,0,4775117,15.9,saved
https://www.flocksafety.com/blog/allentown-pennsylvania-is-partnering-with-flock-to-shape-a-safer-community,blog/allentown-pennsylvania-is-partnering-with-flock-to-shape-a-safer-community.html,0,4269647,16.7,saved
https://www.flocksafety.com/blog/alpr-program-community-relations,blog/alpr-program-community-relations.html,0,4071541,24.9,saved
https://www.flocksafety.com/blog/alpr-technology-gun-violence,blog/alpr-technology-gun-violence.html,0,4530471,14.6,saved
https://www.flocksafety.com/blog/amber-alerts-partnership,blog/amber-alerts-partnership.html,0,4218300,15.3,saved
https://www.flocksafety.com/blog/an-asset-protection-experts-pov-on-drones-and-the-future-of-security,blog/an-asset-protection-experts-pov-on-drones-and-the-future-of-security.html,0,5794007,13.7,saved
https://www.flocksafety.com/blog/an-update-on-ring-partnership,blog/an-update-on-ring-partnership.html,0,4152526,15.2,saved
https://www.flocksafety.com/blog/anderson-police-bridge-people-policing-technology,blog/anderson-police-bridge-people-policing-technology.html,0,4184547,21.7,saved
https://www.flocksafety.com/blog/announcing-the-2024-flock-safety-physical-security-awards,blog/announcing-the-2024-flock-safety-physical-security-awards.html,0,4336565,14.0,saved
https://www.flocksafety.com/blog/announcing-the-2024-flock-safety-solved-awards-winners,blog/announcing-the-2024-flock-safety-solved-awards-winners.html,0,2036885,11.4,saved
https://www.flocksafety.com/blog/apartment-safety-tips,blog/apartment-safety-tips.html,0,4502040,14.4,saved
https://www.flocksafety.com/blog/apartment-security-camera-flock-safety,blog/apartment-security-camera-flock-safety.html,0,4503829,15.3,saved
https://www.flocksafety.com/blog/apartment-security-flock-lpr-cameras,blog/apartment-security-flock-lpr-cameras.html,0,4449189,13.8,saved
https://www.flocksafety.com/blog/are-flock-products-discriminatory,blog/are-flock-products-discriminatory.html,0,4412299,15.3,saved
https://www.flocksafety.com/blog/around-the-events-involving-george-floyd-minneapolis,blog/around-the-events-involving-george-floyd-minneapolis.html,0,4252119,14.6,saved
https://www.flocksafety.com/blog/automated-license-plate-readers-and-the-fourth-amendment-a-public-safety-by-design-perspective-from-flock,blog/automated-license-plate-readers-and-the-fourth-amendment-a-public-safety-by-design-perspective-from-flock.html,0,4336106,13.9,saved
https://www.flocksafety.com/blog/awareness-on-arrival-when-the-right-lead-comes-early,blog/awareness-on-arrival-when-the-right-lead-comes-early.html,0,4458464,16.0,saved
https://www.flocksafety.com/blog/axon-plans-to-sever-apis-with-flock,blog/axon-plans-to-sever-apis-with-flock.html,0,4312861,15.9,saved
https://www.flocksafety.com/blog/balancing-safety-and-experience-how-technology-is-shaping-the-future-of-retail-security,blog/balancing-safety-and-experience-how-technology-is-shaping-the-future-of-retail-security.html,0,4780404,15.2,saved
https://www.flocksafety.com/blog/best-hoa-perimeter-security,blog/best-hoa-perimeter-security.html,0,4671965,13.8,saved
https://www.flocksafety.com/blog/best-lpr-camera-crime-center-solution,blog/best-lpr-camera-crime-center-solution.html,0,4563480,15.1,saved
https://www.flocksafety.com/blog/best-places-to-use-mobile-security-trailers,blog/best-places-to-use-mobile-security-trailers.html,0,4808685,15.5,saved
https://www.flocksafety.com/blog/best-public-safety-drone,blog/best-public-safety-drone.html,0,4373144,14.9,saved
https://www.flocksafety.com/blog/best-public-safety-drones-for-law-enforcement-and-emergency,blog/best-public-safety-drones-for-law-enforcement-and-emergency.html,0,4523527,15.1,saved
https://www.flocksafety.com/blog/better-together-how-lprs-and-mobile-security-trailers-strengthen-security-across-your-commercial-properties,blog/better-together-how-lprs-and-mobile-security-trailers-strengthen-security-across-your-commercial-properties.html,0,4495993,12.1,saved
https://www.flocksafety.com/blog/beyond-crime-reduction-how-flock-forward-2025-redefined-public-safety,blog/beyond-crime-reduction-how-flock-forward-2025-redefined-public-safety.html,0,4323410,13.7,saved
https://www.flocksafety.com/blog/beyond-kubeflow-why-we-built-traintrack,blog/beyond-kubeflow-why-we-built-traintrack.html,0,4514957,13.6,saved
https://www.flocksafety.com/blog/birds-of-a-feather-dennis-segovia,blog/birds-of-a-feather-dennis-segovia.html,0,4382560,14.6,saved
https://www.flocksafety.com/blog/birds-of-a-feather-jasmine-flock-safety,blog/birds-of-a-feather-jasmine-flock-safety.html,0,4403982,14.5,saved
https://www.flocksafety.com/blog/blogsuspicious-activity-stopped,blog/blogsuspicious-activity-stopped.html,0,4236303,15.1,saved
https://www.flocksafety.com/blog/boston-globe-opinion-editor-on-flocks-value-for-community-safety,blog/boston-globe-opinion-editor-on-flocks-value-for-community-safety.html,0,4341828,14.4,saved
https://www.flocksafety.com/blog/brandon-simins-joins-flock-safety-as-chief-financial-officer,blog/brandon-simins-joins-flock-safety-as-chief-financial-officer.html,0,4252206,15.0,saved
https://www.flocksafety.com/blog/building-a-culture-of-empowerment-women-of-flocks-impact-and-vision,blog/building-a-culture-of-empowerment-women-of-flocks-impact-and-vision.html,0,4370348,13.9,saved
https://www.flocksafety.com/blog/building-a-real-time-crime-center-the-right-way-insights-from-industry-experts,blog/building-a-real-time-crime-center-the-right-way-insights-from-industry-experts.html,0,4181872,23.0,saved
https://www.flocksafety.com/blog/building-a-safer-stronger-allentown-a-conversation-with-mayor-matt-tuerk,blog/building-a-safer-stronger-allentown-a-conversation-with-mayor-matt-tuerk.html,0,4321084,23.5,saved
https://www.flocksafety.com/blog/building-on-trust-updates-to-flocks-terms-and-conditions,blog/building-on-trust-updates-to-flocks-terms-and-conditions.html,0,4429490,13.3,saved
https://www.flocksafety.com/blog/building-public-trust-through-transparency-how-flock-helps-communities--and-why-youll-want-to-be-part-of-it,blog/building-public-trust-through-transparency-how-flock-helps-communities--and-why-youll-want-to-be-part-of-it.html,0,4540862,22.7,saved
https://www.flocksafety.com/blog/building-smarter-not-just-bigger-how-flock-safety-thinks-about-product-integrations-and-the-future-of-ai,blog/building-smarter-not-just-bigger-how-flock-safety-thinks-about-product-integrations-and-the-future-of-ai.html,0,4332381,13.8,saved
https://www.flocksafety.com/blog/building-stronger-cases-with-layered-security-technology-using-license-plate-reader-cameras,blog/building-stronger-cases-with-layered-security-technology-using-license-plate-reader-cameras.html,0,4178450,16.0,saved
https://www.flocksafety.com/blog/building-the-future-inside-flock-safetys-2025-intern-experience,blog/building-the-future-inside-flock-safetys-2025-intern-experience.html,0,5021990,15.0,saved
https://www.flocksafety.com/blog/building-trust-through-tech-and-heart-how-chief-bobby-davis-is-redefining-public-safety-leadership-lsenb,blog/building-trust-through-tech-and-heart-how-chief-bobby-davis-is-redefining-public-safety-leadership-lsenb.html,0,4329070,14.3,saved
https://www.flocksafety.com/blog/california-sb34-what-private-organizations-using-alpr-need-to-know,blog/california-sb34-what-private-organizations-using-alpr-need-to-know.html,0,4886837,15.1,saved
https://www.flocksafety.com/blog/cameras-installed-around-port-isabel,blog/cameras-installed-around-port-isabel.html,0,4313845,14.1,saved
https://www.flocksafety.com/blog/capture-evidence-that-matters-for-solving-crime,blog/capture-evidence-that-matters-for-solving-crime.html,0,4165936,14.4,saved
https://www.flocksafety.com/blog/castle-rock-police-launch-flock-dfr-for-faster-and-safer-response-time,blog/castle-rock-police-launch-flock-dfr-for-faster-and-safer-response-time.html,0,4715564,14.8,saved
https://www.flocksafety.com/blog/catalytic-converter-theft,blog/catalytic-converter-theft.html,0,4252988,14.1,saved
https://www.flocksafety.com/blog/catch-crooks,blog/catch-crooks.html,0,4173178,14.8,saved
https://www.flocksafety.com/blog/city-leaders-choose-flock-safety-a-proven-community-focused-public-safety-solution,blog/city-leaders-choose-flock-safety-a-proven-community-focused-public-safety-solution.html,0,4228238,14.5,saved
https://www.flocksafety.com/blog/city-of-el-cajon-honored-with-golden-watchdog-award-for-public-safety-innovation,blog/city-of-el-cajon-honored-with-golden-watchdog-award-for-public-safety-innovation.html,0,4277047,14.3,saved
https://www.flocksafety.com/blog/close-the-campus-police-response-gap-with-drone-as-first-responder,blog/close-the-campus-police-response-gap-with-drone-as-first-responder.html,0,5572895,14.1,saved
https://www.flocksafety.com/blog/cobb-based-cids-tactic-catch-criminals-with-tag-scanning-cameras,blog/cobb-based-cids-tactic-catch-criminals-with-tag-scanning-cameras.html,0,4174462,15.7,saved
https://www.flocksafety.com/blog/cobb-county-communities-invest-in-crime-fighting-camera,blog/cobb-county-communities-invest-in-crime-fighting-camera.html,0,1873072,11.7,saved
https://www.flocksafety.com/blog/collierville-cameras-scanning-license-plates-to-prevent-crime,blog/collierville-cameras-scanning-license-plates-to-prevent-crime.html,0,4227536,14.4,saved
https://www.flocksafety.com/blog/collierville-memphis-neighborhood-crime-streak,blog/collierville-memphis-neighborhood-crime-streak.html,0,4343966,13.9,saved
https://www.flocksafety.com/blog/colorado-hoa-chose-flock-neighborhood-security-cameras,blog/colorado-hoa-chose-flock-neighborhood-security-cameras.html,0,4411444,15.8,saved
https://www.flocksafety.com/blog/colorado-neighborhoods-using-flock-safety-to-reduce-crime,blog/colorado-neighborhoods-using-flock-safety-to-reduce-crime.html,0,4234589,14.6,saved
https://www.flocksafety.com/blog/combating-retail-fraud-with-data-driven-security,blog/combating-retail-fraud-with-data-driven-security.html,0,4302833,14.6,saved
https://www.flocksafety.com/blog/community-and-technology-unite-to-shape-a-safer-south-downtown-atlanta,blog/community-and-technology-unite-to-shape-a-safer-south-downtown-atlanta.html,0,4704122,14.3,saved
https://www.flocksafety.com/blog/community-camera-for-safe-neighborhoods,blog/community-camera-for-safe-neighborhoods.html,0,4949085,17.5,saved
https://www.flocksafety.com/blog/community-manager-security-options,blog/community-manager-security-options.html,0,4320887,15.4,saved
https://www.flocksafety.com/blog/congratulations-to-the-flock-safety-award-winners-at-iacp-2022,blog/congratulations-to-the-flock-safety-award-winners-at-iacp-2022.html,0,4237400,14.9,saved
https://www.flocksafety.com/blog/context-on-your-terms-why-public-safety-is-no-longer-one-size-fits-all,blog/context-on-your-terms-why-public-safety-is-no-longer-one-size-fits-all.html,0,4338824,26.8,saved
https://www.flocksafety.com/blog/convenience-store-shooting-suspects-brought-to-justice-with-help-from-flock-cameras,blog/convenience-store-shooting-suspects-brought-to-justice-with-help-from-flock-cameras.html,0,4405962,15.3,saved
https://www.flocksafety.com/blog/coordinated-located-safer-flock-safety-helps-law-enforcement-close-cases-nationwide,blog/coordinated-located-safer-flock-safety-helps-law-enforcement-close-cases-nationwide.html,0,2134910,12.1,saved
https://www.flocksafety.com/blog/corporate-executive-protection,blog/corporate-executive-protection.html,0,4364397,17.0,saved
https://www.flocksafety.com/blog/corporate-security-101-flock-safetys-guide-for-business-leaders,blog/corporate-security-101-flock-safetys-guide-for-business-leaders.html,0,4212551,15.5,saved
https://www.flocksafety.com/blog/correcting-the-record-flock-nova-will-not-supply-dark-web-data,blog/correcting-the-record-flock-nova-will-not-supply-dark-web-data.html,0,4313552,17.1,saved
https://www.flocksafety.com/blog/could-kentuckys-hb58-change-how-alpr-data-is-used-across-the-state,blog/could-kentuckys-hb58-change-how-alpr-data-is-used-across-the-state.html,0,5373220,16.4,saved
https://www.flocksafety.com/blog/crime-rates-rise-during-the-summer-heres-what-this-means-for-you,blog/crime-rates-rise-during-the-summer-heres-what-this-means-for-you.html,0,4354016,16.4,saved
https://www.flocksafety.com/blog/criminal-plans-disrupted-how-fast-alerts-led-to-faster-justice,blog/criminal-plans-disrupted-how-fast-alerts-led-to-faster-justice.html,0,4707406,15.5,saved
https://www.flocksafety.com/blog/customer-story-citrus-heights-police-department,blog/customer-story-citrus-heights-police-department.html,0,4168412,25.9,saved
https://www.flocksafety.com/blog/customer-story-elk-grove-pd-flockos,blog/customer-story-elk-grove-pd-flockos.html,0,4194087,25.5,saved
https://www.flocksafety.com/blog/customers-own-and-control-their-flock-data,blog/customers-own-and-control-their-flock-data.html,0,4719149,15.4,saved
https://www.flocksafety.com/blog/dan-haley-joins-flock-safety-as-chief-legal-officer,blog/dan-haley-joins-flock-safety-as-chief-legal-officer.html,0,4287520,15.6,saved
https://www.flocksafety.com/blog/data-at-the-curb-how-traffic-analytics-is-transforming-safety-and-success-for-commercial-businesses,blog/data-at-the-curb-how-traffic-analytics-is-transforming-safety-and-success-for-commercial-businesses.html,0,4342851,16.0,saved
https://www.flocksafety.com/blog/dekalb-county-police-partner-with-flock-and-private-citizens,blog/dekalb-county-police-partner-with-flock-and-private-citizens.html,0,4223090,18.3,saved
https://www.flocksafety.com/blog/dekalb-county-votes-to-partner-with-police-department-on-crime-solving-initiative,blog/dekalb-county-votes-to-partner-with-police-department-on-crime-solving-initiative.html,0,4210757,18.1,saved
https://www.flocksafety.com/blog/dekalb-police-using-new-crime-fighting-tool-to-protect-public,blog/dekalb-police-using-new-crime-fighting-tool-to-protect-public.html,0,4308815,16.2,saved
https://www.flocksafety.com/blog/denver-residents-helping-police-protect-community,blog/denver-residents-helping-police-protect-community.html,0,4342140,15.7,saved
https://www.flocksafety.com/blog/designing-safer-streets-how-connected-technologies-are-reimagining-roadway-and-biking-safety,blog/designing-safer-streets-how-connected-technologies-are-reimagining-roadway-and-biking-safety.html,0,4363225,14.9,saved
https://www.flocksafety.com/blog/dfr-1-0-vs-dfr-2-0-the-evolution-of-drone-as-first-responder,blog/dfr-1-0-vs-dfr-2-0-the-evolution-of-drone-as-first-responder.html,0,4529845,15.0,saved
https://www.flocksafety.com/blog/dfr-in-action-how-corona-pd-uses-drones-for-life-saving-rescues,blog/dfr-in-action-how-corona-pd-uses-drones-for-life-saving-rescues.html,0,4335904,22.4,saved
https://www.flocksafety.com/blog/dfr-need-for-speed,blog/dfr-need-for-speed.html,0,6642517,15.0,saved
https://www.flocksafety.com/blog/discover-the-steps-hardin-county-ky-is-taking-to-shape-a-safer-community,blog/discover-the-steps-hardin-county-ky-is-taking-to-shape-a-safer-community.html,0,4309577,23.0,saved
https://www.flocksafety.com/blog/does-flock-enable-mass-surveillance,blog/does-flock-enable-mass-surveillance.html,0,4390934,14.4,saved
https://www.flocksafety.com/blog/does-flock-share-data-with-ice,blog/does-flock-share-data-with-ice.html,0,4321620,15.1,saved
https://www.flocksafety.com/blog/does-new-jerseys-privacy-protection-act-affect-alpr-data-sharing-across-state-lines,blog/does-new-jerseys-privacy-protection-act-affect-alpr-data-sharing-across-state-lines.html,0,6080515,15.7,saved
https://www.flocksafety.com/blog/dont-just-watch-crime-solve-it-with-license-plate-readers,blog/dont-just-watch-crime-solve-it-with-license-plate-readers.html,0,4653714,15.5,saved
https://www.flocksafety.com/blog/donut-shop-employee-held-at-gunpoint-during-armed-robbery-flock-cameras-helped-find-suspects,blog/donut-shop-employee-held-at-gunpoint-during-armed-robbery-flock-cameras-helped-find-suspects.html,0,4241028,13.5,saved
https://www.flocksafety.com/blog/drones-take-flight-how-long-island-is-leading-the-way-in-community-safety,blog/drones-take-flight-how-long-island-is-leading-the-way-in-community-safety.html,0,4166973,15.1,saved
https://www.flocksafety.com/blog/dunwoody-detective-utilizes-flock-data-to-prevent-potentially-dangerous-heist,blog/dunwoody-detective-utilizes-flock-data-to-prevent-potentially-dangerous-heist.html,0,4271508,16.4,saved
https://www.flocksafety.com/blog/dunwoody-pd-flock-aerodome-dfr,blog/dunwoody-pd-flock-aerodome-dfr.html,0,4497284,22.1,saved
https://www.flocksafety.com/blog/dunwoody-police-department-unveils-real-time-crime-center-powered-by-flock,blog/dunwoody-police-department-unveils-real-time-crime-center-powered-by-flock.html,0,4580585,13.4,saved
https://www.flocksafety.com/blog/eastvale-is-shaping-a-safer-community-with-license-plate-recognition-cameras,blog/eastvale-is-shaping-a-safer-community-with-license-plate-recognition-cameras.html,0,4286753,15.0,saved
https://www.flocksafety.com/blog/eighborhood-purchases-personal-license-plate-reading-camera,blog/eighborhood-purchases-personal-license-plate-reading-camera.html,0,4182006,15.1,saved
https://www.flocksafety.com/blog/eliminate-crime-principled-framework,blog/eliminate-crime-principled-framework.html,0,4496298,12.8,saved
https://www.flocksafety.com/blog/elizabethtown-pd-sees-great-success-and-multiple-solvedstories-with-flock-lpr,blog/elizabethtown-pd-sees-great-success-and-multiple-solvedstories-with-flock-lpr.html,0,4364433,13.4,saved
https://www.flocksafety.com/blog/emergency-response-drone,blog/emergency-response-drone.html,0,4480434,15.1,saved
https://www.flocksafety.com/blog/empowering-smaller-law-enforcement-agencies-the-role-of-technology-in-maximizing-your-force,blog/empowering-smaller-law-enforcement-agencies-the-role-of-technology-in-maximizing-your-force.html,0,4450849,15.2,saved
https://www.flocksafety.com/blog/enhance-campus-security-with-flock-safety,blog/enhance-campus-security-with-flock-safety.html,0,4430717,14.1,saved
https://www.flocksafety.com/blog/enhancing-employee-safety-with-license-plate-recognition-cameras,blog/enhancing-employee-safety-with-license-plate-recognition-cameras.html,0,4201264,13.3,saved
https://www.flocksafety.com/blog/ensuring-local-compliance,blog/ensuring-local-compliance.html,0,4158545,14.8,saved
https://www.flocksafety.com/blog/et-the-police-take-care-of-possible-thieves,blog/et-the-police-take-care-of-possible-thieves.html,0,4262111,14.7,saved
https://www.flocksafety.com/blog/every-second-counts-how-faster-crash-response-saves-lives,blog/every-second-counts-how-faster-crash-response-saves-lives.html,0,4317768,14.7,saved
https://www.flocksafety.com/blog/everything-has-changed-and-nothing-has-changed-flock-safety-raised-47m-to-solve-more-crime-and-protect-privacy,blog/everything-has-changed-and-nothing-has-changed-flock-safety-raised-47m-to-solve-more-crime-and-protect-privacy.html,0,4394874,13.8,saved
https://www.flocksafety.com/blog/evidence-management-best-practices-for-law-enforcement,blog/evidence-management-best-practices-for-law-enforcement.html,0,4538298,14.1,saved
https://www.flocksafety.com/blog/evidence-management-for-law-enforcement,blog/evidence-management-for-law-enforcement.html,0,4446579,14.7,saved
https://www.flocksafety.com/blog/explore-how-white-settlement-pd-uses-flock-technology-to-protect-officers-boost-collaboration-and-solve-more-crimes,blog/explore-how-white-settlement-pd-uses-flock-technology-to-protect-officers-boost-collaboration-and-solve-more-crimes.html,0,4251709,13.4,saved
https://www.flocksafety.com/blog/fairfax-county-police-harness-license-plate-reader-technology-to-transform-crime-fighting,blog/fairfax-county-police-harness-license-plate-reader-technology-to-transform-crime-fighting.html,0,4169704,23.3,saved
https://www.flocksafety.com/blog/fast-intel-real-impact-this-weeks-wins-with-flock-safety,blog/fast-intel-real-impact-this-weeks-wins-with-flock-safety.html,0,4501984,14.3,saved
https://www.flocksafety.com/blog/federal-court-confirms-license-plate-readers-are-constitutional,blog/federal-court-confirms-license-plate-readers-are-constitutional.html,0,4321137,14.3,saved
https://www.flocksafety.com/blog/fewer-victims-stronger-safeguards-the-case-for-principled-federal-collaboration,blog/fewer-victims-stronger-safeguards-the-case-for-principled-federal-collaboration.html,0,4318114,15.4,saved
https://www.flocksafety.com/blog/fighting-what-hides-in-the-shadows-how-flock-is-helping-communities-combat-human-trafficking,blog/fighting-what-hides-in-the-shadows-how-flock-is-helping-communities-combat-human-trafficking.html,0,4654039,14.5,saved
https://www.flocksafety.com/blog/fill-your-campus-safety-gaps---no-power-no-problem,blog/fill-your-campus-safety-gaps---no-power-no-problem.html,0,4547585,12.3,saved
https://www.flocksafety.com/blog/fireside-chat-josh-thomas-chief-communications-officer,blog/fireside-chat-josh-thomas-chief-communications-officer.html,0,4320314,23.8,saved
https://www.flocksafety.com/blog/first-responder-drone-use-cases,blog/first-responder-drone-use-cases.html,0,4575453,13.9,saved
https://www.flocksafety.com/blog/fixed-license-plate-reader-in-marietta-leads-to-first-arrest,blog/fixed-license-plate-reader-in-marietta-leads-to-first-arrest.html,0,4178574,14.6,saved
https://www.flocksafety.com/blog/flock-911-flock-aerodome-integration,blog/flock-911-flock-aerodome-integration.html,0,4837707,16.2,saved
https://www.flocksafety.com/blog/flock-aerodome-automated-security-for-retail-shopping-centers,blog/flock-aerodome-automated-security-for-retail-shopping-centers.html,0,6840368,15.1,saved
https://www.flocksafety.com/blog/flock-aerodome-software-updates-fall--2025,blog/flock-aerodome-software-updates-fall--2025.html,0,4808992,16.8,saved
https://www.flocksafety.com/blog/flock-aligns-license-plate-reader-technology-with-state-specific-legal-frameworks,blog/flock-aligns-license-plate-reader-technology-with-state-specific-legal-frameworks.html,0,4259031,14.7,saved
https://www.flocksafety.com/blog/flock-alpha-in-action-saving-lives-across-crime-response-fire-emergencies-and-search-rescue,blog/flock-alpha-in-action-saving-lives-across-crime-response-fire-emergencies-and-search-rescue.html,0,4367145,14.6,saved
https://www.flocksafety.com/blog/flock-applauds-virginia-court-of-appeals-ruling-affirming-constitutionality-of-lpr-cameras,blog/flock-applauds-virginia-court-of-appeals-ruling-affirming-constitutionality-of-lpr-cameras.html,0,4309223,14.8,saved
https://www.flocksafety.com/blog/flock-cameras-enhance-crime-fighting-efforts-in-albany,blog/flock-cameras-enhance-crime-fighting-efforts-in-albany.html,0,4275551,14.5,saved
https://www.flocksafety.com/blog/flock-commends-legislators-on-introduction-of-drone-act-of-2025,blog/flock-commends-legislators-on-introduction-of-drone-act-of-2025.html,0,4394398,15.4,saved
https://www.flocksafety.com/blog/flock-expands-georgia-footprint-with-new-manufacturing-facility,blog/flock-expands-georgia-footprint-with-new-manufacturing-facility.html,0,5416165,19.4,saved
https://www.flocksafety.com/blog/flock-forward-2025-tackled-the-toughest-problems-in-public-safety--heres-what-we-learned,blog/flock-forward-2025-tackled-the-toughest-problems-in-public-safety--heres-what-we-learned.html,0,4373326,20.4,saved
https://www.flocksafety.com/blog/flock-guardrails-address-lpr-privacy-concerns-and-police-transparency,blog/flock-guardrails-address-lpr-privacy-concerns-and-police-transparency.html,0,5427487,23.1,saved
https://www.flocksafety.com/blog/flock-honors-employees-who-bravely-served-veterans-day-2023,blog/flock-honors-employees-who-bravely-served-veterans-day-2023.html,0,4273484,16.0,saved
https://www.flocksafety.com/blog/flock-implements-enhanced-guardrails-across-california-to-ensure-lawful-and-responsible-use-of-lprs,blog/flock-implements-enhanced-guardrails-across-california-to-ensure-lawful-and-responsible-use-of-lprs.html,0,4156408,15.0,saved
https://www.flocksafety.com/blog/flock-innovates-to-help-agencies-tackle-sideshows,blog/flock-innovates-to-help-agencies-tackle-sideshows.html,0,4205117,15.1,saved
https://www.flocksafety.com/blog/flock-license-plate-reader-cameras-protect-seniors,blog/flock-license-plate-reader-cameras-protect-seniors.html,0,4476202,14.6,saved
https://www.flocksafety.com/blog/flock-lpr-cameras-drive-major-security-improvements-at-academy-sports,blog/flock-lpr-cameras-drive-major-security-improvements-at-academy-sports.html,0,4395791,15.3,saved
https://www.flocksafety.com/blog/flock-lpr-vs-fixed-video-same-camera-body-two-different-jobs,blog/flock-lpr-vs-fixed-video-same-camera-body-two-different-jobs.html,0,4803990,18.7,saved
https://www.flocksafety.com/blog/flock-offers-no-cost-core-apis-to-law-enforcement,blog/flock-offers-no-cost-core-apis-to-law-enforcement.html,0,4352538,17.2,saved
https://www.flocksafety.com/blog/flock-provides-terms-conditions-update-to-make-definitions-simpler-and-provide-customer-clarity,blog/flock-provides-terms-conditions-update-to-make-definitions-simpler-and-provide-customer-clarity.html,0,4279613,16.0,saved
https://www.flocksafety.com/blog/flock-ranks-fourth-overall-on-atlanta-business-chronicles-2024-pacesetter-list,blog/flock-ranks-fourth-overall-on-atlanta-business-chronicles-2024-pacesetter-list.html,0,4163308,15.5,saved
https://www.flocksafety.com/blog/flock-safety-2022-atl-startup-award-winners,blog/flock-safety-2022-atl-startup-award-winners.html,0,4341137,16.0,saved
https://www.flocksafety.com/blog/flock-safety-2022-atl-startup-awards,blog/flock-safety-2022-atl-startup-awards.html,0,4414974,14.4,saved
https://www.flocksafety.com/blog/flock-safety-2022-deloitte-technology-fast-500,blog/flock-safety-2022-deloitte-technology-fast-500.html,0,4173232,15.8,saved
https://www.flocksafety.com/blog/flock-safety-2024-physical-safety-awards,blog/flock-safety-2024-physical-safety-awards.html,0,4063964,13.9,saved
https://www.flocksafety.com/blog/flock-safety-2025-consumer-shopping-survey,blog/flock-safety-2025-consumer-shopping-survey.html,0,4408200,14.8,saved
https://www.flocksafety.com/blog/flock-safety-and-forcemetrics-team-up-to-improve-community-and-officer-safety,blog/flock-safety-and-forcemetrics-team-up-to-improve-community-and-officer-safety.html,0,4191472,14.5,saved
https://www.flocksafety.com/blog/flock-safety-and-homegrown-launch-the-thriving-cities-fund,blog/flock-safety-and-homegrown-launch-the-thriving-cities-fund.html,0,4242280,15.5,saved
https://www.flocksafety.com/blog/flock-safety-announces-partnership-with-innovia-co-op,blog/flock-safety-announces-partnership-with-innovia-co-op.html,0,4157896,14.7,saved
https://www.flocksafety.com/blog/flock-safety-appoints-chris-castaldo-as-chief-information-security-officer,blog/flock-safety-appoints-chris-castaldo-as-chief-information-security-officer.html,0,4336566,14.9,saved
https://www.flocksafety.com/blog/flock-safety-appoints-jennifer-ceran,blog/flock-safety-appoints-jennifer-ceran.html,0,4175856,13.2,saved
https://www.flocksafety.com/blog/flock-safety-appoints-julie-herendeen,blog/flock-safety-appoints-julie-herendeen.html,0,4192411,15.7,saved
https://www.flocksafety.com/blog/flock-safety-appoints-matthew-webster-as-cmo,blog/flock-safety-appoints-matthew-webster-as-cmo.html,0,4230059,13.7,saved
https://www.flocksafety.com/blog/flock-safety-birds-of-a-feather-meet-jay-marquez-in-atlanta-georgia,blog/flock-safety-birds-of-a-feather-meet-jay-marquez-in-atlanta-georgia.html,0,4182209,15.4,saved
https://www.flocksafety.com/blog/flock-safety-calls-on-mobile-network-operators-to-help-accelerate-drone-public-safety-operations,blog/flock-safety-calls-on-mobile-network-operators-to-help-accelerate-drone-public-safety-operations.html,0,4569336,15.2,saved
https://www.flocksafety.com/blog/flock-safety-cameras-fulton-county-schools,blog/flock-safety-cameras-fulton-county-schools.html,0,4353615,14.4,saved
https://www.flocksafety.com/blog/flock-safety-cameras-north-carolina-neighborhoods,blog/flock-safety-cameras-north-carolina-neighborhoods.html,0,4361711,14.9,saved
https://www.flocksafety.com/blog/flock-safety-cameras-play-role-in-apprehending-suspect-linked-to-fatal-shooting,blog/flock-safety-cameras-play-role-in-apprehending-suspect-linked-to-fatal-shooting.html,0,4260537,14.9,saved
https://www.flocksafety.com/blog/flock-safety-cameras-provide-information-needed-to-locate-suspects-connected-to-bank-heist,blog/flock-safety-cameras-provide-information-needed-to-locate-suspects-connected-to-bank-heist.html,0,4313180,13.4,saved
https://www.flocksafety.com/blog/flock-safety-cameras-purdue-university-campus,blog/flock-safety-cameras-purdue-university-campus.html,0,4350541,14.4,saved
https://www.flocksafety.com/blog/flock-safety-ceo-garrett-langley-ted2026,blog/flock-safety-ceo-garrett-langley-ted2026.html,0,4575997,17.3,saved
https://www.flocksafety.com/blog/flock-safety-ceo-principled-framework,blog/flock-safety-ceo-principled-framework.html,0,4352059,15.4,saved
https://www.flocksafety.com/blog/flock-safety-cybersecurity-how-we-protect-customer-community-data,blog/flock-safety-cybersecurity-how-we-protect-customer-community-data.html,0,7000910,22.7,saved
https://www.flocksafety.com/blog/flock-safety-does-my-neighborhood-need-flock-security-cameras,blog/flock-safety-does-my-neighborhood-need-flock-security-cameras.html,0,4465643,13.8,saved
https://www.flocksafety.com/blog/flock-safety-expands-into-drones-for-law-enforcement-with-acquisition-of-aerodome,blog/flock-safety-expands-into-drones-for-law-enforcement-with-acquisition-of-aerodome.html,0,4178743,22.6,saved
https://www.flocksafety.com/blog/flock-safety-helps-boost-oaklands-violent-crime-clearance-rate,blog/flock-safety-helps-boost-oaklands-violent-crime-clearance-rate.html,0,4496852,13.5,saved
https://www.flocksafety.com/blog/flock-safety-helps-solve-and-stop-crime-through-partnerships-with-community-and-police,blog/flock-safety-helps-solve-and-stop-crime-through-partnerships-with-community-and-police.html,0,4314445,14.7,saved
https://www.flocksafety.com/blog/flock-safety-helps-storefront-boost-case-closure-rate-to-an-impressive-97,blog/flock-safety-helps-storefront-boost-case-closure-rate-to-an-impressive-97.html,0,4501576,15.2,saved
https://www.flocksafety.com/blog/flock-safety-identifies-suspects-behind-190-000-crime-ring,blog/flock-safety-identifies-suspects-behind-190-000-crime-ring.html,0,4171315,14.4,saved
https://www.flocksafety.com/blog/flock-safety-is-the-clear-proven-choice-for-law-enforcement-looking-to-use-lpr,blog/flock-safety-is-the-clear-proven-choice-for-law-enforcement-looking-to-use-lpr.html,0,4198422,28.7,saved
https://www.flocksafety.com/blog/flock-safety-launches-flock-aerodome-drone-as-automated-security,blog/flock-safety-launches-flock-aerodome-drone-as-automated-security.html,0,4173585,13.9,saved
https://www.flocksafety.com/blog/flock-safety-launches-mobile-app-to-revolutionize-patrol-efficiency-and-law-enforcement-fieldwork,blog/flock-safety-launches-mobile-app-to-revolutionize-patrol-efficiency-and-law-enforcement-fieldwork.html,0,4353308,14.4,saved
https://www.flocksafety.com/blog/flock-safety-license-plate-reader-solves-miami-grand-theft-auto-residential-burglary-case,blog/flock-safety-license-plate-reader-solves-miami-grand-theft-auto-residential-burglary-case.html,0,4356385,14.1,saved
https://www.flocksafety.com/blog/flock-safety-locates-suspects-behind-a-12-million-heist-why-ai-is-revolutionizing-security,blog/flock-safety-locates-suspects-behind-a-12-million-heist-why-ai-is-revolutionizing-security.html,0,4212011,14.6,saved
https://www.flocksafety.com/blog/flock-safety-lpr-cameras-help-bust-massive-retail-theft-fencing-operation-in-portland,blog/flock-safety-lpr-cameras-help-bust-massive-retail-theft-fencing-operation-in-portland.html,0,4230922,14.9,saved
https://www.flocksafety.com/blog/flock-safety-neighborhood-crime-camera-helps-identify-burglary-suspect,blog/flock-safety-neighborhood-crime-camera-helps-identify-burglary-suspect.html,0,4162631,14.8,saved
https://www.flocksafety.com/blog/flock-safety-nrtcca-foundational-sponsor,blog/flock-safety-nrtcca-foundational-sponsor.html,0,4319950,13.9,saved
https://www.flocksafety.com/blog/flock-safety-one-of-built-ins-2024-best-places-to-work,blog/flock-safety-one-of-built-ins-2024-best-places-to-work.html,0,4202519,15.8,saved
https://www.flocksafety.com/blog/flock-safety-opens-new-boston-office-plans-to-bring-150-jobs-to-the-city,blog/flock-safety-opens-new-boston-office-plans-to-bring-150-jobs-to-the-city.html,0,6054058,15.3,saved
https://www.flocksafety.com/blog/flock-safety-pacesetter-award-2022,blog/flock-safety-pacesetter-award-2022.html,0,4213134,14.8,saved
https://www.flocksafety.com/blog/flock-safety-pacesetter-award-2023,blog/flock-safety-pacesetter-award-2023.html,0,4170418,14.6,saved
https://www.flocksafety.com/blog/flock-safety-partners-with-blue-eye-to-deliver-next-generation-alert-responding,blog/flock-safety-partners-with-blue-eye-to-deliver-next-generation-alert-responding.html,0,4217081,14.9,saved
https://www.flocksafety.com/blog/flock-safety-partners-with-tuskegee-next,blog/flock-safety-partners-with-tuskegee-next.html,0,4594589,14.6,saved
https://www.flocksafety.com/blog/flock-safety-ranked-number-58-on-2023-deloitte-technology-fast-500,blog/flock-safety-ranked-number-58-on-2023-deloitte-technology-fast-500.html,0,4162941,14.8,saved
https://www.flocksafety.com/blog/flock-safety-raven-helps-albany-pd-uncover-30-percent-more-gunfire,blog/flock-safety-raven-helps-albany-pd-uncover-30-percent-more-gunfire.html,0,4386916,14.5,saved
https://www.flocksafety.com/blog/flock-safety-recognized-in-forbes-2024-cloud-100,blog/flock-safety-recognized-in-forbes-2024-cloud-100.html,0,4178009,15.1,saved
https://www.flocksafety.com/blog/flock-safety-recognized-on-2024-deloitte-technology-fast-500-tm,blog/flock-safety-recognized-on-2024-deloitte-technology-fast-500-tm.html,0,4336459,15.1,saved
https://www.flocksafety.com/blog/flock-safety-recognized-on-the-2023-inc-5000,blog/flock-safety-recognized-on-the-2023-inc-5000.html,0,4252479,14.1,saved
https://www.flocksafety.com/blog/flock-safety-retrieves-stolen-car-for-victim-what-businesses-can-learn-from-this,blog/flock-safety-retrieves-stolen-car-for-victim-what-businesses-can-learn-from-this.html,0,4181423,14.1,saved
https://www.flocksafety.com/blog/flock-safety-secures-major-funding,blog/flock-safety-secures-major-funding.html,0,4348992,13.7,saved
https://www.flocksafety.com/blog/flock-safety-shares-vision-for-a-safer-future-at-national-anti-human-trafficking-event,blog/flock-safety-shares-vision-for-a-safer-future-at-national-anti-human-trafficking-event.html,0,4452300,14.0,saved
https://www.flocksafety.com/blog/flock-safety-solved-stories-recap-edition-001,blog/flock-safety-solved-stories-recap-edition-001.html,0,4382563,15.3,saved
https://www.flocksafety.com/blog/flock-safety-solved-stories-recap-edition-002,blog/flock-safety-solved-stories-recap-edition-002.html,0,4504792,13.9,saved
https://www.flocksafety.com/blog/flock-safety-solved-stories-recap-edition-003,blog/flock-safety-solved-stories-recap-edition-003.html,0,4542061,14.9,saved
https://www.flocksafety.com/blog/flock-safety-solved-stories-recap-edition-004,blog/flock-safety-solved-stories-recap-edition-004.html,0,4483556,13.6,saved
https://www.flocksafety.com/blog/flock-safety-solved-stories-recap-edition-005,blog/flock-safety-solved-stories-recap-edition-005.html,0,4712724,14.9,saved
https://www.flocksafety.com/blog/flock-safety-solved-stories-recap-edition-006,blog/flock-safety-solved-stories-recap-edition-006.html,0,4528345,14.7,saved
https://www.flocksafety.com/blog/flock-safety-solved-stories-recap-edition-007,blog/flock-safety-solved-stories-recap-edition-007.html,0,4469163,14.7,saved
https://www.flocksafety.com/blog/flock-safety-solved-stories-recap-edition-008,blog/flock-safety-solved-stories-recap-edition-008.html,0,4467711,14.7,saved
https://www.flocksafety.com/blog/flock-safety-solved-stories-recap-edition-009,blog/flock-safety-solved-stories-recap-edition-009.html,0,4468232,15.0,saved
https://www.flocksafety.com/blog/flock-safety-solved-stories-recap-edition-010,blog/flock-safety-solved-stories-recap-edition-010.html,0,4346817,14.7,saved
https://www.flocksafety.com/blog/flock-safety-solved-stories-recap-edition-011,blog/flock-safety-solved-stories-recap-edition-011.html,0,4351437,14.8,saved
https://www.flocksafety.com/blog/flock-safety-solved-stories-recap-edition-012,blog/flock-safety-solved-stories-recap-edition-012.html,0,4470293,14.7,saved
https://www.flocksafety.com/blog/flock-safety-solved-stories-recap-edition-013,blog/flock-safety-solved-stories-recap-edition-013.html,0,4354323,14.4,saved
https://www.flocksafety.com/blog/flock-safety-solved-stories-recap-edition-014,blog/flock-safety-solved-stories-recap-edition-014.html,0,4370436,14.9,saved
https://www.flocksafety.com/blog/flock-safety-solved-stories-recap-edition-015,blog/flock-safety-solved-stories-recap-edition-015.html,0,4320572,15.2,saved
https://www.flocksafety.com/blog/flock-safety-solved-stories-recap-edition-016,blog/flock-safety-solved-stories-recap-edition-016.html,0,4353822,15.2,saved
https://www.flocksafety.com/blog/flock-safety-solved-stories-recap-edition-017,blog/flock-safety-solved-stories-recap-edition-017.html,0,4343401,15.5,saved
https://www.flocksafety.com/blog/flock-safety-solved-stories-recap-edition-018,blog/flock-safety-solved-stories-recap-edition-018.html,0,4354388,13.6,saved
https://www.flocksafety.com/blog/flock-safety-solved-stories-recap-edition-019,blog/flock-safety-solved-stories-recap-edition-019.html,0,4339469,13.7,saved
https://www.flocksafety.com/blog/flock-safety-solved-stories-recap-edition-020,blog/flock-safety-solved-stories-recap-edition-020.html,0,4477225,14.7,saved
https://www.flocksafety.com/blog/flock-safety-solved-stories-recap-edition-021,blog/flock-safety-solved-stories-recap-edition-021.html,0,4346489,13.8,saved
https://www.flocksafety.com/blog/flock-safety-solved-stories-recap-edition-022,blog/flock-safety-solved-stories-recap-edition-022.html,0,4343541,15.7,saved
https://www.flocksafety.com/blog/flock-safety-solved-stories-recap-edition-024,blog/flock-safety-solved-stories-recap-edition-024.html,0,4342658,14.9,saved
https://www.flocksafety.com/blog/flock-safety-solved-stories-recap-edition-025,blog/flock-safety-solved-stories-recap-edition-025.html,0,4363495,14.6,saved
https://www.flocksafety.com/blog/flock-safety-solved-stories-recap-edition-026,blog/flock-safety-solved-stories-recap-edition-026.html,0,4348898,13.4,saved
https://www.flocksafety.com/blog/flock-safety-solved-stories-recap-edition-027,blog/flock-safety-solved-stories-recap-edition-027.html,0,4335590,14.8,saved
https://www.flocksafety.com/blog/flock-safety-solved-stories-recap-edition-028,blog/flock-safety-solved-stories-recap-edition-028.html,0,2034715,11.3,saved
https://www.flocksafety.com/blog/flock-safety-solved-stories-recap-edition-029,blog/flock-safety-solved-stories-recap-edition-029.html,0,4338278,14.3,saved
https://www.flocksafety.com/blog/flock-safety-solved-stories-recap-edition-030,blog/flock-safety-solved-stories-recap-edition-030.html,0,4364197,13.6,saved
https://www.flocksafety.com/blog/flock-safety-solved-stories-recap-edition-031,blog/flock-safety-solved-stories-recap-edition-031.html,0,4353952,15.3,saved
https://www.flocksafety.com/blog/flock-safety-solved-stories-recap-edition-032,blog/flock-safety-solved-stories-recap-edition-032.html,0,4342625,15.2,saved
https://www.flocksafety.com/blog/flock-safety-solved-stories-recap-edition-033,blog/flock-safety-solved-stories-recap-edition-033.html,0,4376571,15.0,saved
https://www.flocksafety.com/blog/flock-safety-solved-stories-recap-edition-034,blog/flock-safety-solved-stories-recap-edition-034.html,0,4345669,14.4,saved
https://www.flocksafety.com/blog/flock-safety-solved-stories-recap-edition-035,blog/flock-safety-solved-stories-recap-edition-035.html,0,4355005,15.2,saved
https://www.flocksafety.com/blog/flock-safety-solved-stories-recap-edition-037,blog/flock-safety-solved-stories-recap-edition-037.html,0,4363667,13.7,saved
https://www.flocksafety.com/blog/flock-safety-solved-stories-recap-edition-038,blog/flock-safety-solved-stories-recap-edition-038.html,0,4329052,14.9,saved
https://www.flocksafety.com/blog/flock-safety-solved-stories-recap-edition-039,blog/flock-safety-solved-stories-recap-edition-039.html,0,4352488,14.0,saved
https://www.flocksafety.com/blog/flock-safety-solved-stories-recap-edition-040,blog/flock-safety-solved-stories-recap-edition-040.html,0,4360943,15.7,saved
https://www.flocksafety.com/blog/flock-safety-solved-stories-recap-edition-041,blog/flock-safety-solved-stories-recap-edition-041.html,0,4338248,15.9,saved
https://www.flocksafety.com/blog/flock-safety-solved-stories-recap-edition-042,blog/flock-safety-solved-stories-recap-edition-042.html,0,4370056,15.9,saved
https://www.flocksafety.com/blog/flock-safety-solved-stories-recap-edition-043,blog/flock-safety-solved-stories-recap-edition-043.html,0,4338839,14.4,saved
https://www.flocksafety.com/blog/flock-safety-solved-stories-recap-edition-045,blog/flock-safety-solved-stories-recap-edition-045.html,0,4411389,14.1,saved
https://www.flocksafety.com/blog/flock-safety-solved-stories-recap-edition-046,blog/flock-safety-solved-stories-recap-edition-046.html,0,4416545,13.9,saved
https://www.flocksafety.com/blog/flock-safety-solved-stories-recap-edition-047,blog/flock-safety-solved-stories-recap-edition-047.html,0,4409041,12.4,saved
https://www.flocksafety.com/blog/flock-safety-solved-stories-recap-edition-048,blog/flock-safety-solved-stories-recap-edition-048.html,0,4441518,15.2,saved
https://www.flocksafety.com/blog/flock-safety-solved-stories-recap-edition-049,blog/flock-safety-solved-stories-recap-edition-049.html,0,4460108,15.8,saved
https://www.flocksafety.com/blog/flock-safety-solved-stories-recap-edition-050,blog/flock-safety-solved-stories-recap-edition-050.html,0,4341450,15.9,saved
https://www.flocksafety.com/blog/flock-safety-solved-stories-recap-edition-051,blog/flock-safety-solved-stories-recap-edition-051.html,0,4420559,14.8,saved
https://www.flocksafety.com/blog/flock-safety-solved-stories-recap-edition-052,blog/flock-safety-solved-stories-recap-edition-052.html,0,4333469,15.3,saved
https://www.flocksafety.com/blog/flock-safety-solved-stories-recap-edition-053,blog/flock-safety-solved-stories-recap-edition-053.html,0,4345948,14.6,saved
https://www.flocksafety.com/blog/flock-safety-solved-stories-recap-edition-054,blog/flock-safety-solved-stories-recap-edition-054.html,0,4355807,14.6,saved
https://www.flocksafety.com/blog/flock-safety-solved-stories-recap-edition-055,blog/flock-safety-solved-stories-recap-edition-055.html,0,4522459,18.3,saved
https://www.flocksafety.com/blog/flock-safety-solved-stories-recap-edition-056,blog/flock-safety-solved-stories-recap-edition-056.html,0,4435574,16.7,saved
https://www.flocksafety.com/blog/flock-safety-solved-stories-recap-edition-057,blog/flock-safety-solved-stories-recap-edition-057.html,0,4360204,16.3,saved
https://www.flocksafety.com/blog/flock-safety-solved-stories-recap-edition-058,blog/flock-safety-solved-stories-recap-edition-058.html,0,4445276,17.2,saved
https://www.flocksafety.com/blog/flock-safety-solved-stories-recap-edition-059,blog/flock-safety-solved-stories-recap-edition-059.html,0,4413917,15.6,saved
https://www.flocksafety.com/blog/flock-safety-solved-stories-recap-edition-060,blog/flock-safety-solved-stories-recap-edition-060.html,0,4447761,15.6,saved
https://www.flocksafety.com/blog/flock-safety-solved-stories-recap-edition-061,blog/flock-safety-solved-stories-recap-edition-061.html,0,4329147,14.4,saved
https://www.flocksafety.com/blog/flock-safety-solved-stories-recap-edition-062,blog/flock-safety-solved-stories-recap-edition-062.html,0,4369016,14.8,saved
https://www.flocksafety.com/blog/flock-safety-solved-stories-recap-edition-063,blog/flock-safety-solved-stories-recap-edition-063.html,0,4469404,14.7,saved
https://www.flocksafety.com/blog/flock-safety-solved-stories-recap-edition-064,blog/flock-safety-solved-stories-recap-edition-064.html,0,4459410,13.3,saved
https://www.flocksafety.com/blog/flock-safety-solved-stories-recap-edition-065,blog/flock-safety-solved-stories-recap-edition-065.html,0,4473193,13.8,saved
https://www.flocksafety.com/blog/flock-safety-solved-stories-recap-edition-066,blog/flock-safety-solved-stories-recap-edition-066.html,0,4428256,14.7,saved
https://www.flocksafety.com/blog/flock-safety-solved-stories-recap-edition-067,blog/flock-safety-solved-stories-recap-edition-067.html,0,4496799,14.3,saved
https://www.flocksafety.com/blog/flock-safety-solved-stories-recap-edition-068,blog/flock-safety-solved-stories-recap-edition-068.html,0,4443904,14.3,saved
https://www.flocksafety.com/blog/flock-safety-solved-stories-recap-edition-069,blog/flock-safety-solved-stories-recap-edition-069.html,0,4383722,13.8,saved
https://www.flocksafety.com/blog/flock-safety-solved-stories-recap-edition-070,blog/flock-safety-solved-stories-recap-edition-070.html,0,4498286,13.9,saved
https://www.flocksafety.com/blog/flock-safety-solved-stories-recap-edition-071,blog/flock-safety-solved-stories-recap-edition-071.html,0,4651332,13.7,saved
https://www.flocksafety.com/blog/flock-safety-solved-stories-recap-edition-072,blog/flock-safety-solved-stories-recap-edition-072.html,0,4383920,15.2,saved
https://www.flocksafety.com/blog/flock-safety-solved-stories-recap-edition-073,blog/flock-safety-solved-stories-recap-edition-073.html,0,4416034,15.3,saved
https://www.flocksafety.com/blog/flock-safety-solved-stories-recap-edition-074,blog/flock-safety-solved-stories-recap-edition-074.html,0,4409776,14.9,saved
https://www.flocksafety.com/blog/flock-safety-solved-stories-recap-edition-075,blog/flock-safety-solved-stories-recap-edition-075.html,0,4452568,15.5,saved
https://www.flocksafety.com/blog/flock-safety-solved-stories-recap-edition-076,blog/flock-safety-solved-stories-recap-edition-076.html,0,4409247,14.7,saved
https://www.flocksafety.com/blog/flock-safety-solved-stories-recap-edition-077,blog/flock-safety-solved-stories-recap-edition-077.html,0,4548427,15.1,saved
https://www.flocksafety.com/blog/flock-safety-solved-stories-recap-edition-078,blog/flock-safety-solved-stories-recap-edition-078.html,0,4407661,14.8,saved
https://www.flocksafety.com/blog/flock-safety-solved-stories-recap-edition-079,blog/flock-safety-solved-stories-recap-edition-079.html,0,4487399,15.5,saved
https://www.flocksafety.com/blog/flock-safety-solved-stories-recap-edition-080,blog/flock-safety-solved-stories-recap-edition-080.html,0,4442817,14.7,saved
https://www.flocksafety.com/blog/flock-safety-solved-stories-recap-edition-081,blog/flock-safety-solved-stories-recap-edition-081.html,0,4424911,15.2,saved
https://www.flocksafety.com/blog/flock-safety-solved-stories-recap-edition-082,blog/flock-safety-solved-stories-recap-edition-082.html,0,4439249,15.3,saved
https://www.flocksafety.com/blog/flock-safety-solved-stories-recap-edition-083,blog/flock-safety-solved-stories-recap-edition-083.html,0,4450499,14.3,saved
https://www.flocksafety.com/blog/flock-safety-solved-stories-recap-edition-084,blog/flock-safety-solved-stories-recap-edition-084.html,0,4378625,15.9,saved
https://www.flocksafety.com/blog/flock-safety-solved-stories-recap-edition-085,blog/flock-safety-solved-stories-recap-edition-085.html,0,4398204,15.2,saved
https://www.flocksafety.com/blog/flock-safety-solved-stories-recap-edition-086,blog/flock-safety-solved-stories-recap-edition-086.html,0,4396454,13.7,saved
https://www.flocksafety.com/blog/flock-safety-solved-stories-recap-edition-087,blog/flock-safety-solved-stories-recap-edition-087.html,0,4434152,14.0,saved
https://www.flocksafety.com/blog/flock-safety-solved-stories-recap-edition-088,blog/flock-safety-solved-stories-recap-edition-088.html,0,4399180,14.0,saved
https://www.flocksafety.com/blog/flock-safety-solved-stories-recap-edition-089,blog/flock-safety-solved-stories-recap-edition-089.html,0,4470192,15.7,saved
https://www.flocksafety.com/blog/flock-safety-solved-stories-recap-edition-090,blog/flock-safety-solved-stories-recap-edition-090.html,0,4445661,14.2,saved
https://www.flocksafety.com/blog/flock-safety-solved-stories-recap-edition-091,blog/flock-safety-solved-stories-recap-edition-091.html,0,4467760,14.2,saved
https://www.flocksafety.com/blog/flock-safety-solved-stories-recap-edition-092,blog/flock-safety-solved-stories-recap-edition-092.html,0,4465836,15.2,saved
https://www.flocksafety.com/blog/flock-safety-solved-stories-recap-edition-093,blog/flock-safety-solved-stories-recap-edition-093.html,0,4407563,15.9,saved
https://www.flocksafety.com/blog/flock-safety-solved-stories-recap-edition-094,blog/flock-safety-solved-stories-recap-edition-094.html,0,4444593,15.0,saved
https://www.flocksafety.com/blog/flock-safety-solved-stories-recap-edition-095,blog/flock-safety-solved-stories-recap-edition-095.html,0,4372485,15.7,saved
https://www.flocksafety.com/blog/flock-safety-solved-stories-recap-edition-096,blog/flock-safety-solved-stories-recap-edition-096.html,0,4529450,15.0,saved
https://www.flocksafety.com/blog/flock-safety-solved-stories-recap-edition-098,blog/flock-safety-solved-stories-recap-edition-098.html,0,4354149,14.9,saved
https://www.flocksafety.com/blog/flock-safety-solved-stories-recap-edition-099,blog/flock-safety-solved-stories-recap-edition-099.html,0,4402548,14.9,saved
https://www.flocksafety.com/blog/flock-safety-solved-stories-recap-edition-100,blog/flock-safety-solved-stories-recap-edition-100.html,0,4436794,14.8,saved
https://www.flocksafety.com/blog/flock-safety-solved-stories-recap-edition-101,blog/flock-safety-solved-stories-recap-edition-101.html,0,4504206,15.4,saved
https://www.flocksafety.com/blog/flock-safety-solved-stories-recap-edition-102,blog/flock-safety-solved-stories-recap-edition-102.html,0,4460634,16.0,saved
https://www.flocksafety.com/blog/flock-safety-solved-stories-recap-edition-103,blog/flock-safety-solved-stories-recap-edition-103.html,0,4409080,16.1,saved
https://www.flocksafety.com/blog/flock-safety-unveils-alpha-drone-as-first-responder-system,blog/flock-safety-unveils-alpha-drone-as-first-responder-system.html,0,4179236,21.5,saved
https://www.flocksafety.com/blog/flock-safety-what-are-my-neighborhood-security-options,blog/flock-safety-what-are-my-neighborhood-security-options.html,0,4509985,14.3,saved
https://www.flocksafety.com/blog/flock-safety-what-happens-in-the-event-of-a-crime,blog/flock-safety-what-happens-in-the-event-of-a-crime.html,0,4389990,16.4,saved
https://www.flocksafety.com/blog/flock-safety-what-its-like-to-be-a-flock-customer,blog/flock-safety-what-its-like-to-be-a-flock-customer.html,0,4290348,14.8,saved
https://www.flocksafety.com/blog/flock-safety-why-does-license-plate-recognition-matter,blog/flock-safety-why-does-license-plate-recognition-matter.html,0,4189150,14.3,saved
https://www.flocksafety.com/blog/flock-safetys-gun-violence-reduction-plan-a-multi-faceted-approach-to-a-complex-issue,blog/flock-safetys-gun-violence-reduction-plan-a-multi-faceted-approach-to-a-complex-issue.html,0,4567687,14.6,saved
https://www.flocksafety.com/blog/flock-safetys-response-to-illinois-lpr-data-use-and-out-of-state-sharing-concerns,blog/flock-safetys-response-to-illinois-lpr-data-use-and-out-of-state-sharing-concerns.html,0,4316976,16.2,saved
https://www.flocksafety.com/blog/flock-security-testing-bishop-fox-privacy,blog/flock-security-testing-bishop-fox-privacy.html,0,1833456,11.7,saved
https://www.flocksafety.com/blog/flock-solves-homicide-investigation,blog/flock-solves-homicide-investigation.html,0,4168573,14.8,saved
https://www.flocksafety.com/blog/flock-stories-your-voice-a-pinecrest-family-finds-safety-after-the-terror-of-a-home-invasion,blog/flock-stories-your-voice-a-pinecrest-family-finds-safety-after-the-terror-of-a-home-invasion.html,0,4438863,17.6,saved
https://www.flocksafety.com/blog/flock-together-2025-reflecting-on-a-week-of-alignment-and-connection,blog/flock-together-2025-reflecting-on-a-week-of-alignment-and-connection.html,0,4682282,14.6,saved
https://www.flocksafety.com/blog/flock-together-the-2026-recap,blog/flock-together-the-2026-recap.html,0,4782234,17.4,saved
https://www.flocksafety.com/blog/flockos-empowering-tulsas-police-force-with-unprecedented-real-time-intelligence,blog/flockos-empowering-tulsas-police-force-with-unprecedented-real-time-intelligence.html,0,4577723,15.6,saved
https://www.flocksafety.com/blog/flocks-new-podcast-real-time-policing-when-moments-matter,blog/flocks-new-podcast-real-time-policing-when-moments-matter.html,0,5500452,26.1,saved
https://www.flocksafety.com/blog/fort-worth-police-department-accelerates-emergency-response-with-flock911,blog/fort-worth-police-department-accelerates-emergency-response-with-flock911.html,0,4342372,25.1,saved
https://www.flocksafety.com/blog/fort-worth-police-launch-flock-drone-as-first-responder-program-ahead-of-a-historic-summer-in-north-texas,blog/fort-worth-police-launch-flock-drone-as-first-responder-program-ahead-of-a-historic-summer-in-north-texas.html,0,7737648,15.2,saved
https://www.flocksafety.com/blog/four-key-takeaways-from-the-national-retail-federations-2023-retail-security-survey,blog/four-key-takeaways-from-the-national-retail-federations-2023-retail-security-survey.html,0,4203379,14.6,saved
https://www.flocksafety.com/blog/from-congestion-to-connection-rethinking-traffic-and-parking-to-improve-daily-life,blog/from-congestion-to-connection-rethinking-traffic-and-parking-to-improve-daily-life.html,0,4235067,14.7,saved
https://www.flocksafety.com/blog/from-detection-to-coordination-a-new-model-for-law-enforcement-response,blog/from-detection-to-coordination-a-new-model-for-law-enforcement-response.html,0,6612879,16.0,saved
https://www.flocksafety.com/blog/from-flames-to-footage-flock-lpr-cameras-help-locate-arson-suspect,blog/from-flames-to-footage-flock-lpr-cameras-help-locate-arson-suspect.html,0,4249994,15.9,saved
https://www.flocksafety.com/blog/from-intern-to-full-time-building-careers-at-flock-safety,blog/from-intern-to-full-time-building-careers-at-flock-safety.html,0,4258125,16.0,saved
https://www.flocksafety.com/blog/from-losses-to-savings-transforming-retail-security-with-lpr,blog/from-losses-to-savings-transforming-retail-security-with-lpr.html,0,5276197,13.3,saved
https://www.flocksafety.com/blog/from-lost-to-found-how-alhambra-pds-drone-program-found-a-missing-woman-in-minutes,blog/from-lost-to-found-how-alhambra-pds-drone-program-found-a-missing-woman-in-minutes.html,0,4234936,23.3,saved
https://www.flocksafety.com/blog/from-lost-to-found-how-alhambra-pds-drone-program-is-redefining-public-safety,blog/from-lost-to-found-how-alhambra-pds-drone-program-is-redefining-public-safety.html,0,4227705,15.7,saved
https://www.flocksafety.com/blog/from-parking-pain-to-public-safety-gain-how-seal-beach-pd-reimagined-parking-with-lpr-technology,blog/from-parking-pain-to-public-safety-gain-how-seal-beach-pd-reimagined-parking-with-lpr-technology.html,0,4718145,23.5,saved
https://www.flocksafety.com/blog/from-passion-project-to-powerhouse-how-sugarcoat-and-the-thriving-cities-fund-are-shaping-atlantas-future,blog/from-passion-project-to-powerhouse-how-sugarcoat-and-the-thriving-cities-fund-are-shaping-atlantas-future.html,0,4336337,21.9,saved
https://www.flocksafety.com/blog/from-pilots-to-purpose-what-state-dots-need-next-to-succeed-with-ai,blog/from-pilots-to-purpose-what-state-dots-need-next-to-succeed-with-ai.html,0,4315487,14.5,saved
https://www.flocksafety.com/blog/from-the-road-to-resolution-vehicle-data-powers-safer-outcomes,blog/from-the-road-to-resolution-vehicle-data-powers-safer-outcomes.html,0,4701097,13.6,saved
https://www.flocksafety.com/blog/fulshear-texas-detective-solve-crime,blog/fulshear-texas-detective-solve-crime.html,0,4499264,15.2,saved
https://www.flocksafety.com/blog/future-proof-technology-how-flock-safety-continues-to-evolve-with-public-safety,blog/future-proof-technology-how-flock-safety-continues-to-evolve-with-public-safety.html,0,4181303,14.7,saved
https://www.flocksafety.com/blog/georgia-hospital-cuts-theft-55-percent,blog/georgia-hospital-cuts-theft-55-percent.html,0,4217959,16.8,saved
https://www.flocksafety.com/blog/georgia-neighborhood-hands-georgia-neighborhood-hands-car-burglary-evidence-to-police-thanks-to-security-camera-suspect-to-police-thanks-to-security-camera,blog/georgia-neighborhood-hands-georgia-neighborhood-hands-car-burglary-evidence-to-police-thanks-to-security-camera-suspect-to-police-thanks-to-security-camera.html,0,4331613,17.1,saved
https://www.flocksafety.com/blog/getac-and-flock-safety-join-forces-to-enhance-public-safety-solutions-for-law-enforcement,blog/getac-and-flock-safety-join-forces-to-enhance-public-safety-solutions-for-law-enforcement.html,0,4172342,15.6,saved
https://www.flocksafety.com/blog/gun-violence-us-look-like,blog/gun-violence-us-look-like.html,0,4338993,15.6,saved
https://www.flocksafety.com/blog/gunshot-detection-and-license-plate-reader-security-alert,blog/gunshot-detection-and-license-plate-reader-security-alert.html,0,4310786,15.9,saved
https://www.flocksafety.com/blog/gwinnett-and-gateway85cid-install-safety-cameras,blog/gwinnett-and-gateway85cid-install-safety-cameras.html,0,4172009,15.5,saved
https://www.flocksafety.com/blog/gwinnett-county-pd-partners-with-local-business-districts-to-improve-safety-for-everyone,blog/gwinnett-county-pd-partners-with-local-business-districts-to-improve-safety-for-everyone.html,0,4192637,24.3,saved
https://www.flocksafety.com/blog/halloween-safety-13-tips-to-protect-your-family-and-community,blog/halloween-safety-13-tips-to-protect-your-family-and-community.html,0,5131359,15.3,saved
https://www.flocksafety.com/blog/hands-off-security-solution-for-property-managers,blog/hands-off-security-solution-for-property-managers.html,0,4172313,13.1,saved
https://www.flocksafety.com/blog/has-flock-been-hacked,blog/has-flock-been-hacked.html,0,4315905,16.2,saved
https://www.flocksafety.com/blog/healthcare-security-strategies-part-1-leveraging-advanced-technology-to-reduce-security-efforts-and-errors,blog/healthcare-security-strategies-part-1-leveraging-advanced-technology-to-reduce-security-efforts-and-errors.html,0,4757187,15.4,saved
https://www.flocksafety.com/blog/healthcare-security-strategies-part-2-healthcare-security-strategies-part-2-collecting-pertinent-details-with-layered-security-technology,blog/healthcare-security-strategies-part-2-healthcare-security-strategies-part-2-collecting-pertinent-details-with-layered-security-technology.html,0,4786659,15.3,saved
https://www.flocksafety.com/blog/healthcare-security-strategies-part-3-use-technology-to-create-overwatch,blog/healthcare-security-strategies-part-3-use-technology-to-create-overwatch.html,0,4785136,17.6,saved
https://www.flocksafety.com/blog/healthcare-security-strategies-part-4-better-protect-your-healthcare-campus-with-multiple-layers-of-technology,blog/healthcare-security-strategies-part-4-better-protect-your-healthcare-campus-with-multiple-layers-of-technology.html,0,4831035,15.4,saved
https://www.flocksafety.com/blog/healthcare-security-strategies-part-5-prevent-attacks-of-violence-against-your-staff-with-a-virtual-security-perimeter,blog/healthcare-security-strategies-part-5-prevent-attacks-of-violence-against-your-staff-with-a-virtual-security-perimeter.html,0,4768157,15.7,saved
https://www.flocksafety.com/blog/healthcare-security-strategies-part-6-implement-a-proactive-off-hours-security-plan,blog/healthcare-security-strategies-part-6-implement-a-proactive-off-hours-security-plan.html,0,4547083,14.6,saved
https://www.flocksafety.com/blog/healthcare-security-strategies-part-7-safeguard-every-entrance-with-comprehensive-coverage,blog/healthcare-security-strategies-part-7-safeguard-every-entrance-with-comprehensive-coverage.html,0,4715587,15.3,saved
https://www.flocksafety.com/blog/helping-prevent-crime-with-flock-safetyprevent-crime-with-flock-license-plate-reader-cameras,blog/helping-prevent-crime-with-flock-safetyprevent-crime-with-flock-license-plate-reader-cameras.html,0,4350128,14.8,saved
https://www.flocksafety.com/blog/heres-the-data-police-actually-get-from-traditional,blog/heres-the-data-police-actually-get-from-traditional.html,0,4178138,13.5,saved
https://www.flocksafety.com/blog/hoa-board-member-neighborhood-safety,blog/hoa-board-member-neighborhood-safety.html,0,4239737,15.4,saved
https://www.flocksafety.com/blog/hoa-board-members-dont-buy-security-cameras-without-reading-this-first,blog/hoa-board-members-dont-buy-security-cameras-without-reading-this-first.html,0,4305595,15.4,saved
https://www.flocksafety.com/blog/hoa-security-license-plate-reader-cameras-reduce-crime,blog/hoa-security-license-plate-reader-cameras-reduce-crime.html,0,5473238,13.6,saved
https://www.flocksafety.com/blog/hoa-security-tips,blog/hoa-security-tips.html,0,4620598,16.9,saved
https://www.flocksafety.com/blog/homeowners-associations-are-investing-in-security-cameras-to-monitor-residential-streets,blog/homeowners-associations-are-investing-in-security-cameras-to-monitor-residential-streets.html,0,1843257,11.3,saved
https://www.flocksafety.com/blog/hope-rebuilt-flock-safety-aids-in-bombing-at-healthcare-clinic,blog/hope-rebuilt-flock-safety-aids-in-bombing-at-healthcare-clinic.html,0,4453896,14.9,saved
https://www.flocksafety.com/blog/hospital-campuses-safety,blog/hospital-campuses-safety.html,0,4402102,14.5,saved
https://www.flocksafety.com/blog/how-a-south-carolina-neighborhood-used-flock-safety-to-catch-a-vandal,blog/how-a-south-carolina-neighborhood-used-flock-safety-to-catch-a-vandal.html,0,4392086,14.9,saved
https://www.flocksafety.com/blog/how-ai-video-search-helps-healthcare-security,blog/how-ai-video-search-helps-healthcare-security.html,0,4575065,20.6,saved
https://www.flocksafety.com/blog/how-ai-video-search-helps-law-enforcement,blog/how-ai-video-search-helps-law-enforcement.html,0,4565654,22.4,saved
https://www.flocksafety.com/blog/how-an-automatic-license-plate-recognition-system-works,blog/how-an-automatic-license-plate-recognition-system-works.html,0,4286630,13.9,saved
https://www.flocksafety.com/blog/how-an-hoa-lpr-camera-helped-identify-a-suspect-in-a-deadly-shooting-spree,blog/how-an-hoa-lpr-camera-helped-identify-a-suspect-in-a-deadly-shooting-spree.html,0,4736835,14.9,saved
https://www.flocksafety.com/blog/how-california-neighborhood-caught-footage-of-drive-by-shooting-suspect-1,blog/how-california-neighborhood-caught-footage-of-drive-by-shooting-suspect-1.html,0,4391382,14.3,saved
https://www.flocksafety.com/blog/how-can-smarter-technology-help-restore-safety-and-trust-as-the-retail-crime-crisis-deepens,blog/how-can-smarter-technology-help-restore-safety-and-trust-as-the-retail-crime-crisis-deepens.html,0,4395076,14.1,saved
https://www.flocksafety.com/blog/how-can-your-business-deter-crime-with-technology,blog/how-can-your-business-deter-crime-with-technology.html,0,4692516,24.1,saved
https://www.flocksafety.com/blog/how-communities-can-extend-public-safety-visibility-during-summer,blog/how-communities-can-extend-public-safety-visibility-during-summer.html,0,4707628,13.6,saved
https://www.flocksafety.com/blog/how-community-and-technology-are-shaping-a-safer-future-in-dunwoody-georgia,blog/how-community-and-technology-are-shaping-a-safer-future-in-dunwoody-georgia.html,0,4292422,16.2,saved
https://www.flocksafety.com/blog/how-deputy-chief-dan-kelsos-team-harnesses-lpr-and-audio-detection-for-swift-crime-resolution,blog/how-deputy-chief-dan-kelsos-team-harnesses-lpr-and-audio-detection-for-swift-crime-resolution.html,0,2220608,11.4,saved
https://www.flocksafety.com/blog/how-do-experts-suggest-reducing-gun-violence,blog/how-do-experts-suggest-reducing-gun-violence.html,0,4313556,14.6,saved
https://www.flocksafety.com/blog/how-does-flock-handle-license-plate-data-deletion,blog/how-does-flock-handle-license-plate-data-deletion.html,0,5316683,13.6,saved
https://www.flocksafety.com/blog/how-does-policy-evaluation-shape-new-flock-products,blog/how-does-policy-evaluation-shape-new-flock-products.html,0,9704350,16.0,saved
https://www.flocksafety.com/blog/how-does-shared-safety-data-make-neighborhoods-stronger-safer-and-more-connected,blog/how-does-shared-safety-data-make-neighborhoods-stronger-safer-and-more-connected.html,0,4233526,15.2,saved
https://www.flocksafety.com/blog/how-effective-is-flock,blog/how-effective-is-flock.html,0,5180560,15.6,saved
https://www.flocksafety.com/blog/how-flock-aerodome-is-reinventing-public-safety-from-the-sky,blog/how-flock-aerodome-is-reinventing-public-safety-from-the-sky.html,0,4350849,20.9,saved
https://www.flocksafety.com/blog/how-flock-builds-transparency-into-public-safety-technology,blog/how-flock-builds-transparency-into-public-safety-technology.html,0,4346883,14.1,saved
https://www.flocksafety.com/blog/how-flock-helps-address-a-violent-retail-crime-incident,blog/how-flock-helps-address-a-violent-retail-crime-incident.html,0,4217371,23.3,saved
https://www.flocksafety.com/blog/how-flock-safety-is-helping-this-neighborhood-prevent-car-break-ins,blog/how-flock-safety-is-helping-this-neighborhood-prevent-car-break-ins.html,0,4384211,14.3,saved
https://www.flocksafety.com/blog/how-flock-safety-is-strengthening-trust-through-transparency-in-illinois,blog/how-flock-safety-is-strengthening-trust-through-transparency-in-illinois.html,0,4660988,14.3,saved
https://www.flocksafety.com/blog/how-flock-safety-license-plate-readers-helped-police-solve-an-aggravated-assault-case,blog/how-flock-safety-license-plate-readers-helped-police-solve-an-aggravated-assault-case.html,0,4248382,22.7,saved
https://www.flocksafety.com/blog/how-flock-safety-license-plate-readers-keep-parks-safe,blog/how-flock-safety-license-plate-readers-keep-parks-safe.html,0,4197565,13.3,saved
https://www.flocksafety.com/blog/how-flock-safety-protects-resident-privacy,blog/how-flock-safety-protects-resident-privacy.html,0,4277109,15.4,saved
https://www.flocksafety.com/blog/how-flock-safety-stops-crime-in-communities,blog/how-flock-safety-stops-crime-in-communities.html,0,4234111,14.1,saved
https://www.flocksafety.com/blog/how-flock-safetys-video-team-is-shaping-the-future-of-public-safety,blog/how-flock-safetys-video-team-is-shaping-the-future-of-public-safety.html,0,5113464,13.6,saved
https://www.flocksafety.com/blog/how-flocks-audio-detection-works,blog/how-flocks-audio-detection-works.html,0,5205057,14.2,saved
https://www.flocksafety.com/blog/how-integrated-policing-platforms-crack-unsolvable-cases,blog/how-integrated-policing-platforms-crack-unsolvable-cases.html,0,4383613,15.7,saved
https://www.flocksafety.com/blog/how-lavon-pd-maintains-high-performance-despite-staffing-challenges,blog/how-lavon-pd-maintains-high-performance-despite-staffing-challenges.html,0,5269869,15.3,saved
https://www.flocksafety.com/blog/how-law-enforcement-agencies-are-funding-modern-technology--without-breaking-the-budget,blog/how-law-enforcement-agencies-are-funding-modern-technology--without-breaking-the-budget.html,0,4342689,14.5,saved
https://www.flocksafety.com/blog/how-licking-heights-local-school-district-levels-up-security-with-flock-safety-falcon-lpr-cameras,blog/how-licking-heights-local-school-district-levels-up-security-with-flock-safety-falcon-lpr-cameras.html,0,4174573,21.1,saved
https://www.flocksafety.com/blog/how-ncmec-and-flock-safety-bring-missing-children-home,blog/how-ncmec-and-flock-safety-bring-missing-children-home.html,0,4182816,22.1,saved
https://www.flocksafety.com/blog/how-one-california-community-came-together-to-advocate-for-a-safer-future,blog/how-one-california-community-came-together-to-advocate-for-a-safer-future.html,0,4218544,14.6,saved
https://www.flocksafety.com/blog/how-one-police-department-built-community-engagement-around-license-plate-readers,blog/how-one-police-department-built-community-engagement-around-license-plate-readers.html,0,4393766,14.9,saved
https://www.flocksafety.com/blog/how-police-work-with-private-communities-to-serve-public,blog/how-police-work-with-private-communities-to-serve-public.html,0,4308114,13.9,saved
https://www.flocksafety.com/blog/how-porterville-pd-transformed-digital-investigations-with-flock-nova-osint,blog/how-porterville-pd-transformed-digital-investigations-with-flock-nova-osint.html,0,4480352,15.6,saved
https://www.flocksafety.com/blog/how-property-managers-can-demonstrate-their-value-to-residents,blog/how-property-managers-can-demonstrate-their-value-to-residents.html,0,4178415,16.7,saved
https://www.flocksafety.com/blog/how-residents-appreciate-hoas-that-work-proactively,blog/how-residents-appreciate-hoas-that-work-proactively.html,0,4226405,17.0,saved
https://www.flocksafety.com/blog/how-san-jose-california-is-utilizing-technology-to-solve-more-crime-and-shape-a-safer-community,blog/how-san-jose-california-is-utilizing-technology-to-solve-more-crime-and-shape-a-safer-community.html,0,4206741,13.4,saved
https://www.flocksafety.com/blog/how-scottsdale-pd-is-redefining-response-dfr-transparency-and-tech-in-action,blog/how-scottsdale-pd-is-redefining-response-dfr-transparency-and-tech-in-action.html,0,4203541,22.9,saved
https://www.flocksafety.com/blog/how-tariffs-may-impact-supply-chains-security,blog/how-tariffs-may-impact-supply-chains-security.html,0,11456359,13.6,saved
https://www.flocksafety.com/blog/how-the-city-of-brookhaven-is-leveraging-a-suite-of-technology-to-promote-community-safety,blog/how-the-city-of-brookhaven-is-leveraging-a-suite-of-technology-to-promote-community-safety.html,0,4343722,23.2,saved
https://www.flocksafety.com/blog/how-the-fort-worth-police-department-is-continually-innovating-real-time-policing,blog/how-the-fort-worth-police-department-is-continually-innovating-real-time-policing.html,0,4376431,14.0,saved
https://www.flocksafety.com/blog/how-the-safe-list-solves-privacy-concerns-in-a-neighborhood,blog/how-the-safe-list-solves-privacy-concerns-in-a-neighborhood.html,0,4222761,14.0,saved
https://www.flocksafety.com/blog/how-the-university-of-iowa-transformed-campus-safety-with-an-lpr-perimeter,blog/how-the-university-of-iowa-transformed-campus-safety-with-an-lpr-perimeter.html,0,4522685,13.3,saved
https://www.flocksafety.com/blog/how-this-property-manager-sleeps-better-with-neighborhood-security-cameras,blog/how-this-property-manager-sleeps-better-with-neighborhood-security-cameras.html,0,4786069,14.2,saved
https://www.flocksafety.com/blog/how-to-be-proactive-against-crime,blog/how-to-be-proactive-against-crime.html,0,4317265,14.3,saved
https://www.flocksafety.com/blog/how-to-break-the-cycle-of-recurring-safety-concerns-and-property-damage-at-your-parks,blog/how-to-break-the-cycle-of-recurring-safety-concerns-and-property-damage-at-your-parks.html,0,4933609,13.7,saved
https://www.flocksafety.com/blog/how-to-build-a-dfr-program-for-smaller-agencies,blog/how-to-build-a-dfr-program-for-smaller-agencies.html,0,4197381,13.9,saved
https://www.flocksafety.com/blog/how-to-choose-a-mobile-security-trailer,blog/how-to-choose-a-mobile-security-trailer.html,0,4570811,14.6,saved
https://www.flocksafety.com/blog/how-to-fund-a-license-plate-reader-lpr-program-in-2026-7-funding-sources-police-agencies-are-using,blog/how-to-fund-a-license-plate-reader-lpr-program-in-2026-7-funding-sources-police-agencies-are-using.html,0,4467948,13.9,saved
https://www.flocksafety.com/blog/how-to-get-ahead-of-retail-crime-this-holiday-season-with-a-stronger-law-enforcement-partnership,blog/how-to-get-ahead-of-retail-crime-this-holiday-season-with-a-stronger-law-enforcement-partnership.html,0,4236669,14.2,saved
https://www.flocksafety.com/blog/how-to-handle-a-robbery-in-the-workplace,blog/how-to-handle-a-robbery-in-the-workplace.html,0,4335114,14.6,saved
https://www.flocksafety.com/blog/how-to-implement-a-3-step-approach-to-safer-neighborhoods,blog/how-to-implement-a-3-step-approach-to-safer-neighborhoods.html,0,4654644,13.7,saved
https://www.flocksafety.com/blog/how-to-improve-retail-security-with-mobile-solutions,blog/how-to-improve-retail-security-with-mobile-solutions.html,0,4522354,14.6,saved
https://www.flocksafety.com/blog/how-to-maintain-customer-safety-in-retail-stores,blog/how-to-maintain-customer-safety-in-retail-stores.html,0,4646762,14.0,saved
https://www.flocksafety.com/blog/how-to-mitigate-organized-retail-crime,blog/how-to-mitigate-organized-retail-crime.html,0,4191310,14.3,saved
https://www.flocksafety.com/blog/how-to-prevent-employee-theft-in-retail,blog/how-to-prevent-employee-theft-in-retail.html,0,4462898,14.3,saved
https://www.flocksafety.com/blog/how-to-prevent-shoplifting-in-supermarkets,blog/how-to-prevent-shoplifting-in-supermarkets.html,0,4380555,14.0,saved
https://www.flocksafety.com/blog/how-to-prevent-shrinkage-in-retail,blog/how-to-prevent-shrinkage-in-retail.html,0,4431097,14.3,saved
https://www.flocksafety.com/blog/how-to-prevent-theft-in-retail-store,blog/how-to-prevent-theft-in-retail-store.html,0,4447932,14.0,saved
https://www.flocksafety.com/blog/how-to-solve-crime-without-a-license-plate,blog/how-to-solve-crime-without-a-license-plate.html,0,4513380,14.0,saved
https://www.flocksafety.com/blog/how-to-use-technology-to-maximize-an-understaffed-department,blog/how-to-use-technology-to-maximize-an-understaffed-department.html,0,4319583,21.8,saved
https://www.flocksafety.com/blog/how-vehicle-intelligence-helped-recover-a-kidnapped-child,blog/how-vehicle-intelligence-helped-recover-a-kidnapped-child.html,0,4363350,13.8,saved
https://www.flocksafety.com/blog/how-wynter-lii-turned-setbacks-into-growth-with-the-support-of-the-thriving-cities-fund,blog/how-wynter-lii-turned-setbacks-into-growth-with-the-support-of-the-thriving-cities-fund.html,0,4205676,21.5,saved
https://www.flocksafety.com/blog/illegal-dumping-costs-more-than-you-think,blog/illegal-dumping-costs-more-than-you-think.html,0,4750950,13.7,saved
https://www.flocksafety.com/blog/illegal-dumping-flock-safetys-solutions-for-businesses,blog/illegal-dumping-flock-safetys-solutions-for-businesses.html,0,4806194,13.8,saved
https://www.flocksafety.com/blog/im-an-individual-homeowner-and-i-want-security-coverage,blog/im-an-individual-homeowner-and-i-want-security-coverage.html,0,4274029,13.8,saved
https://www.flocksafety.com/blog/improvement-district-success-story,blog/improvement-district-success-story.html,0,4178141,13.5,saved
https://www.flocksafety.com/blog/independent-grand-jury-report-highlights-flocks-commitment-to-responsible-alpr-technology-through-product-design-and-safeguards,blog/independent-grand-jury-report-highlights-flocks-commitment-to-responsible-alpr-technology-through-product-design-and-safeguards.html,0,4406576,14.1,saved
https://www.flocksafety.com/blog/independent-study-vehicle-thefts-fell-11-after-flock-cameras-went-live,blog/independent-study-vehicle-thefts-fell-11-after-flock-cameras-went-live.html,0,4645802,14.1,saved
https://www.flocksafety.com/blog/infographic-fighting-orc-with-flock-safety,blog/infographic-fighting-orc-with-flock-safety.html,0,4566481,13.8,saved
https://www.flocksafety.com/blog/inside-fairfield-pds-real-time-crime-strategy-with-lt-nick-lt-mcdowell,blog/inside-fairfield-pds-real-time-crime-strategy-with-lt-nick-lt-mcdowell.html,0,4348801,22.1,saved
https://www.flocksafety.com/blog/inside-flocks-boston-office,blog/inside-flocks-boston-office.html,0,5376777,13.5,saved
https://www.flocksafety.com/blog/inside-flocks-top-gun-program,blog/inside-flocks-top-gun-program.html,0,4417791,14.5,saved
https://www.flocksafety.com/blog/inside-new-orleans-real-time-crime-center-a-model-of-resilience-innovation-and-public-safety,blog/inside-new-orleans-real-time-crime-center-a-model-of-resilience-innovation-and-public-safety.html,0,4482244,14.3,saved
https://www.flocksafety.com/blog/inside-scottsdales-real-time-crime-center-a-model-of-modern-policing,blog/inside-scottsdales-real-time-crime-center-a-model-of-modern-policing.html,0,4170383,23.1,saved
https://www.flocksafety.com/blog/installing-a-flock-safety-camera,blog/installing-a-flock-safety-camera.html,0,4177479,14.4,saved
https://www.flocksafety.com/blog/internal-theft-vs-external-theft-in-retail,blog/internal-theft-vs-external-theft-in-retail.html,0,4593531,14.6,saved
https://www.flocksafety.com/blog/intown-suites-boosted-guest-safety-expansion-followed-flock-safety,blog/intown-suites-boosted-guest-safety-expansion-followed-flock-safety.html,0,4367497,14.4,saved
https://www.flocksafety.com/blog/introducing-birds-of-a-feather-casey-flock-safety,blog/introducing-birds-of-a-feather-casey-flock-safety.html,0,4245457,14.8,saved
https://www.flocksafety.com/blog/introducing-law-enforcement-network,blog/introducing-law-enforcement-network.html,0,4303390,14.5,saved
https://www.flocksafety.com/blog/introducing-the-flock-safety-lpr-trailer,blog/introducing-the-flock-safety-lpr-trailer.html,0,4676763,14.7,saved
https://www.flocksafety.com/blog/irondale-police-using-new-technology-to-fight-property-crime,blog/irondale-police-using-new-technology-to-fight-property-crime.html,0,4179286,14.8,saved
https://www.flocksafety.com/blog/is-your-unit-safe-11-apartment-safety-tips-for-renters,blog/is-your-unit-safe-11-apartment-safety-tips-for-renters.html,0,4236612,14.5,saved
https://www.flocksafety.com/blog/jon-mcbride-joins-flock-safety,blog/jon-mcbride-joins-flock-safety.html,0,4944331,13.0,saved
https://www.flocksafety.com/blog/keep-gifts-safe-from-porch-pirates-holiday-season,blog/keep-gifts-safe-from-porch-pirates-holiday-season.html,0,4491792,14.2,saved
https://www.flocksafety.com/blog/keeping-our-customers-in-control,blog/keeping-our-customers-in-control.html,0,4703166,14.5,saved
https://www.flocksafety.com/blog/keys-to-leverage-your-community-to-solve-crime,blog/keys-to-leverage-your-community-to-solve-crime.html,0,4192821,14.1,saved
https://www.flocksafety.com/blog/knowing-where-to-look-officers-use-smart-signals-to-make-cities-safer,blog/knowing-where-to-look-officers-use-smart-signals-to-make-cities-safer.html,0,4379672,14.0,saved
https://www.flocksafety.com/blog/lagrange-to-add-cameras-for-neighborhood-security,blog/lagrange-to-add-cameras-for-neighborhood-security.html,0,4336059,14.2,saved
https://www.flocksafety.com/blog/law-enforcement-drone-policy,blog/law-enforcement-drone-policy.html,0,5525862,14.3,saved
https://www.flocksafety.com/blog/law-enforcement-drones,blog/law-enforcement-drones.html,0,4405592,12.8,saved
https://www.flocksafety.com/blog/law-enforcement-leaders-choose-lpr,blog/law-enforcement-leaders-choose-lpr.html,0,4179067,22.4,saved
https://www.flocksafety.com/blog/law-enforcement-uses-flock-lpr-cameras-to-make-arrest-after-bomb-threat-targeting-coachella-festival,blog/law-enforcement-uses-flock-lpr-cameras-to-make-arrest-after-bomb-threat-targeting-coachella-festival.html,0,4459939,13.6,saved
https://www.flocksafety.com/blog/layering-technology-for-comprehensive-healthcare-security,blog/layering-technology-for-comprehensive-healthcare-security.html,0,4448532,13.8,saved
https://www.flocksafety.com/blog/lessons-from-flocks-leadership-panel,blog/lessons-from-flocks-leadership-panel.html,0,4626382,13.8,saved
https://www.flocksafety.com/blog/lessons-from-isc-west-responsible-technology-and-the-rise-of-dfr,blog/lessons-from-isc-west-responsible-technology-and-the-rise-of-dfr.html,0,4844300,13.5,saved
https://www.flocksafety.com/blog/lessons-from-nrtccas-california-summit,blog/lessons-from-nrtccas-california-summit.html,0,5133324,14.3,saved
https://www.flocksafety.com/blog/leveraging-advanced-technologies-to-proactively-prevent,blog/leveraging-advanced-technologies-to-proactively-prevent.html,0,4406644,14.3,saved
https://www.flocksafety.com/blog/leveraging-ai-powered-technology-to-keep-employees-safe,blog/leveraging-ai-powered-technology-to-keep-employees-safe.html,0,4416634,14.0,saved
https://www.flocksafety.com/blog/leveraging-flock-safety-technology-as-force-multiplier-in-field,blog/leveraging-flock-safety-technology-as-force-multiplier-in-field.html,0,4413178,12.8,saved
https://www.flocksafety.com/blog/leveraging-technology-to-strengthen-inter-agency-collaboration-and-address-crime-in-albany,blog/leveraging-technology-to-strengthen-inter-agency-collaboration-and-address-crime-in-albany.html,0,4338702,14.0,saved
https://www.flocksafety.com/blog/license-plate-reader-camera-improvement-districts,blog/license-plate-reader-camera-improvement-districts.html,0,4721840,14.1,saved
https://www.flocksafety.com/blog/license-plate-reader-camera-retail-crime,blog/license-plate-reader-camera-retail-crime.html,0,4398325,15.5,saved
https://www.flocksafety.com/blog/license-plate-reader-camera-school-safety,blog/license-plate-reader-camera-school-safety.html,0,4570999,13.7,saved
https://www.flocksafety.com/blog/license-plate-reader-cameras-construction-crime,blog/license-plate-reader-cameras-construction-crime.html,0,4532708,13.1,saved
https://www.flocksafety.com/blog/license-plate-reader-deployment-strategy,blog/license-plate-reader-deployment-strategy.html,0,4441281,13.8,saved
https://www.flocksafety.com/blog/license-plate-reader-improvement-districts,blog/license-plate-reader-improvement-districts.html,0,5310319,14.0,saved
https://www.flocksafety.com/blog/license-plate-readers-contribute-mariettas-falling-crime-rate,blog/license-plate-readers-contribute-mariettas-falling-crime-rate.html,0,4158127,14.0,saved
https://www.flocksafety.com/blog/license-plate-readers-in-fort-mill-neighborhood-installed-to-deter-crime,blog/license-plate-readers-in-fort-mill-neighborhood-installed-to-deter-crime.html,0,4176095,13.7,saved
https://www.flocksafety.com/blog/license-plate-recognition-cameras-to-be-placed-in-jersey-village,blog/license-plate-recognition-cameras-to-be-placed-in-jersey-village.html,0,4171134,13.8,saved
https://www.flocksafety.com/blog/local-neighborhoods-deploying-new-technology-to-catch-criminals,blog/local-neighborhoods-deploying-new-technology-to-catch-criminals.html,0,4222607,14.0,saved
https://www.flocksafety.com/blog/local-neighborhoods-hoping-to-help-solve-crime-with-license-plate-reading-cameras,blog/local-neighborhoods-hoping-to-help-solve-crime-with-license-plate-reading-cameras.html,0,4185340,13.8,saved
https://www.flocksafety.com/blog/loss-prevention-strategies-in-retail,blog/loss-prevention-strategies-in-retail.html,0,4461042,14.0,saved
https://www.flocksafety.com/blog/loss-prevention-technology,blog/loss-prevention-technology.html,0,4575580,13.5,saved
https://www.flocksafety.com/blog/lpr-alert-management,blog/lpr-alert-management.html,0,4468616,14.0,saved
https://www.flocksafety.com/blog/lpr-camera-4-cases-solved,blog/lpr-camera-4-cases-solved.html,0,4430828,13.5,saved
https://www.flocksafety.com/blog/lpr-camera-catalytic-converter,blog/lpr-camera-catalytic-converter.html,0,4430990,14.3,saved
https://www.flocksafety.com/blog/lpr-camera-deconfliction,blog/lpr-camera-deconfliction.html,0,4508692,14.0,saved
https://www.flocksafety.com/blog/lpr-camera-rtcc-affordable,blog/lpr-camera-rtcc-affordable.html,0,4541090,12.8,saved
https://www.flocksafety.com/blog/lpr-camera-rtcc-internal-intelligence-sharing,blog/lpr-camera-rtcc-internal-intelligence-sharing.html,0,4437474,13.8,saved
https://www.flocksafety.com/blog/lpr-cameras-construction-site-theft,blog/lpr-cameras-construction-site-theft.html,0,4351348,13.8,saved
https://www.flocksafety.com/blog/lpr-cameras-for-law-enforcement,blog/lpr-cameras-for-law-enforcement.html,0,4484221,13.0,saved
https://www.flocksafety.com/blog/lpr-for-police-provides-community-wide-coverage-flock-safety-falcon,blog/lpr-for-police-provides-community-wide-coverage-flock-safety-falcon.html,0,4229645,13.0,saved
https://www.flocksafety.com/blog/lpr-vs-video-cameras-why-your-business-needs-dedicated-license-plate-recognition,blog/lpr-vs-video-cameras-why-your-business-needs-dedicated-license-plate-recognition.html,0,4449583,14.0,saved
https://www.flocksafety.com/blog/mail-theft-deterred-indianapolis,blog/mail-theft-deterred-indianapolis.html,0,4353587,12.8,saved
https://www.flocksafety.com/blog/marietta-assault-suspect-caught-by-license-plate-reader,blog/marietta-assault-suspect-caught-by-license-plate-reader.html,0,4166892,13.8,saved
https://www.flocksafety.com/blog/marietta-police-credit-license-plate-reader-for-arrest-of-alleged-domestic-offender,blog/marietta-police-credit-license-plate-reader-for-arrest-of-alleged-domestic-offender.html,0,4162174,13.5,saved
https://www.flocksafety.com/blog/marietta-wants-to-buy-license-plate-readers-after-successful-trial-run,blog/marietta-wants-to-buy-license-plate-readers-after-successful-trial-run.html,0,4346971,14.1,saved
https://www.flocksafety.com/blog/meet-the-flock-ashley-marie-r,blog/meet-the-flock-ashley-marie-r.html,0,4313859,14.0,saved
https://www.flocksafety.com/blog/meet-the-flock-ashley-s-customer-success-manager,blog/meet-the-flock-ashley-s-customer-success-manager.html,0,4387854,13.0,saved
https://www.flocksafety.com/blog/meet-the-flock-darien-w,blog/meet-the-flock-darien-w.html,0,4316604,13.8,saved
https://www.flocksafety.com/blog/meet-the-flock-esther-r,blog/meet-the-flock-esther-r.html,0,4327088,13.9,saved
https://www.flocksafety.com/blog/meet-the-flock-ifedayo-j,blog/meet-the-flock-ifedayo-j.html,0,4314136,14.4,saved
https://www.flocksafety.com/blog/meet-the-flock-lois-a,blog/meet-the-flock-lois-a.html,0,4582416,14.5,saved
https://www.flocksafety.com/blog/meet-the-flock-mary-h,blog/meet-the-flock-mary-h.html,0,4309261,13.8,saved
https://www.flocksafety.com/blog/meet-the-flock-megan-p,blog/meet-the-flock-megan-p.html,0,4336564,14.0,saved
https://www.flocksafety.com/blog/meet-the-flock-stephen-j,blog/meet-the-flock-stephen-j.html,0,4315628,12.8,saved
https://www.flocksafety.com/blog/meet-the-flock-taylor-t-employee-experience-specialist,blog/meet-the-flock-taylor-t-employee-experience-specialist.html,0,4311487,14.0,saved
https://www.flocksafety.com/blog/meet-the-flock-tim-s,blog/meet-the-flock-tim-s.html,0,4317640,13.8,saved
https://www.flocksafety.com/blog/meet-the-new-neighborhood-watch,blog/meet-the-new-neighborhood-watch.html,0,4251286,14.0,saved
https://www.flocksafety.com/blog/meet-the-new-neighborhood-watch-1,blog/meet-the-new-neighborhood-watch-1.html,0,4330004,14.3,saved
https://www.flocksafety.com/blog/megan-adcock-birds-of-a-feather,blog/megan-adcock-birds-of-a-feather.html,0,4181918,14.1,saved
https://www.flocksafety.com/blog/memphis-city-government-safety,blog/memphis-city-government-safety.html,0,4174302,21.8,saved
https://www.flocksafety.com/blog/metro-atlanta-hotel-installs-license-plate-readers,blog/metro-atlanta-hotel-installs-license-plate-readers.html,0,4215576,14.0,saved
https://www.flocksafety.com/blog/mobile-security-camera-trailer-benefits,blog/mobile-security-camera-trailer-benefits.html,0,4266732,14.1,saved
https://www.flocksafety.com/blog/mobile-security-trailer-cost-to-lease-vs-buy,blog/mobile-security-trailer-cost-to-lease-vs-buy.html,0,4480625,14.6,saved
https://www.flocksafety.com/blog/mobile-security-trailer-for-law-enforcement,blog/mobile-security-trailer-for-law-enforcement.html,0,4414832,12.9,saved
https://www.flocksafety.com/blog/mobile-security-trailers-for-parking-lots,blog/mobile-security-trailers-for-parking-lots.html,0,4361769,15.3,saved
https://www.flocksafety.com/blog/modern-safety-solutions-for-places-of-worship,blog/modern-safety-solutions-for-places-of-worship.html,0,4210627,15.1,saved
https://www.flocksafety.com/blog/more-license-plate-reading-cameras-coming-to-marietta,blog/more-license-plate-reading-cameras-coming-to-marietta.html,0,4161809,14.4,saved
https://www.flocksafety.com/blog/morgan-hill-pd-solves-aggravated-assault,blog/morgan-hill-pd-solves-aggravated-assault.html,0,4418455,13.5,saved
https://www.flocksafety.com/blog/most-common-type-of-workplace-violence,blog/most-common-type-of-workplace-violence.html,0,4448808,14.5,saved
https://www.flocksafety.com/blog/mpd-announces-new-smile-program,blog/mpd-announces-new-smile-program.html,0,4346470,14.6,saved
https://www.flocksafety.com/blog/mustang-pd-thwarts-local-business-robbery-using-flock-lpr,blog/mustang-pd-thwarts-local-business-robbery-using-flock-lpr.html,0,4356469,14.9,saved
https://www.flocksafety.com/blog/nashville-community-activists-neighborhood-crime,blog/nashville-community-activists-neighborhood-crime.html,0,4545072,13.8,saved
https://www.flocksafety.com/blog/nationwide-coalition-unites-in-operation-coast-to-coast-to-combat-human-trafficking,blog/nationwide-coalition-unites-in-operation-coast-to-coast-to-combat-human-trafficking.html,0,4216947,14.6,saved
https://www.flocksafety.com/blog/natural-language-video-and-license-plate-reader,blog/natural-language-video-and-license-plate-reader.html,0,4579290,14.4,saved
https://www.flocksafety.com/blog/navigating-californias-new-retail-security-laws-what-retailers-must-know-and-how-to-leverage-these-changes-to-improve-safety,blog/navigating-californias-new-retail-security-laws-what-retailers-must-know-and-how-to-leverage-these-changes-to-improve-safety.html,0,4487835,14.3,saved
https://www.flocksafety.com/blog/ncmec-and-flock-safety-partner-to-find-missing-and-kidnapped-children,blog/ncmec-and-flock-safety-partner-to-find-missing-and-kidnapped-children.html,0,4229264,13.9,saved
https://www.flocksafety.com/blog/neighborhood-crime-houston,blog/neighborhood-crime-houston.html,0,4300085,14.5,saved
https://www.flocksafety.com/blog/neighborhood-fundraising-guide-flock-safety,blog/neighborhood-fundraising-guide-flock-safety.html,0,4510926,14.8,saved
https://www.flocksafety.com/blog/neighborhood-gate-virtual-gate-arizona,blog/neighborhood-gate-virtual-gate-arizona.html,0,4212609,14.3,saved
https://www.flocksafety.com/blog/neighborhood-houston-hoa-president-stops-car-thieves-license-plate-reader,blog/neighborhood-houston-hoa-president-stops-car-thieves-license-plate-reader.html,0,4339319,13.3,saved
https://www.flocksafety.com/blog/neighborhood-keeps-eyes-open,blog/neighborhood-keeps-eyes-open.html,0,4174082,14.4,saved
https://www.flocksafety.com/blog/neighborhood-recovers-stolen-3000-road-bike,blog/neighborhood-recovers-stolen-3000-road-bike.html,0,4378732,12.8,saved
https://www.flocksafety.com/blog/neighborhood-security-flock-safety-success,blog/neighborhood-security-flock-safety-success.html,0,5389398,14.9,saved
https://www.flocksafety.com/blog/neighborhood-security-solution-flock-safety,blog/neighborhood-security-solution-flock-safety.html,0,4625005,14.0,saved
https://www.flocksafety.com/blog/neighborhood-turns-to-cameras-that-read-license-plates-to-solve-crime,blog/neighborhood-turns-to-cameras-that-read-license-plates-to-solve-crime.html,0,4207924,12.5,saved
https://www.flocksafety.com/blog/neighborhood-uses-high-tech-to-fight-crime,blog/neighborhood-uses-high-tech-to-fight-crime.html,0,4184819,13.0,saved
https://www.flocksafety.com/blog/neighborhoods-use-new-tech-to-curb-crime,blog/neighborhoods-use-new-tech-to-curb-crime.html,0,4219546,14.4,saved
https://www.flocksafety.com/blog/neighbors-are-using-these-smart-cameras-to-track-strangers-cars-and-yours,blog/neighbors-are-using-these-smart-cameras-to-track-strangers-cars-and-yours.html,0,4480808,13.7,saved
https://www.flocksafety.com/blog/new-ai-video-analytics-features-24-7-security-coverage-no-extra-staff-needed,blog/new-ai-video-analytics-features-24-7-security-coverage-no-extra-staff-needed.html,0,4473283,14.6,saved
https://www.flocksafety.com/blog/new-security-cameras-aimed-at-catching-criminals-in-collierville,blog/new-security-cameras-aimed-at-catching-criminals-in-collierville.html,0,4240253,13.8,saved
https://www.flocksafety.com/blog/new-type-of-security-camera-could-be-coming-to-neighborhood-near-you,blog/new-type-of-security-camera-could-be-coming-to-neighborhood-near-you.html,0,4171111,13.6,saved
https://www.flocksafety.com/blog/next-gen-policing-takes-flight-in-prosper-texas,blog/next-gen-policing-takes-flight-in-prosper-texas.html,0,4173484,20.6,saved
https://www.flocksafety.com/blog/north-charleston,blog/north-charleston.html,0,4319879,14.1,saved
https://www.flocksafety.com/blog/not-all-license-plate-readers-are-equal-when-plate-data-fails-how-do-investigations-continue,blog/not-all-license-plate-readers-are-equal-when-plate-data-fails-how-do-investigations-continue.html,0,4758531,14.1,saved
https://www.flocksafety.com/blog/notice-of-salesforce-drift-incident,blog/notice-of-salesforce-drift-incident.html,0,4158123,14.3,saved
https://www.flocksafety.com/blog/november-2022-release-notes,blog/november-2022-release-notes.html,0,4345535,14.3,saved
https://www.flocksafety.com/blog/oakland-city-council-votes-to-continue-contract-with-flock,blog/oakland-city-council-votes-to-continue-contract-with-flock.html,0,4374346,22.9,saved
https://www.flocksafety.com/blog/oakland-naacp-endorses-flock-safety-technology,blog/oakland-naacp-endorses-flock-safety-technology.html,0,4347993,14.7,saved
https://www.flocksafety.com/blog/october-2022-release-notes,blog/october-2022-release-notes.html,0,4369691,14.1,saved
https://www.flocksafety.com/blog/offense-type-dropdown-a-simpler-more-accurate-audit,blog/offense-type-dropdown-a-simpler-more-accurate-audit.html,0,4383214,12.6,saved
https://www.flocksafety.com/blog/officers-apprehend-orc-suspects-behind-20-000-in-stolen-items-with-help-from-flock-cameras,blog/officers-apprehend-orc-suspects-behind-20-000-in-stolen-items-with-help-from-flock-cameras.html,0,4228318,14.3,saved
https://www.flocksafety.com/blog/oman-helps-police-catch-thieves-after-spotting-car-from-surveillance-video,blog/oman-helps-police-catch-thieves-after-spotting-car-from-surveillance-video.html,0,4162133,13.8,saved
https://www.flocksafety.com/blog/one-platform-one-picture-one-clear-mission,blog/one-platform-one-picture-one-clear-mission.html,0,4480804,14.0,saved
https://www.flocksafety.com/blog/one-week-three-major-cases-colorado-law-enforcement-solves-two-amber-alerts-homicide-with-flock-safety,blog/one-week-three-major-cases-colorado-law-enforcement-solves-two-amber-alerts-homicide-with-flock-safety.html,0,4313876,13.8,saved
https://www.flocksafety.com/blog/ongoing-retail-theft-suspects-caught-with-help-from-stores-lpr-cameras,blog/ongoing-retail-theft-suspects-caught-with-help-from-stores-lpr-cameras.html,0,4409177,14.3,saved
https://www.flocksafety.com/blog/open-vs-closed-dfr-ecosystem,blog/open-vs-closed-dfr-ecosystem.html,0,4744015,14.0,saved
https://www.flocksafety.com/blog/organized-retail-crime-flock-safetys-solutions-for-businesses,blog/organized-retail-crime-flock-safetys-solutions-for-businesses.html,0,4372585,14.0,saved
https://www.flocksafety.com/blog/os-angeles-burglar-who-used-rental-car-caught-using-flock-safety-camera,blog/os-angeles-burglar-who-used-rental-car-caught-using-flock-safety-camera.html,0,4165654,14.0,saved
https://www.flocksafety.com/blog/oscar-arango-joins-flock-safety-as-vp-of-retail-strategy,blog/oscar-arango-joins-flock-safety-as-vp-of-retail-strategy.html,0,4325763,14.0,saved
https://www.flocksafety.com/blog/over-6m-in-stolen-goods-retrieved-in-porch-pirate-operation-with-help-from-flock-cameras,blog/over-6m-in-stolen-goods-retrieved-in-porch-pirate-operation-with-help-from-flock-cameras.html,0,4184264,13.8,saved
https://www.flocksafety.com/blog/ow-a-flock-protected-neighborhood-helped-police-catch-a-serial-mail-thief,blog/ow-a-flock-protected-neighborhood-helped-police-catch-a-serial-mail-thief.html,0,4248210,13.8,saved
https://www.flocksafety.com/blog/ow-an-evasive-park-burglar-was-caught-using-flock-safety-footage,blog/ow-an-evasive-park-burglar-was-caught-using-flock-safety-footage.html,0,4331856,14.0,saved
https://www.flocksafety.com/blog/parking-lot-break-ins-flock-safetys-solutions-for-businesses,blog/parking-lot-break-ins-flock-safetys-solutions-for-businesses.html,0,4326236,13.3,saved
https://www.flocksafety.com/blog/partnering-with-law-enforcement-to-combat-organized-retail-crime-orc,blog/partnering-with-law-enforcement-to-combat-organized-retail-crime-orc.html,0,4619289,14.0,saved
https://www.flocksafety.com/blog/plate-matching-an-entirely-new-way-for-businesses-to-collaborate-on-investigations,blog/plate-matching-an-entirely-new-way-for-businesses-to-collaborate-on-investigations.html,0,4439454,14.3,saved
https://www.flocksafety.com/blog/police-camera-towers,blog/police-camera-towers.html,0,4451028,13.9,saved
https://www.flocksafety.com/blog/police-drones,blog/police-drones.html,0,4426263,13.3,saved
https://www.flocksafety.com/blog/police-it-leaders-choose-flock,blog/police-it-leaders-choose-flock.html,0,4323768,14.1,saved
https://www.flocksafety.com/blog/police-using-flock-readers-during-social-distancing,blog/police-using-flock-readers-during-social-distancing.html,0,4178338,13.3,saved
https://www.flocksafety.com/blog/policy-pulse-compliance-doesnt-have-to-be-so-hard,blog/policy-pulse-compliance-doesnt-have-to-be-so-hard.html,0,4409147,12.6,saved
https://www.flocksafety.com/blog/policy-pulse-for-real-communities-public-safety-is-not-hypothetical,blog/policy-pulse-for-real-communities-public-safety-is-not-hypothetical.html,0,4580257,21.8,saved
https://www.flocksafety.com/blog/policy-pulse-the-work-already-underway,blog/policy-pulse-the-work-already-underway.html,0,4334147,13.8,saved
https://www.flocksafety.com/blog/policy-pulse-transparency-control-and-the-path-forward,blog/policy-pulse-transparency-control-and-the-path-forward.html,0,4620729,14.6,saved
https://www.flocksafety.com/blog/porch-pirate-caught-by-flock-safety-camera,blog/porch-pirate-caught-by-flock-safety-camera.html,0,4341726,14.9,saved
https://www.flocksafety.com/blog/porch-pirate-suspect-believed-to-have-more-sandy-springs-victims,blog/porch-pirate-suspect-believed-to-have-more-sandy-springs-victims.html,0,4261495,14.1,saved
https://www.flocksafety.com/blog/precision-in-motion-how-flock-helped-solve-crimes-coast-to-coast-solved-stories-107,blog/precision-in-motion-how-flock-helped-solve-crimes-coast-to-coast-solved-stories-107.html,0,4413445,14.3,saved
https://www.flocksafety.com/blog/prevent-mail-theft-identity-theft,blog/prevent-mail-theft-identity-theft.html,0,4362921,14.6,saved
https://www.flocksafety.com/blog/prevent-porch-pirates,blog/prevent-porch-pirates.html,0,4353704,13.9,saved
https://www.flocksafety.com/blog/prevent-property-crime-in-neighborhoods-and-increase-resident-safety,blog/prevent-property-crime-in-neighborhoods-and-increase-resident-safety.html,0,4166874,13.7,saved
https://www.flocksafety.com/blog/preventing-workplace-violence-empowering-healthcare-workers-through-comprehensive-training,blog/preventing-workplace-violence-empowering-healthcare-workers-through-comprehensive-training.html,0,4344625,14.7,saved
https://www.flocksafety.com/blog/privacy-and-access,blog/privacy-and-access.html,0,4360470,14.7,saved
https://www.flocksafety.com/blog/privacy-and-safety-flock-safety-helps-this-california,blog/privacy-and-safety-flock-safety-helps-this-california.html,0,4280130,14.4,saved
https://www.flocksafety.com/blog/proactive-protection-how-alert-response-service-is-closing-the-gap-between-threat-detection-and-response,blog/proactive-protection-how-alert-response-service-is-closing-the-gap-between-threat-detection-and-response.html,0,4361085,13.5,saved
https://www.flocksafety.com/blog/proactive-protection-how-alert-response-service-is-closing-the-gap-between-threat-detection-and-response-2,blog/proactive-protection-how-alert-response-service-is-closing-the-gap-between-threat-detection-and-response-2.html,0,4334938,14.6,saved
https://www.flocksafety.com/blog/proactively-protect-employees-customers-and-property,blog/proactively-protect-employees-customers-and-property.html,0,4331116,14.4,saved
https://www.flocksafety.com/blog/product-announcement-q2-2023,blog/product-announcement-q2-2023.html,0,4526198,14.7,saved
https://www.flocksafety.com/blog/property-managers-beaumont-california,blog/property-managers-beaumont-california.html,0,4470614,13.6,saved
https://www.flocksafety.com/blog/prosper-police-department-is-the-first-agency-in-texas-to-launch-flock-aerodome-drone-as-a-first-responder,blog/prosper-police-department-is-the-first-agency-in-texas-to-launch-flock-aerodome-drone-as-a-first-responder.html,0,4191976,14.6,saved
https://www.flocksafety.com/blog/protect-home-from-robbery,blog/protect-home-from-robbery.html,0,4235930,14.4,saved
https://www.flocksafety.com/blog/protect-hospital-and-healthcare-staff-with-flock-safety,blog/protect-hospital-and-healthcare-staff-with-flock-safety.html,0,4199207,14.7,saved
https://www.flocksafety.com/blog/protect-yourself-from-job-scams-impersonating-flock-safety,blog/protect-yourself-from-job-scams-impersonating-flock-safety.html,0,4161007,13.8,saved
https://www.flocksafety.com/blog/protecting-your-family-doorbell-camera-or-security-system,blog/protecting-your-family-doorbell-camera-or-security-system.html,0,5096928,13.0,saved
https://www.flocksafety.com/blog/providing-evidence-in-a-california-break-in,blog/providing-evidence-in-a-california-break-in.html,0,4304462,14.6,saved
https://www.flocksafety.com/blog/public-safety-drones,blog/public-safety-drones.html,0,4753694,14.6,saved
https://www.flocksafety.com/blog/quick-installation-instant-security-flock-safety-neighborhood-cameras,blog/quick-installation-instant-security-flock-safety-neighborhood-cameras.html,0,4330210,13.8,saved
https://www.flocksafety.com/blog/reading-franklin-in-full-what-the-founding-father-actually-said-about-safety,blog/reading-franklin-in-full-what-the-founding-father-actually-said-about-safety.html,0,11616045,14.5,saved
https://www.flocksafety.com/blog/real-time-leads-real-world-outcomes,blog/real-time-leads-real-world-outcomes.html,0,4266962,14.2,saved
https://www.flocksafety.com/blog/realty-group-eliminates-crime-using-flock-safety,blog/realty-group-eliminates-crime-using-flock-safety.html,0,4377637,14.9,saved
https://www.flocksafety.com/blog/reddit-co-founder-alexis-ohanian-visits-flock-safety,blog/reddit-co-founder-alexis-ohanian-visits-flock-safety.html,0,4422297,14.3,saved
https://www.flocksafety.com/blog/reduce-case-backlogs-and-overtime-with-tech,blog/reduce-case-backlogs-and-overtime-with-tech.html,0,4434206,14.1,saved
https://www.flocksafety.com/blog/residents-use-license-plate-camera-to-ward-off-crime,blog/residents-use-license-plate-camera-to-ward-off-crime.html,0,4348010,16.5,saved
https://www.flocksafety.com/blog/response-to-compiled-security-research-on-flock-safety-devices,blog/response-to-compiled-security-research-on-flock-safety-devices.html,0,4155257,14.0,saved
https://www.flocksafety.com/blog/responsive-by-design-officers-equipped-for-the-moment,blog/responsive-by-design-officers-equipped-for-the-moment.html,0,4282013,14.6,saved
https://www.flocksafety.com/blog/retail-loss-prevention-software,blog/retail-loss-prevention-software.html,0,4388363,13.5,saved
https://www.flocksafety.com/blog/retail-shrinkage-your-number-1-holiday-security-concern,blog/retail-shrinkage-your-number-1-holiday-security-concern.html,0,4194472,14.0,saved
https://www.flocksafety.com/blog/rethinking-infrastructure-protection-for-federally-owned-buildings,blog/rethinking-infrastructure-protection-for-federally-owned-buildings.html,0,4303648,14.4,saved
https://www.flocksafety.com/blog/revolutionizing-law-enforcement-how-drones-as-first-responders-are-transforming-public-safety,blog/revolutionizing-law-enforcement-how-drones-as-first-responders-are-transforming-public-safety.html,0,4214138,13.6,saved
https://www.flocksafety.com/blog/richmond-neighborhood-installs-flock-safety-cameras,blog/richmond-neighborhood-installs-flock-safety-cameras.html,0,4302070,13.6,saved
https://www.flocksafety.com/blog/richmond-neighborhood-plans-license-plate-readers,blog/richmond-neighborhood-plans-license-plate-readers.html,0,4243081,14.3,saved
https://www.flocksafety.com/blog/rko-2025-empowering-teams-to-shape-safer-communities,blog/rko-2025-empowering-teams-to-shape-safer-communities.html,0,9619958,14.6,saved
https://www.flocksafety.com/blog/rko-2026-recap,blog/rko-2026-recap.html,0,4703935,14.3,saved
https://www.flocksafety.com/blog/role-of-ai-mobile-security-trailers,blog/role-of-ai-mobile-security-trailers.html,0,4396827,13.5,saved
https://www.flocksafety.com/blog/rtcc-integrations-for-emergency-response,blog/rtcc-integrations-for-emergency-response.html,0,4452284,12.8,saved
https://www.flocksafety.com/blog/safe-cities-are-thriving-cities-the-interconnectedness-of-crime-safety-and-quality-of-life,blog/safe-cities-are-thriving-cities-the-interconnectedness-of-crime-safety-and-quality-of-life.html,0,4367071,14.7,saved
https://www.flocksafety.com/blog/safety-is-a-fundamental-right,blog/safety-is-a-fundamental-right.html,0,9592599,14.3,saved
https://www.flocksafety.com/blog/san-antonio-neighborhood-using-flock-safety-to-curb-crime,blog/san-antonio-neighborhood-using-flock-safety-to-curb-crime.html,0,4321312,13.8,saved
https://www.flocksafety.com/blog/san-diego-hispanic-chamber-of-commerce-voices-support-for-alpr-program,blog/san-diego-hispanic-chamber-of-commerce-voices-support-for-alpr-program.html,0,4621382,12.2,saved
https://www.flocksafety.com/blog/san-diego-neighborhood-gives-police-first-lead-in-burglary-case-using-flock-safety,blog/san-diego-neighborhood-gives-police-first-lead-in-burglary-case-using-flock-safety.html,0,4199776,12.6,saved
https://www.flocksafety.com/blog/sandy-springs-neighborhood-hands-actionable-evidence-to-police-in-mail-theft-case,blog/sandy-springs-neighborhood-hands-actionable-evidence-to-police-in-mail-theft-case.html,0,4196925,14.2,saved
https://www.flocksafety.com/blog/sandy-springs-police-charge-man-with-mail-theft-identity-fraud,blog/sandy-springs-police-charge-man-with-mail-theft-identity-fraud.html,0,4226249,13.8,saved
https://www.flocksafety.com/blog/sandy-springs-police-have-arrested-a-serial-fraud-suspect-with-help-from-flock-safety,blog/sandy-springs-police-have-arrested-a-serial-fraud-suspect-with-help-from-flock-safety.html,0,4246924,13.7,saved
https://www.flocksafety.com/blog/savannah-police-uses-flock-safety,blog/savannah-police-uses-flock-safety.html,0,4218415,13.7,saved
https://www.flocksafety.com/blog/scaling-success-meet-flocks-new-law-enforcement-sales-leadership,blog/scaling-success-meet-flocks-new-law-enforcement-sales-leadership.html,0,4507293,13.9,saved
https://www.flocksafety.com/blog/school-safety,blog/school-safety.html,0,4367749,14.0,saved
https://www.flocksafety.com/blog/search-safeguards-how-flocks-search-filters-work,blog/search-safeguards-how-flocks-search-filters-work.html,0,4307907,14.0,saved
https://www.flocksafety.com/blog/secure-warehouses-with-help-from-flock-aerodome,blog/secure-warehouses-with-help-from-flock-aerodome.html,0,12507857,14.6,saved
https://www.flocksafety.com/blog/securing-summer-how-mobile-security-trailers-safeguard-soft-targets-and-strengthen-community-wellbeing,blog/securing-summer-how-mobile-security-trailers-safeguard-soft-targets-and-strengthen-community-wellbeing.html,0,4369670,13.8,saved
https://www.flocksafety.com/blog/securing-your-business-entrances-with-license-plate-reader-cameras-and-advanced-technology,blog/securing-your-business-entrances-with-license-plate-reader-cameras-and-advanced-technology.html,0,4363096,14.0,saved
https://www.flocksafety.com/blog/security-camera-system-specifically-for-neighborhoods,blog/security-camera-system-specifically-for-neighborhoods.html,0,4752630,14.0,saved
https://www.flocksafety.com/blog/security-cameras-lead-to-fraud-suspect-arrest-in-sandy-springs,blog/security-cameras-lead-to-fraud-suspect-arrest-in-sandy-springs.html,0,4227279,13.8,saved
https://www.flocksafety.com/blog/security-strategies-from-law-enforcement-investigators-part-1-enhancing-business-security-with-advanced-technology,blog/security-strategies-from-law-enforcement-investigators-part-1-enhancing-business-security-with-advanced-technology.html,0,4356004,13.8,saved
https://www.flocksafety.com/blog/security-strategies-from-law-enforcement-investigators-part-3-connecting-crime-across-multiple-locations-with-license-plate-reader-cameras,blog/security-strategies-from-law-enforcement-investigators-part-3-connecting-crime-across-multiple-locations-with-license-plate-reader-cameras.html,0,4377574,14.0,saved
https://www.flocksafety.com/blog/security-strategies-from-law-enforcement-investigators-part-4-ensuring-equal-security-coverage-across-all-store-locations,blog/security-strategies-from-law-enforcement-investigators-part-4-ensuring-equal-security-coverage-across-all-store-locations.html,0,4412615,14.2,saved
https://www.flocksafety.com/blog/security-strategies-from-law-enforcement-investigators-part-5-creating-a-virtual-security-perimeter-using-license-plate-reader-cameras,blog/security-strategies-from-law-enforcement-investigators-part-5-creating-a-virtual-security-perimeter-using-license-plate-reader-cameras.html,0,4339184,14.5,saved
https://www.flocksafety.com/blog/security-strategies-from-law-enforcement-investigators-part-6-implementing-proactive-off-hours-security-strategies,blog/security-strategies-from-law-enforcement-investigators-part-6-implementing-proactive-off-hours-security-strategies.html,0,4325044,14.5,saved
https://www.flocksafety.com/blog/sensors-and-software-help-small-and-mid-sized-communities-solve-public-safety-challenges,blog/sensors-and-software-help-small-and-mid-sized-communities-solve-public-safety-challenges.html,0,4182588,14.0,saved
https://www.flocksafety.com/blog/september-2022-release-notes,blog/september-2022-release-notes.html,0,4373708,14.3,saved
https://www.flocksafety.com/blog/series-d-fundraise-andreessen-horowitz,blog/series-d-fundraise-andreessen-horowitz.html,0,4406050,14.6,saved
https://www.flocksafety.com/blog/series-e-announcement,blog/series-e-announcement.html,0,4169234,13.1,saved
https://www.flocksafety.com/blog/sf-takes-historic-step-to-solve-crime-with-400-lpr-cameras,blog/sf-takes-historic-step-to-solve-crime-with-400-lpr-cameras.html,0,4277175,21.8,saved
https://www.flocksafety.com/blog/shaping-a-safer-community-in-las-vegas-trail,blog/shaping-a-safer-community-in-las-vegas-trail.html,0,4188102,22.1,saved
https://www.flocksafety.com/blog/shaping-a-safer-future-together-in-hardin-county-kentucky,blog/shaping-a-safer-future-together-in-hardin-county-kentucky.html,0,4192732,22.3,saved
https://www.flocksafety.com/blog/shaping-safer-communities-the-power-of-layered-technology,blog/shaping-safer-communities-the-power-of-layered-technology.html,0,4367437,13.0,saved
https://www.flocksafety.com/blog/shaping-safer-communities-with-our-flock-forward-2024-sponsors,blog/shaping-safer-communities-with-our-flock-forward-2024-sponsors.html,0,4211346,14.3,saved
https://www.flocksafety.com/blog/shelby-county-policing-technology,blog/shelby-county-policing-technology.html,0,4387028,22.3,saved
https://www.flocksafety.com/blog/should-college-campuses-install-alprs-to-keep-students-safe,blog/should-college-campuses-install-alprs-to-keep-students-safe.html,0,4423857,13.5,saved
https://www.flocksafety.com/blog/simplifying-property-security-the-case-for-unified-systems,blog/simplifying-property-security-the-case-for-unified-systems.html,0,4349562,13.8,saved
https://www.flocksafety.com/blog/six-abducted-children-recovered-in-five-months-in-colorado-with-flock-lpr-technology,blog/six-abducted-children-recovered-in-five-months-in-colorado-with-flock-lpr-technology.html,0,4384279,14.2,saved
https://www.flocksafety.com/blog/smart-cameras-installed-in-midlands-neighborhood,blog/smart-cameras-installed-in-midlands-neighborhood.html,0,4236240,13.8,saved
https://www.flocksafety.com/blog/smarter-not-scarier-the-role-of-ai-in-ethical-investigative-work,blog/smarter-not-scarier-the-role-of-ai-in-ethical-investigative-work.html,0,4340370,13.8,saved
https://www.flocksafety.com/blog/snap-the-local-hoa-just-captured-your-license-plate-number,blog/snap-the-local-hoa-just-captured-your-license-plate-number.html,0,4314949,14.3,saved
https://www.flocksafety.com/blog/solar-powered-surveillance,blog/solar-powered-surveillance.html,0,4174687,13.6,saved
https://www.flocksafety.com/blog/solved-cobb-county-officers-leverage-the-flock-system-to-detain-dangerous-suspect,blog/solved-cobb-county-officers-leverage-the-flock-system-to-detain-dangerous-suspect.html,0,4353716,14.0,saved
https://www.flocksafety.com/blog/solved-marietta-pd-leverages-flock-technology-to-swiftly-solve-homicide-case,blog/solved-marietta-pd-leverages-flock-technology-to-swiftly-solve-homicide-case.html,0,4249912,14.3,saved
https://www.flocksafety.com/blog/solved-stories-recap-edition-023,blog/solved-stories-recap-edition-023.html,0,4436844,14.1,saved
https://www.flocksafety.com/blog/solvedstories-edition-036,blog/solvedstories-edition-036.html,0,4371901,13.8,saved
https://www.flocksafety.com/blog/solvedstories-edition-044,blog/solvedstories-edition-044.html,0,4472465,13.8,saved
https://www.flocksafety.com/blog/solvedstories-flock-cameras-at-har-mar-shopping-center-drive-crime-reduction-supporting-roseville-mn-pd,blog/solvedstories-flock-cameras-at-har-mar-shopping-center-drive-crime-reduction-supporting-roseville-mn-pd.html,0,4478370,12.8,saved
https://www.flocksafety.com/blog/solvedstories-florida-homeowners-association-staugustine-partners-with-local-law-enforcement-to-better-protect-their-community-from-crime,blog/solvedstories-florida-homeowners-association-staugustine-partners-with-local-law-enforcement-to-better-protect-their-community-from-crime.html,0,4377971,21.8,saved
https://www.flocksafety.com/blog/solvedstories-homeland-security-taylor-pd-join-forces-to-arrest-7-alleged-child-predators,blog/solvedstories-homeland-security-taylor-pd-join-forces-to-arrest-7-alleged-child-predators.html,0,4177930,21.8,saved
https://www.flocksafety.com/blog/solvedstories-multiple-arkansas-police-departments-collaborate-and-employ-flock-lpr-cameras-to-solve-a-string-of-local-robberies,blog/solvedstories-multiple-arkansas-police-departments-collaborate-and-employ-flock-lpr-cameras-to-solve-a-string-of-local-robberies.html,0,4176535,14.0,saved
https://www.flocksafety.com/blog/solving-crime-with-license-plate-cameras-in-atlanta,blog/solving-crime-with-license-plate-cameras-in-atlanta.html,0,4341170,14.7,saved
https://www.flocksafety.com/blog/solving-cross-jurisdictional-crime-in-real-time-how-flock-safetys-unified-platform-makes-it-possible,blog/solving-cross-jurisdictional-crime-in-real-time-how-flock-safetys-unified-platform-makes-it-possible.html,0,4255166,14.0,saved
https://www.flocksafety.com/blog/solving-hate-crimes-with-a-smart-streetlight-integration-in-san-diego,blog/solving-hate-crimes-with-a-smart-streetlight-integration-in-san-diego.html,0,4434465,13.0,saved
https://www.flocksafety.com/blog/solving-nonviolent-crime,blog/solving-nonviolent-crime.html,0,4525294,14.4,saved
https://www.flocksafety.com/blog/statement-in-response-to-recent-reports,blog/statement-in-response-to-recent-reports.html,0,4311313,14.5,saved
https://www.flocksafety.com/blog/statement-network-sharing-use-cases-federal-cooperation,blog/statement-network-sharing-use-cases-federal-cooperation.html,0,4375069,13.8,saved
https://www.flocksafety.com/blog/stolen-dog-returns-flock-safety-outdoor-security-camera,blog/stolen-dog-returns-flock-safety-outdoor-security-camera.html,0,4768651,14.1,saved
https://www.flocksafety.com/blog/stop-choosing-between-coverage-and-clarity-dual-lens-ptz-delivers-both,blog/stop-choosing-between-coverage-and-clarity-dual-lens-ptz-delivers-both.html,0,4911170,15.0,saved
https://www.flocksafety.com/blog/strengthening-healthcare-security-through-local-law-enforcement-partnerships,blog/strengthening-healthcare-security-through-local-law-enforcement-partnerships.html,0,4373837,14.3,saved
https://www.flocksafety.com/blog/strengthening-relationships-with-law-enforcement,blog/strengthening-relationships-with-law-enforcement.html,0,4441779,14.0,saved
https://www.flocksafety.com/blog/sugarloaf-cid-installs-10-new-license-plate-reading-camera,blog/sugarloaf-cid-installs-10-new-license-plate-reading-camera.html,0,4218377,13.0,saved
https://www.flocksafety.com/blog/surveillance-cameras-flock-to-memphis-area,blog/surveillance-cameras-flock-to-memphis-area.html,0,4166147,13.7,saved
https://www.flocksafety.com/blog/swift-police-response-brings-relief-after-harrowing-ofallon-home-invasion,blog/swift-police-response-brings-relief-after-harrowing-ofallon-home-invasion.html,0,4278950,14.1,saved
https://www.flocksafety.com/blog/tackling-organized-retail-crime-with-flock-safetys-crime-intelligence-solution,blog/tackling-organized-retail-crime-with-flock-safetys-crime-intelligence-solution.html,0,4239669,13.7,saved
https://www.flocksafety.com/blog/target-ends-self-checkout-due-to-theft-what-retailers-can-learn,blog/target-ends-self-checkout-due-to-theft-what-retailers-can-learn.html,0,4390885,13.7,saved
https://www.flocksafety.com/blog/tech-forward-policing-real-time-alerts-real-results,blog/tech-forward-policing-real-time-alerts-real-results.html,0,4717354,13.7,saved
https://www.flocksafety.com/blog/tech-that-works-tools-that-protect-this-weeks-wins-with-flock-safety,blog/tech-that-works-tools-that-protect-this-weeks-wins-with-flock-safety.html,0,4370248,13.8,saved
https://www.flocksafety.com/blog/tega-cay-virtual-gate,blog/tega-cay-virtual-gate.html,0,4374825,13.7,saved
https://www.flocksafety.com/blog/texas-chief-innovative-policing-technology,blog/texas-chief-innovative-policing-technology.html,0,4065262,22.1,saved
https://www.flocksafety.com/blog/the-5-as-of-dfr-the-dna-of-a-drone-as-first-responder-program,blog/the-5-as-of-dfr-the-dna-of-a-drone-as-first-responder-program.html,0,4466965,13.8,saved
https://www.flocksafety.com/blog/the-cases-behind-the-alerts-how-officers-closed-the-loop,blog/the-cases-behind-the-alerts-how-officers-closed-the-loop.html,0,4537200,14.1,saved
https://www.flocksafety.com/blog/the-data-doesnt-stop-at-the-city-line-why-agencies-must-think-regionally,blog/the-data-doesnt-stop-at-the-city-line-why-agencies-must-think-regionally.html,0,5742175,13.3,saved
https://www.flocksafety.com/blog/the-details-that-point-the-way-forward,blog/the-details-that-point-the-way-forward.html,0,4235175,14.1,saved
https://www.flocksafety.com/blog/the-evolution-of-flockos-how-customer-feedback-continues-to-shape-the-future,blog/the-evolution-of-flockos-how-customer-feedback-continues-to-shape-the-future.html,0,4264313,15.2,saved
https://www.flocksafety.com/blog/the-first-90-days-at-flock,blog/the-first-90-days-at-flock.html,0,4212136,14.6,saved
https://www.flocksafety.com/blog/the-future-of-hotel-security-technologys-role-in-protecting-guests-and-staff,blog/the-future-of-hotel-security-technologys-role-in-protecting-guests-and-staff.html,0,4168303,14.3,saved
https://www.flocksafety.com/blog/the-future-of-retail-security-insights-from-nrf-protects-big-ideas-panel,blog/the-future-of-retail-security-insights-from-nrf-protects-big-ideas-panel.html,0,4200176,12.6,saved
https://www.flocksafety.com/blog/the-hidden-cost-of-data-fatigue-in-law-enforcement,blog/the-hidden-cost-of-data-fatigue-in-law-enforcement.html,0,4328271,14.6,saved
https://www.flocksafety.com/blog/the-hidden-gaps-in-human-only-security,blog/the-hidden-gaps-in-human-only-security.html,0,4215967,15.1,saved
https://www.flocksafety.com/blog/the-impact-of-data-driven-solutions-in-crime-solving,blog/the-impact-of-data-driven-solutions-in-crime-solving.html,0,4189488,14.6,saved
https://www.flocksafety.com/blog/the-latest-advancements-in-dfr-aerovision-mobile-apps-and-community-engagement-dashboard,blog/the-latest-advancements-in-dfr-aerovision-mobile-apps-and-community-engagement-dashboard.html,0,18849982,15.0,saved
https://www.flocksafety.com/blog/the-moment-that-changes-everything-stopping-wrong-way-driving-before-it-starts,blog/the-moment-that-changes-everything-stopping-wrong-way-driving-before-it-starts.html,0,4259140,14.8,saved
https://www.flocksafety.com/blog/the-power-of-connected-intelligence,blog/the-power-of-connected-intelligence.html,0,4390456,14.5,saved
https://www.flocksafety.com/blog/the-power-of-perspective-what-context-on-your-terms-really-means,blog/the-power-of-perspective-what-context-on-your-terms-really-means.html,0,4478778,14.1,saved
https://www.flocksafety.com/blog/the-price-of-free-lpr,blog/the-price-of-free-lpr.html,0,5469011,13.8,saved
https://www.flocksafety.com/blog/the-road-to-eagles-club-what-it-takes-to-get-there,blog/the-road-to-eagles-club-what-it-takes-to-get-there.html,0,4630732,14.6,saved
https://www.flocksafety.com/blog/the-role-cameras-can-play-during-a-statewide-crisis,blog/the-role-cameras-can-play-during-a-statewide-crisis.html,0,4230245,14.8,saved
https://www.flocksafety.com/blog/the-shift-to-proactive-security-new-tools-to-deter-crime-and-hold-offenders-accountable,blog/the-shift-to-proactive-security-new-tools-to-deter-crime-and-hold-offenders-accountable.html,0,4201435,14.9,saved
https://www.flocksafety.com/blog/the-silent-strain-addressing-mental-health-in-security-roles-with-oscar-arango,blog/the-silent-strain-addressing-mental-health-in-security-roles-with-oscar-arango.html,0,4398637,13.5,saved
https://www.flocksafety.com/blog/the-strategic-value-of-flock-safety-for-multifamily-communities,blog/the-strategic-value-of-flock-safety-for-multifamily-communities.html,0,4241678,12.7,saved
https://www.flocksafety.com/blog/the-university-of-toledo-installing-flock-safety-lpr-cameras,blog/the-university-of-toledo-installing-flock-safety-lpr-cameras.html,0,4187772,22.3,saved
https://www.flocksafety.com/blog/think-big-start-small-4-tips-to-fund-new-police-technology,blog/think-big-start-small-4-tips-to-fund-new-police-technology.html,0,4204782,13.8,saved
https://www.flocksafety.com/blog/this-surveillance-startup-wants-to-put-cameras-in-your-neighborhood,blog/this-surveillance-startup-wants-to-put-cameras-in-your-neighborhood.html,0,4236794,14.0,saved
https://www.flocksafety.com/blog/this-technology-helps-police-be-everywhere-at-the-same-time,blog/this-technology-helps-police-be-everywhere-at-the-same-time.html,0,4349654,13.3,saved
https://www.flocksafety.com/blog/three-proactive-steps-your-school-can-take-to-protect-students-with-custodial-arrangements,blog/three-proactive-steps-your-school-can-take-to-protect-students-with-custodial-arrangements.html,0,4412647,13.5,saved
https://www.flocksafety.com/blog/thriving-cities-fund-launches-in-dfw,blog/thriving-cities-fund-launches-in-dfw.html,0,4727918,14.5,saved
https://www.flocksafety.com/blog/tips-for-leaving-town,blog/tips-for-leaving-town.html,0,1834991,11.0,saved
https://www.flocksafety.com/blog/top-10-questions-answered-from-flocks-community-safety-webinar,blog/top-10-questions-answered-from-flocks-community-safety-webinar.html,0,4211832,13.8,saved
https://www.flocksafety.com/blog/transparency-portal,blog/transparency-portal.html,0,4382268,13.7,saved
https://www.flocksafety.com/blog/travel-safety-tips,blog/travel-safety-tips.html,0,4260276,13.8,saved
https://www.flocksafety.com/blog/trespassing-and-unauthorized-access-flock-safetys-solutions-for-businesses,blog/trespassing-and-unauthorized-access-flock-safetys-solutions-for-businesses.html,0,4230442,13.8,saved
https://www.flocksafety.com/blog/true-costs-of-dfr,blog/true-costs-of-dfr.html,0,4519514,14.0,saved
https://www.flocksafety.com/blog/turning-deals-into-real-world-impact-sales-at-flock,blog/turning-deals-into-real-world-impact-sales-at-flock.html,0,4365537,14.1,saved
https://www.flocksafety.com/blog/types-of-shrinkage-in-retail,blog/types-of-shrinkage-in-retail.html,0,4745264,14.5,saved
https://www.flocksafety.com/blog/understanding-flocks-testing-and-development-program,blog/understanding-flocks-testing-and-development-program.html,0,4707821,14.5,saved
https://www.flocksafety.com/blog/understanding-floridas-house-bill-837-how-multifamily-property-owners-can-stay-compliant-and-protected,blog/understanding-floridas-house-bill-837-how-multifamily-property-owners-can-stay-compliant-and-protected.html,0,4375370,14.0,saved
https://www.flocksafety.com/blog/university-of-st-thomas-launches-a-connected-campus-safety-program-with-drone-as-first-responder,blog/university-of-st-thomas-launches-a-connected-campus-safety-program-with-drone-as-first-responder.html,0,9671275,14.1,saved
https://www.flocksafety.com/blog/university-police-catch-serial-burglar-with-alerts-from-flock-cameras,blog/university-police-catch-serial-burglar-with-alerts-from-flock-cameras.html,0,4425870,12.8,saved
https://www.flocksafety.com/blog/unleash-the-power-of-nightvision-enhance-your-falcon-r-lpr-cameras-for-superior-nighttime-clarity,blog/unleash-the-power-of-nightvision-enhance-your-falcon-r-lpr-cameras-for-superior-nighttime-clarity.html,0,4177137,22.4,saved
https://www.flocksafety.com/blog/unlocking-a-career-defining-experience-with-flock-safety,blog/unlocking-a-career-defining-experience-with-flock-safety.html,0,4657255,13.5,saved
https://www.flocksafety.com/blog/unlocking-the-future-of-real-time-crime-centers-the-2025-nrtcca-conference-lineup,blog/unlocking-the-future-of-real-time-crime-centers-the-2025-nrtcca-conference-lineup.html,0,4365255,14.3,saved
https://www.flocksafety.com/blog/update-on-limited-condor-device-configuration-issue,blog/update-on-limited-condor-device-configuration-issue.html,0,4152974,14.3,saved
https://www.flocksafety.com/blog/use-flock-safety-to-help-police-stop-crime,blog/use-flock-safety-to-help-police-stop-crime.html,0,4166067,13.7,saved
https://www.flocksafety.com/blog/using-drones-for-security-patrols,blog/using-drones-for-security-patrols.html,0,4496253,14.3,saved
https://www.flocksafety.com/blog/vacaville-pds-blueprint-for-smarter-policing-inside-the-citys-information-centered-approach-to-public-safety,blog/vacaville-pds-blueprint-for-smarter-policing-inside-the-citys-information-centered-approach-to-public-safety.html,0,4197152,22.1,saved
https://www.flocksafety.com/blog/vandalism-and-property-damage-flock-safetys-solutions-for-businesses,blog/vandalism-and-property-damage-flock-safetys-solutions-for-businesses.html,0,4415264,13.4,saved
https://www.flocksafety.com/blog/vehicle-and-catalytic-converter-theft-flock-safetys-solutions-for-businesses,blog/vehicle-and-catalytic-converter-theft-flock-safetys-solutions-for-businesses.html,0,4339527,13.7,saved
https://www.flocksafety.com/blog/vehicle-intelligence,blog/vehicle-intelligence.html,0,4458239,14.0,saved
https://www.flocksafety.com/blog/vehicle-recognition-software-for-investigation-grade-lpr,blog/vehicle-recognition-software-for-investigation-grade-lpr.html,0,4584316,14.1,saved
https://www.flocksafety.com/blog/video,blog/video.html,0,4174303,14.1,saved
https://www.flocksafety.com/blog/video-with-lpr-equips-law-enforcement-to-stay-ahead-of-summers-surge-in-violent-crime,blog/video-with-lpr-equips-law-enforcement-to-stay-ahead-of-summers-surge-in-violent-crime.html,0,4179916,14.0,saved
https://www.flocksafety.com/blog/video-without-limitations-flock-safetys-newest-solutions-for-law-enforcement,blog/video-without-limitations-flock-safetys-newest-solutions-for-law-enforcement.html,0,4590883,14.3,saved
https://www.flocksafety.com/blog/violent-crimes-plummeting-in-a-cobb-county-community,blog/violent-crimes-plummeting-in-a-cobb-county-community.html,0,4191072,13.8,saved
https://www.flocksafety.com/blog/virtual-neighborhood-gate-that-captures-evidence,blog/virtual-neighborhood-gate-that-captures-evidence.html,0,4512122,14.0,saved
https://www.flocksafety.com/blog/ward-off-organized-retail-crime-this-holiday-season,blog/ward-off-organized-retail-crime-this-holiday-season.html,0,4272456,14.3,saved
https://www.flocksafety.com/blog/warner-robins-flock-911,blog/warner-robins-flock-911.html,0,4585020,13.0,saved
https://www.flocksafety.com/blog/washington-court-of-appeals-upholds-automated-license-plate-readers-as-constitutional,blog/washington-court-of-appeals-upholds-automated-license-plate-readers-as-constitutional.html,0,4392148,14.0,saved
https://www.flocksafety.com/blog/west-cancer-center-reduces-parking-lot-crime-by-100-with-a-perimeter-security-strategy-using-lpr-cameras,blog/west-cancer-center-reduces-parking-lot-crime-by-100-with-a-perimeter-security-strategy-using-lpr-cameras.html,0,4544148,13.5,saved
https://www.flocksafety.com/blog/what-are-the-benefits-of-flock-mobile-security-trailers-vs-traditional-security-systems,blog/what-are-the-benefits-of-flock-mobile-security-trailers-vs-traditional-security-systems.html,0,4166815,13.8,saved
https://www.flocksafety.com/blog/what-community-managers-say-is-their-biggest-help-when-crime-is-committed-in-a-neighborhood,blog/what-community-managers-say-is-their-biggest-help-when-crime-is-committed-in-a-neighborhood.html,0,4195186,13.6,saved
https://www.flocksafety.com/blog/what-do-flock-cameras-actually-capture,blog/what-do-flock-cameras-actually-capture.html,0,4313253,13.8,saved
https://www.flocksafety.com/blog/what-does-connecticut-sb397-mean-for-alpr-use-across-the-state,blog/what-does-connecticut-sb397-mean-for-alpr-use-across-the-state.html,0,7670996,14.0,saved
https://www.flocksafety.com/blog/what-does-open-really-mean-public-safety-wins-when-the-industry-works-together,blog/what-does-open-really-mean-public-safety-wins-when-the-industry-works-together.html,0,4405089,13.3,saved
https://www.flocksafety.com/blog/what-does-oregon-senate-bill-1516-mean-for-alpr-use-in-oregon,blog/what-does-oregon-senate-bill-1516-mean-for-alpr-use-in-oregon.html,0,4524308,13.8,saved
https://www.flocksafety.com/blog/what-does-the-driver-privacy-and-safety-act-sb40-mean-for-alpr-use-in-new-mexico,blog/what-does-the-driver-privacy-and-safety-act-sb40-mean-for-alpr-use-in-new-mexico.html,0,5585597,14.3,saved
https://www.flocksafety.com/blog/what-does-washington-senate-bill-6002-mean-for-alpr-use-in-washington,blog/what-does-washington-senate-bill-6002-mean-for-alpr-use-in-washington.html,0,6407688,13.8,saved
https://www.flocksafety.com/blog/what-flocks-privacy-and-security-updates-mean-for-private-sector-customers,blog/what-flocks-privacy-and-security-updates-mean-for-private-sector-customers.html,0,4266748,13.6,saved
https://www.flocksafety.com/blog/what-happens-if-a-flock-camera-is-damaged,blog/what-happens-if-a-flock-camera-is-damaged.html,0,4684601,14.2,saved
https://www.flocksafety.com/blog/what-happens-if-law-enforcement-misuses-the-flock-system,blog/what-happens-if-law-enforcement-misuses-the-flock-system.html,0,8805699,12.1,saved
https://www.flocksafety.com/blog/what-is-jugging-5-tips-to-keep-you-safe-from-this-dangerous-crime,blog/what-is-jugging-5-tips-to-keep-you-safe-from-this-dangerous-crime.html,0,4513358,22.1,saved
https://www.flocksafety.com/blog/what-is-organized-retail-crime,blog/what-is-organized-retail-crime.html,0,4486074,12.9,saved
https://www.flocksafety.com/blog/what-is-traffic-analytics,blog/what-is-traffic-analytics.html,0,5548550,14.5,saved
https://www.flocksafety.com/blog/what-makes-a-public-safety-platform-secure,blog/what-makes-a-public-safety-platform-secure.html,0,4419525,21.8,saved
https://www.flocksafety.com/blog/what-police-wish-you-knew-about-neighborhood-crime,blog/what-police-wish-you-knew-about-neighborhood-crime.html,0,4235460,13.8,saved
https://www.flocksafety.com/blog/what-safety-means-to-you-building-community-on-your-terms,blog/what-safety-means-to-you-building-community-on-your-terms.html,0,4472374,22.6,saved
https://www.flocksafety.com/blog/what-separates-great-from-good-in-your-first-90-days-at-flock,blog/what-separates-great-from-good-in-your-first-90-days-at-flock.html,0,4355917,12.6,saved
https://www.flocksafety.com/blog/what-the-supreme-courts-chatrie-decision-actually-means-for-alpr-technology,blog/what-the-supreme-courts-chatrie-decision-actually-means-for-alpr-technology.html,0,4665519,13.9,saved
https://www.flocksafety.com/blog/what-transportation-engineers-can-learn-from-the-roads-they-already-see,blog/what-transportation-engineers-can-learn-from-the-roads-they-already-see.html,0,4197772,14.4,saved
https://www.flocksafety.com/blog/what-your-city-council-isnt-being-told-about-lpr-privacy,blog/what-your-city-council-isnt-being-told-about-lpr-privacy.html,0,5490027,14.5,saved
https://www.flocksafety.com/blog/when-crime-happens-flock-safety-captures-footage-police-need,blog/when-crime-happens-flock-safety-captures-footage-police-need.html,0,4341144,13.4,saved
https://www.flocksafety.com/blog/which-license-plate-reader-security-camera-is-best-for-my-needs,blog/which-license-plate-reader-security-camera-is-best-for-my-needs.html,0,4351840,16.3,saved
https://www.flocksafety.com/blog/white-settlements-detective-ramirez-enhances-officer-safety-through-technology,blog/white-settlements-detective-ramirez-enhances-officer-safety-through-technology.html,0,4351408,15.2,saved
https://www.flocksafety.com/blog/whitehall-pd-solves-gun-related-crime-less-than-48,blog/whitehall-pd-solves-gun-related-crime-less-than-48.html,0,4596014,14.3,saved
https://www.flocksafety.com/blog/who-really-has-access-to-your-flock-data,blog/who-really-has-access-to-your-flock-data.html,0,4340021,14.5,saved
https://www.flocksafety.com/blog/why-are-some-flock-cameras-being-removed-by-cities,blog/why-are-some-flock-cameras-being-removed-by-cities.html,0,4319536,14.9,saved
https://www.flocksafety.com/blog/why-city-leaders-are-getting-behind-license-plate-readers,blog/why-city-leaders-are-getting-behind-license-plate-readers.html,0,4445116,13.5,saved
https://www.flocksafety.com/blog/why-flock,blog/why-flock.html,0,4783042,14.6,saved
https://www.flocksafety.com/blog/why-i-joined-flock-coo-elan-greenberg,blog/why-i-joined-flock-coo-elan-greenberg.html,0,4324322,13.0,saved
https://www.flocksafety.com/blog/why-i-joined-flock-safety-a-mission-you-can-feel,blog/why-i-joined-flock-safety-a-mission-you-can-feel.html,0,4740337,14.6,saved
https://www.flocksafety.com/blog/why-neighborhood-watch-group-need-lpr-cameras,blog/why-neighborhood-watch-group-need-lpr-cameras.html,0,4347050,14.9,saved
https://www.flocksafety.com/blog/why-police-technology-is-a-must-for-small-departments,blog/why-police-technology-is-a-must-for-small-departments.html,0,4379170,14.3,saved
https://www.flocksafety.com/blog/why-public-safety-needs-a-new-kind-of-platform,blog/why-public-safety-needs-a-new-kind-of-platform.html,0,4481260,14.0,saved
https://www.flocksafety.com/blog/why-retailers-are-using-license-plate-readers-to-fight-orc-and-fraud,blog/why-retailers-are-using-license-plate-readers-to-fight-orc-and-fraud.html,0,4456485,12.6,saved
https://www.flocksafety.com/blog/why-safety-is-a-fundamental-right,blog/why-safety-is-a-fundamental-right.html,0,5496646,14.6,saved
https://www.flocksafety.com/blog/why-san-leandros-civic-leaders-chose-flock-for-responsible-crime-solving,blog/why-san-leandros-civic-leaders-chose-flock-for-responsible-crime-solving.html,0,4160582,21.3,saved
https://www.flocksafety.com/blog/why-the-type-of-security-camera-you-have-makes-a-difference,blog/why-the-type-of-security-camera-you-have-makes-a-difference.html,0,4269882,13.8,saved
https://www.flocksafety.com/blog/why-vendor-competition-matters-for-your-agencys-future,blog/why-vendor-competition-matters-for-your-agencys-future.html,0,4213551,13.1,saved
https://www.flocksafety.com/blog/why-video-is-the-missing-link-in-your-lpr-program,blog/why-video-is-the-missing-link-in-your-lpr-program.html,0,13809071,13.1,saved
https://www.flocksafety.com/blog/why-you-should-embrace-automated-license-plate-readers,blog/why-you-should-embrace-automated-license-plate-readers.html,0,4352485,14.0,saved
https://www.flocksafety.com/blog/workplace-violence-prevention-strategies,blog/workplace-violence-prevention-strategies.html,0,4392522,14.7,saved
https://www.flocksafety.com/blog/you-dont-need-more-security-guards-you-need-a-smarter-security-system,blog/you-dont-need-more-security-guards-you-need-a-smarter-security-system.html,0,4180371,15.1,saved
https://www.flocksafety.com/blog/your-black-friday-game-plan-steps-to-set-your-business-up-for-success,blog/your-black-friday-game-plan-steps-to-set-your-business-up-for-success.html,0,4578356,14.9,saved
https://www.flocksafety.com/book-a-demo,book-a-demo.html,0,3420558,13.5,saved
https://www.flocksafety.com/book-a-demo---ctv,book-a-demo---ctv.html,0,3390231,14.7,saved
https://www.flocksafety.com/book-a-demo-arizona,book-a-demo-arizona.html,0,3534360,14.9,saved
https://www.flocksafety.com/book-a-demo-blue-eye,book-a-demo-blue-eye.html,0,3134146,15.0,saved
https://www.flocksafety.com/book-a-demo-form-test,book-a-demo-form-test.html,0,3419382,13.8,saved
https://www.flocksafety.com/book-a-demo-homeowners,book-a-demo-homeowners.html,0,3418060,14.3,saved
https://www.flocksafety.com/book-a-demo-layout,book-a-demo-layout.html,0,3419669,15.5,saved
https://www.flocksafety.com/book-a-demo-multistep,book-a-demo-multistep.html,0,3230165,13.6,saved
https://www.flocksafety.com/book-a-demo-neighborhoods,book-a-demo-neighborhoods.html,0,3878155,14.0,saved
https://www.flocksafety.com/book-a-demo-paid,book-a-demo-paid.html,0,5438339,13.4,saved
https://www.flocksafety.com/book-a-demo-paid-copy,book-a-demo-paid-copy.html,0,4804240,13.9,saved
https://www.flocksafety.com/book-a-demo-short-form,book-a-demo-short-form.html,0,3229438,13.7,saved
https://www.flocksafety.com/book-a-demo-short-form-paid,book-a-demo-short-form-paid.html,0,5248290,14.5,saved
https://www.flocksafety.com/book-a-demo-short-form-test,book-a-demo-short-form-test.html,0,5245637,14.6,saved
https://www.flocksafety.com/book-a-demo-test,book-a-demo-test.html,0,3013201,14.3,saved
https://www.flocksafety.com/book-a-mobile-security-trailers-demo,book-a-mobile-security-trailers-demo.html,0,3242959,16.5,saved
https://www.flocksafety.com/brand-partner-guide,brand-partner-guide.html,0,3133131,0.0,skipped-existing
https://www.flocksafety.com/business-template,business-template.html,0,3368509,14.4,saved
https://www.flocksafety.com/careers,careers.html,0,4729727,14.5,saved
https://www.flocksafety.com/careers/engineering,careers/engineering.html,0,3645860,15.0,saved
https://www.flocksafety.com/careers/experience,careers/experience.html,0,3970684,15.4,saved
https://www.flocksafety.com/careers/positions,careers/positions.html,0,3053371,15.0,saved
https://www.flocksafety.com/chilipiper-2,chilipiper-2.html,0,3207804,13.3,saved
https://www.flocksafety.com/choose-your-bundle,choose-your-bundle.html,0,3421679,16.0,saved
https://www.flocksafety.com/city-leadership-direct,city-leadership-direct.html,0,3468066,14.3,saved
https://www.flocksafety.com/connected-workflows-demo,connected-workflows-demo.html,0,3047711,22.9,saved
https://www.flocksafety.com/contact,contact.html,0,2985353,13.4,saved
https://www.flocksafety.com/crash-detection,crash-detection.html,0,3304666,14.9,saved
https://www.flocksafety.com/customers,customers.html,0,21467788,0.0,skipped-existing
https://www.flocksafety.com/customers/academy-sports-tackles-organized-retail-crime-with-flock-safety,customers/academy-sports-tackles-organized-retail-crime-with-flock-safety.html,0,4628538,15.5,saved
https://www.flocksafety.com/customers/amplifying-intelligence-led-policing-with-fort-worth-pd,customers/amplifying-intelligence-led-policing-with-fort-worth-pd.html,0,9348838,14.6,saved
https://www.flocksafety.com/customers/assessing-the-accuracy-of-computer-vision-methods-for-traffic-data-collection,customers/assessing-the-accuracy-of-computer-vision-methods-for-traffic-data-collection.html,0,5089053,15.0,saved
https://www.flocksafety.com/customers/empowering-small-city-policing-in-martinsville-va,customers/empowering-small-city-policing-in-martinsville-va.html,0,6874767,14.0,saved
https://www.flocksafety.com/customers/flock-safety-cameras-aid-police-in-arrest-just-30-minutes-after-going-live,customers/flock-safety-cameras-aid-police-in-arrest-just-30-minutes-after-going-live.html,0,4767966,14.9,saved
https://www.flocksafety.com/customers/flock-safety-helps-dierbergs-market-solve-orc-case-of-20k-in-stolen-merchandise,customers/flock-safety-helps-dierbergs-market-solve-orc-case-of-20k-in-stolen-merchandise.html,0,9844237,14.6,saved
https://www.flocksafety.com/customers/flock-safety-raven-and-falcon-help-morgan-hill-pd-solve-aggravated-assault,customers/flock-safety-raven-and-falcon-help-morgan-hill-pd-solve-aggravated-assault.html,0,8231221,15.4,saved
https://www.flocksafety.com/customers/flock-safety-raven-gives-albany-police-department-actionable-crime-data,customers/flock-safety-raven-gives-albany-police-department-actionable-crime-data.html,0,11600526,14.4,saved
https://www.flocksafety.com/customers/from-risk-to-resolution-ldg-developments-case-closures-with-flock-safety,customers/from-risk-to-resolution-ldg-developments-case-closures-with-flock-safety.html,0,4644260,14.7,saved
https://www.flocksafety.com/customers/future-honda-deploys-flock-safety-cameras-to-deter-criminals-and-shape-a-safer-future,customers/future-honda-deploys-flock-safety-cameras-to-deter-criminals-and-shape-a-safer-future.html,0,10005287,14.8,saved
https://www.flocksafety.com/customers/georgia-hospital-cuts-theft-by-55-percent,customers/georgia-hospital-cuts-theft-by-55-percent.html,0,11623975,14.7,saved
https://www.flocksafety.com/customers/georgia-school-system-sees-improved-crime-deterrence,customers/georgia-school-system-sees-improved-crime-deterrence.html,0,9374044,13.4,saved
https://www.flocksafety.com/customers/gwinnett-county-pd-uses-flock-lpr-to-reduce-and-solve-crime-across-diverse-roadways,customers/gwinnett-county-pd-uses-flock-lpr-to-reduce-and-solve-crime-across-diverse-roadways.html,0,6723093,14.9,saved
https://www.flocksafety.com/customers/healthcare-clinic-enhances-security-and-reduces-crime-with-flock-perimeter-protection-solution,customers/healthcare-clinic-enhances-security-and-reduces-crime-with-flock-perimeter-protection-solution.html,0,5634136,14.0,saved
https://www.flocksafety.com/customers/helping-a-utility-company-deter-violent-crime-and-keep-employees-safe,customers/helping-a-utility-company-deter-violent-crime-and-keep-employees-safe.html,0,8317195,14.5,saved
https://www.flocksafety.com/customers/hoa-board-president-enhances-community-safety-while-navigating-tight-budgets-and-local-restrictions-with-flock-safety,customers/hoa-board-president-enhances-community-safety-while-navigating-tight-budgets-and-local-restrictions-with-flock-safety.html,0,4478492,14.6,saved
https://www.flocksafety.com/customers/how-a-logistics-company-stopped-8-figures-losses-from-organized-crime-protected-millions-in-freight-with-flock-lpr-cameras-56tgx,customers/how-a-logistics-company-stopped-8-figures-losses-from-organized-crime-protected-millions-in-freight-with-flock-lpr-cameras-56tgx.html,0,4555177,14.6,saved
https://www.flocksafety.com/customers/how-castle-rock-police-department-extended-visibility-with-flock-dual-lens-ptz,customers/how-castle-rock-police-department-extended-visibility-with-flock-dual-lens-ptz.html,0,4481954,21.0,saved
https://www.flocksafety.com/customers/how-columbus-is-harnessesing-flock-lpr-and-audio-detection-for-crime-resolution,customers/how-columbus-is-harnessesing-flock-lpr-and-audio-detection-for-crime-resolution.html,0,4757727,15.1,saved
https://www.flocksafety.com/customers/how-many-crimes-do-automated-license-plate-readers-alprs-solve-anyway,customers/how-many-crimes-do-automated-license-plate-readers-alprs-solve-anyway.html,0,7688148,13.6,saved
https://www.flocksafety.com/customers/how-spring-branch-independent-school-district-is-stopping-crime-with-a-flock-safety-falcon-and-raven-system,customers/how-spring-branch-independent-school-district-is-stopping-crime-with-a-flock-safety-falcon-and-raven-system.html,0,15446151,16.1,saved
https://www.flocksafety.com/customers/how-tulsa-pd-empowered-their-force-with-real-time-intelligence-via-flockos,customers/how-tulsa-pd-empowered-their-force-with-real-time-intelligence-via-flockos.html,0,5550944,13.4,saved
https://www.flocksafety.com/customers/licking-heights-local-school-district-enhances-learning-with-flock-safety-falcon-perimeter,customers/licking-heights-local-school-district-enhances-learning-with-flock-safety-falcon-perimeter.html,0,6571942,24.4,saved
https://www.flocksafety.com/customers/licking-heights-school-proactively-leveled-up-security-with-flock-safety-falcon-cameras,customers/licking-heights-school-proactively-leveled-up-security-with-flock-safety-falcon-cameras.html,0,5947887,24.0,saved
https://www.flocksafety.com/customers/los-angeles-community-solves-high-profile-neighborhood-crime-with-flock-safety-license-plate-recognition-lpr-cameras,customers/los-angeles-community-solves-high-profile-neighborhood-crime-with-flock-safety-license-plate-recognition-lpr-cameras.html,0,4421312,14.0,saved
https://www.flocksafety.com/customers/pacific-ridge-hoa-from-four-break-ins-a-year-to-zero-with-flock-safety,customers/pacific-ridge-hoa-from-four-break-ins-a-year-to-zero-with-flock-safety.html,0,4506504,12.5,saved
https://www.flocksafety.com/customers/pet-food-manufacturer-reduces-property-damage-costs-and-deters-threats-from-disgruntled-employees-with-lpr-cameras,customers/pet-food-manufacturer-reduces-property-damage-costs-and-deters-threats-from-disgruntled-employees-with-lpr-cameras.html,0,4938687,13.7,saved
https://www.flocksafety.com/customers/reducing-crime-at-gwinnett-place-with-flock-safety,customers/reducing-crime-at-gwinnett-place-with-flock-safety.html,0,4392602,22.4,saved
https://www.flocksafety.com/customers/revolutionizing-response-flock-safetys-impact-in-scottsdale,customers/revolutionizing-response-flock-safetys-impact-in-scottsdale.html,0,10215409,14.6,saved
https://www.flocksafety.com/customers/san-antonio-community-considered-one-of-the-safest-communities-since-implementing-flock-safety,customers/san-antonio-community-considered-one-of-the-safest-communities-since-implementing-flock-safety.html,0,4548090,14.1,saved
https://www.flocksafety.com/customers/san-bruno-ca-community-leverages-flock-safety-technology-to-help-solve-100-crimes,customers/san-bruno-ca-community-leverages-flock-safety-technology-to-help-solve-100-crimes.html,0,4504483,14.1,saved
https://www.flocksafety.com/customers/sanibel-flock-traffic-analytics,customers/sanibel-flock-traffic-analytics.html,0,4264263,13.8,saved
https://www.flocksafety.com/customers/southeastern-metro-agency-quickly-responds-to-gun-related-crimes,customers/southeastern-metro-agency-quickly-responds-to-gun-related-crimes.html,0,13365422,14.6,saved
https://www.flocksafety.com/customers/spokane-county-sheriffs-office-experience-rapid-case-resolution,customers/spokane-county-sheriffs-office-experience-rapid-case-resolution.html,0,11198700,14.3,saved
https://www.flocksafety.com/customers/spokane-county-sheriffs-office-improves-investigative-efficiency-with-flockos,customers/spokane-county-sheriffs-office-improves-investigative-efficiency-with-flockos.html,0,6970081,14.3,saved
https://www.flocksafety.com/customers/state-dot-validation-shows-reliable-traffic-data-at-scale,customers/state-dot-validation-shows-reliable-traffic-data-at-scale.html,0,4378895,13.8,saved
https://www.flocksafety.com/customers/tulsa-oklahoma-shopping-center-sees-nearly-70-drop-in-retail-theft-incidents-with-flock-safety,customers/tulsa-oklahoma-shopping-center-sees-nearly-70-drop-in-retail-theft-incidents-with-flock-safety.html,0,5204617,15.6,saved
https://www.flocksafety.com/customers/university-of-iowa-transformed-campus-safety-with-a-flock-safety-falcon-lpr-perimeter,customers/university-of-iowa-transformed-campus-safety-with-a-flock-safety-falcon-lpr-perimeter.html,0,10253175,14.8,saved
https://www.flocksafety.com/customers/west-cancer-center-reduces-parking-lot-crime-with-flock-safety-cameras,customers/west-cancer-center-reduces-parking-lot-crime-with-flock-safety-cameras.html,0,11230662,14.8,saved
https://www.flocksafety.com/dir-contract,dir-contract.html,0,3100768,14.9,saved
https://www.flocksafety.com/drones-demo,drones-demo.html,0,3258411,14.3,saved
https://www.flocksafety.com/dual-lens-ptz-video,dual-lens-ptz-video.html,0,3279655,15.9,saved
https://www.flocksafety.com/ebooks/13-fall-hotspots-to-secure-with-a-mobile-security-trailer,ebooks/13-fall-hotspots-to-secure-with-a-mobile-security-trailer.html,0,3835449,15.2,saved
https://www.flocksafety.com/ebooks/2023-back-to-school-safety-kit,ebooks/2023-back-to-school-safety-kit.html,0,7551419,15.4,saved
https://www.flocksafety.com/ebooks/2023-guide-to-community-security,ebooks/2023-guide-to-community-security.html,0,3873271,14.6,saved
https://www.flocksafety.com/ebooks/2025-community-safety-guide,ebooks/2025-community-safety-guide.html,0,4850569,14.8,saved
https://www.flocksafety.com/ebooks/3-proven-strategies-to-boost-patient-physician-and-staff-safety,ebooks/3-proven-strategies-to-boost-patient-physician-and-staff-safety.html,0,4203647,15.0,saved
https://www.flocksafety.com/ebooks/5-ways-to-mitigate-retail-risk-for-black-friday-beyond,ebooks/5-ways-to-mitigate-retail-risk-for-black-friday-beyond.html,0,5161881,15.5,saved
https://www.flocksafety.com/ebooks/7-security-strategies-from-law-enforcement-investigators-to-better-protect-your-assets-and-employees,ebooks/7-security-strategies-from-law-enforcement-investigators-to-better-protect-your-assets-and-employees.html,0,4078301,14.5,saved
https://www.flocksafety.com/ebooks/7-security-strategies-from-law-enforcement-investigators-to-better-protect-your-business-from-crime,ebooks/7-security-strategies-from-law-enforcement-investigators-to-better-protect-your-business-from-crime.html,0,3922788,15.3,saved
https://www.flocksafety.com/ebooks/7-security-strategies-to-protect-nurses-doctors-patients-from-violence-in-your-healthcare-campus-facilities,ebooks/7-security-strategies-to-protect-nurses-doctors-patients-from-violence-in-your-healthcare-campus-facilities.html,0,3937368,15.1,saved
https://www.flocksafety.com/ebooks/a-complete-guide-to-layered-security-technology-for-commercial-businesses,ebooks/a-complete-guide-to-layered-security-technology-for-commercial-businesses.html,0,3959471,15.4,saved
https://www.flocksafety.com/ebooks/a-guide-to-benchmarking-fixed-lpr-solutions,ebooks/a-guide-to-benchmarking-fixed-lpr-solutions.html,0,4289927,15.1,saved
https://www.flocksafety.com/ebooks/apartment-security,ebooks/apartment-security.html,0,13247810,55.5,saved
https://www.flocksafety.com/ebooks/build-a-stronger-defense-for-your-jobsite,ebooks/build-a-stronger-defense-for-your-jobsite.html,0,4056400,14.6,saved
https://www.flocksafety.com/ebooks/building-safer-communities-from-the-ground-up,ebooks/building-safer-communities-from-the-ground-up.html,0,3970198,14.8,saved
https://www.flocksafety.com/ebooks/building-safer-communities-from-the-ground-up-ebook,ebooks/building-safer-communities-from-the-ground-up-ebook.html,0,3933154,14.3,saved
https://www.flocksafety.com/ebooks/checklist-secure-advanced-technology-with-a-small-budget,ebooks/checklist-secure-advanced-technology-with-a-small-budget.html,0,4143821,14.0,saved
https://www.flocksafety.com/ebooks/city-officials-build-community-partnerships-technology,ebooks/city-officials-build-community-partnerships-technology.html,0,4475646,14.5,saved
https://www.flocksafety.com/ebooks/commercial-property-management-security-a-buyers-guide-use-cases,ebooks/commercial-property-management-security-a-buyers-guide-use-cases.html,0,4146639,14.0,saved
https://www.flocksafety.com/ebooks/community-safety-use-case-guide,ebooks/community-safety-use-case-guide.html,0,3872471,14.0,saved
https://www.flocksafety.com/ebooks/connecting-the-dots-a-step-by-step-template-for-orc-case-building,ebooks/connecting-the-dots-a-step-by-step-template-for-orc-case-building.html,0,4486625,14.5,saved
https://www.flocksafety.com/ebooks/coverage-where-it-counts,ebooks/coverage-where-it-counts.html,0,4024604,14.1,saved
https://www.flocksafety.com/ebooks/discover-4-proactive-strategies-to-deter-and-solve-more-crime-in-your-neighborhood,ebooks/discover-4-proactive-strategies-to-deter-and-solve-more-crime-in-your-neighborhood.html,0,4486779,14.5,saved
https://www.flocksafety.com/ebooks/doing-more-with-less,ebooks/doing-more-with-less.html,0,4388332,15.1,saved
https://www.flocksafety.com/ebooks/drone-as-first-responder-programs-how-to-build-them-right-from-day-one,ebooks/drone-as-first-responder-programs-how-to-build-them-right-from-day-one.html,0,3872009,15.1,saved
https://www.flocksafety.com/ebooks/elevating-retail-security,ebooks/elevating-retail-security.html,0,4292091,15.1,saved
https://www.flocksafety.com/ebooks/empowering-communities-to-keep-their-residents-safe,ebooks/empowering-communities-to-keep-their-residents-safe.html,0,4000995,14.6,saved
https://www.flocksafety.com/ebooks/from-fear-to-confidence-how-technology-restores-the-retail-experience,ebooks/from-fear-to-confidence-how-technology-restores-the-retail-experience.html,0,7067096,14.8,saved
https://www.flocksafety.com/ebooks/from-instinct-to-evidence-modern-approaches-to-human-trafficking-investigations,ebooks/from-instinct-to-evidence-modern-approaches-to-human-trafficking-investigations.html,0,3988462,14.3,saved
https://www.flocksafety.com/ebooks/from-reactive-to-ready-a-playbook-for-the-new-era-of-crisis-response,ebooks/from-reactive-to-ready-a-playbook-for-the-new-era-of-crisis-response.html,0,3988844,14.8,saved
https://www.flocksafety.com/ebooks/frost-sullivan-names-flock-safety-a-2025-new-product-innovator,ebooks/frost-sullivan-names-flock-safety-a-2025-new-product-innovator.html,0,3989808,14.9,saved
https://www.flocksafety.com/ebooks/hotel-emergency-response-guide,ebooks/hotel-emergency-response-guide.html,0,4243865,14.8,saved
https://www.flocksafety.com/ebooks/how-to-develop-a-level-1-real-time-crime-center,ebooks/how-to-develop-a-level-1-real-time-crime-center.html,0,4272862,13.3,saved
https://www.flocksafety.com/ebooks/how-to-proactively-address-organized-retail-crime,ebooks/how-to-proactively-address-organized-retail-crime.html,0,5107083,13.4,saved
https://www.flocksafety.com/ebooks/how-to-speak-to-city-councils-about-public-safety-technology,ebooks/how-to-speak-to-city-councils-about-public-safety-technology.html,0,5259466,14.6,saved
https://www.flocksafety.com/ebooks/is-your-tech-ready-for-the-next-crisis,ebooks/is-your-tech-ready-for-the-next-crisis.html,0,4183296,13.6,saved
https://www.flocksafety.com/ebooks/license-plate-reader-cameras-overview,ebooks/license-plate-reader-cameras-overview.html,0,4991259,15.2,saved
https://www.flocksafety.com/ebooks/lpr-funding-guide,ebooks/lpr-funding-guide.html,0,3948990,14.7,saved
https://www.flocksafety.com/ebooks/mobile-safety-tech-can-make-your-campus-safer,ebooks/mobile-safety-tech-can-make-your-campus-safer.html,0,9988190,16.2,saved
https://www.flocksafety.com/ebooks/neighborhood-security-guide,ebooks/neighborhood-security-guide.html,0,7600614,15.3,saved
https://www.flocksafety.com/ebooks/organized-retail-crime-case-template,ebooks/organized-retail-crime-case-template.html,0,4082204,15.2,saved
https://www.flocksafety.com/ebooks/property-safety-guide-2,ebooks/property-safety-guide-2.html,0,3695061,14.8,saved
https://www.flocksafety.com/ebooks/property-safety-guide-3,ebooks/property-safety-guide-3.html,0,4016920,14.3,saved
https://www.flocksafety.com/ebooks/property-safety-guide-4,ebooks/property-safety-guide-4.html,0,3926425,13.5,saved
https://www.flocksafety.com/ebooks/property-safety-guide-7,ebooks/property-safety-guide-7.html,0,3968338,14.4,saved
https://www.flocksafety.com/ebooks/property-safety-guide-8,ebooks/property-safety-guide-8.html,0,3875666,13.1,saved
https://www.flocksafety.com/ebooks/property-safety-guide-9,ebooks/property-safety-guide-9.html,0,3826882,14.3,saved
https://www.flocksafety.com/ebooks/protect-people-and-profits-this-holiday-season,ebooks/protect-people-and-profits-this-holiday-season.html,0,3988200,13.3,saved
https://www.flocksafety.com/ebooks/protecting-sacred-spaces-a-modern-guide-to-safety-for-houses-of-worship,ebooks/protecting-sacred-spaces-a-modern-guide-to-safety-for-houses-of-worship.html,0,3896098,15.0,saved
https://www.flocksafety.com/ebooks/rapid-reliable-ready-a-smarter-approach-to-crisis-response,ebooks/rapid-reliable-ready-a-smarter-approach-to-crisis-response.html,0,4661273,14.7,saved
https://www.flocksafety.com/ebooks/retail-security-strategies-from-law-enforcement-investigators,ebooks/retail-security-strategies-from-law-enforcement-investigators.html,0,5227482,14.9,saved
https://www.flocksafety.com/ebooks/school-safety-game-day-game-plan,ebooks/school-safety-game-day-game-plan.html,0,5150048,14.7,saved
https://www.flocksafety.com/ebooks/secure-your-home-21-tips-to-keep-you-and-your-home-safe,ebooks/secure-your-home-21-tips-to-keep-you-and-your-home-safe.html,0,4528009,14.9,saved
https://www.flocksafety.com/ebooks/security-solutions-to-keep-your-multi-family-community-safe,ebooks/security-solutions-to-keep-your-multi-family-community-safe.html,0,3909395,14.7,saved
https://www.flocksafety.com/ebooks/security-strategies-from-former-law-enforcement-investigators,ebooks/security-strategies-from-former-law-enforcement-investigators.html,0,4832949,14.3,saved
https://www.flocksafety.com/ebooks/security-strategies-to-protect-nurses-doctors-and-patients-from-violence,ebooks/security-strategies-to-protect-nurses-doctors-and-patients-from-violence.html,0,3937043,14.9,saved
https://www.flocksafety.com/ebooks/take-campus-safety-to-the-next-level,ebooks/take-campus-safety-to-the-next-level.html,0,3990431,14.4,saved
https://www.flocksafety.com/ebooks/the-2025-alpr-buyers-checklist--and-how-flock-measures-up,ebooks/the-2025-alpr-buyers-checklist--and-how-flock-measures-up.html,0,3986148,14.7,saved
https://www.flocksafety.com/ebooks/the-evolving-landscape-of-retail-consumer-attitudes-crime-trends-and-the-technology-leading-the-fight,ebooks/the-evolving-landscape-of-retail-consumer-attitudes-crime-trends-and-the-technology-leading-the-fight.html,0,4104406,14.4,saved
https://www.flocksafety.com/ebooks/the-evolving-landscape-of-retail-consumer-attitudes-crime-trends-and-the-technology-leading-the-fight-infographic,ebooks/the-evolving-landscape-of-retail-consumer-attitudes-crime-trends-and-the-technology-leading-the-fight-infographic.html,0,4661909,14.7,saved
https://www.flocksafety.com/ebooks/the-power-of-integration-unifying-dispatch-and-rtic-operations,ebooks/the-power-of-integration-unifying-dispatch-and-rtic-operations.html,0,3998068,13.8,saved
https://www.flocksafety.com/ebooks/your-plan-for-tech-enhanced-public-safety,ebooks/your-plan-for-tech-enhanced-public-safety.html,0,9186729,15.2,saved
https://www.flocksafety.com/email-exclusions-test,email-exclusions-test.html,0,3229673,14.4,saved
https://www.flocksafety.com/enhanced-lpr-stop-crime-patterns-that-standard-lprs-cant-see,enhanced-lpr-stop-crime-patterns-that-standard-lprs-cant-see.html,0,3715972,15.1,saved
https://www.flocksafety.com/faq,faq.html,0,3246041,15.4,saved
https://www.flocksafety.com/fb-click-id,fb-click-id.html,0,3235154,14.9,saved
https://www.flocksafety.com/flock-ecosystem,flock-ecosystem.html,0,7915419,15.6,saved
https://www.flocksafety.com/flock-forward,flock-forward.html,0,4879551,16.7,saved
https://www.flocksafety.com/flockone-sensors-software-stronger-together,flockone-sensors-software-stronger-together.html,0,3148358,15.8,saved
https://www.flocksafety.com/form-test,form-test.html,0,2961282,13.1,saved
https://www.flocksafety.com/gdot,gdot.html,0,3054253,13.9,saved
https://www.flocksafety.com/gsx,gsx.html,0,8194717,55.7,saved
https://www.flocksafety.com/implementation-guide,implementation-guide.html,0,3118277,16.5,saved
https://www.flocksafety.com/industries/builders-developers,industries/builders-developers.html,0,6524873,15.2,saved
https://www.flocksafety.com/industries/corporate-security,industries/corporate-security.html,0,3966118,14.4,saved
https://www.flocksafety.com/industries/corrections,industries/corrections.html,0,4363111,14.3,saved
https://www.flocksafety.com/industries/education-campus,industries/education-campus.html,0,6375181,14.6,saved
https://www.flocksafety.com/industries/federal,industries/federal.html,0,4266213,14.4,saved
https://www.flocksafety.com/industries/fire-ems,industries/fire-ems.html,0,6044138,14.3,saved
https://www.flocksafety.com/industries/healthcare,industries/healthcare.html,0,5588679,14.8,saved
https://www.flocksafety.com/industries/hoas,industries/hoas.html,0,6819223,14.6,saved
https://www.flocksafety.com/industries/hospitality,industries/hospitality.html,0,4183370,13.1,saved
https://www.flocksafety.com/industries/law-enforcement,industries/law-enforcement.html,0,6435779,14.9,saved
https://www.flocksafety.com/industries/logistics,industries/logistics.html,0,4138586,14.1,saved
https://www.flocksafety.com/industries/manufacturing,industries/manufacturing.html,0,4106300,14.4,saved
https://www.flocksafety.com/industries/multifamily-communities,industries/multifamily-communities.html,0,6422016,14.3,saved
https://www.flocksafety.com/industries/parks-public-spaces,industries/parks-public-spaces.html,0,4321732,12.9,saved
https://www.flocksafety.com/industries/places-of-worship,industries/places-of-worship.html,0,5422337,14.7,saved
https://www.flocksafety.com/industries/property-management,industries/property-management.html,0,4141371,14.3,saved
https://www.flocksafety.com/industries/public-works,industries/public-works.html,0,5984037,14.1,saved
https://www.flocksafety.com/industries/retail,industries/retail.html,0,4039480,0.0,skipped-existing
https://www.flocksafety.com/industries/retail-banking,industries/retail-banking.html,0,4297871,14.2,saved
https://www.flocksafety.com/industries/transportation,industries/transportation.html,0,3639558,14.1,saved
https://www.flocksafety.com/kb-tickets,kb-tickets.html,0,3377630,14.3,saved
https://www.flocksafety.com/launch-your-rtcc-with-confidence,launch-your-rtcc-with-confidence.html,0,3165978,14.4,saved
https://www.flocksafety.com/legal,legal.html,0,2831841,14.3,saved
https://www.flocksafety.com/legal/api-integration-terms,legal/api-integration-terms.html,0,2945590,14.3,saved
https://www.flocksafety.com/legal/customer-infosec-addendum,legal/customer-infosec-addendum.html,0,2944663,14.3,saved
https://www.flocksafety.com/legal/data-ownership,legal/data-ownership.html,0,2939412,13.3,saved
https://www.flocksafety.com/legal/flock-evidence-policy,legal/flock-evidence-policy.html,0,2950445,14.1,saved
https://www.flocksafety.com/legal/flock-group-inc-standard-purchase-order-terms-and-conditions,legal/flock-group-inc-standard-purchase-order-terms-and-conditions.html,0,2954747,13.7,saved
https://www.flocksafety.com/legal/flock-safety-ethical-creed,legal/flock-safety-ethical-creed.html,0,2933341,14.0,saved
https://www.flocksafety.com/legal/lpr-policy,legal/lpr-policy.html,0,2865393,13.9,saved
https://www.flocksafety.com/legal/part91-operational-agreement,legal/part91-operational-agreement.html,0,2937565,13.8,saved
https://www.flocksafety.com/legal/privacy-policy,legal/privacy-policy.html,0,2958787,0.0,skipped-existing
https://www.flocksafety.com/legal/product-specific-terms,legal/product-specific-terms.html,0,2967295,14.2,saved
https://www.flocksafety.com/legal/social-impact-and-inclusive-procurement-policy,legal/social-impact-and-inclusive-procurement-policy.html,0,2934759,14.4,saved
https://www.flocksafety.com/legal/state-required-provisions,legal/state-required-provisions.html,0,2941650,14.5,saved
https://www.flocksafety.com/legal/terms-and-conditions,legal/terms-and-conditions.html,0,2975447,14.6,saved
https://www.flocksafety.com/legal/third-party-terms,legal/third-party-terms.html,0,2937358,14.0,saved
https://www.flocksafety.com/legal/trademark-notice,legal/trademark-notice.html,0,3096256,13.8,saved
https://www.flocksafety.com/legal/vendor-baa,legal/vendor-baa.html,0,2944815,15.0,saved
https://www.flocksafety.com/legal/vendor-compliance-addendum,legal/vendor-compliance-addendum.html,0,2935714,14.5,saved
https://www.flocksafety.com/legal/vendor-dpa,legal/vendor-dpa.html,0,2975723,14.6,saved
https://www.flocksafety.com/legal/vendor-infosec-addendum,legal/vendor-infosec-addendum.html,0,2943304,16.0,saved
https://www.flocksafety.com/legal/vulnerability-disclosure-policy,legal/vulnerability-disclosure-policy.html,0,3064038,16.1,saved
https://www.flocksafety.com/lp/flockos-waitlist,lp/flockos-waitlist.html,0,3244907,16.8,saved
https://www.flocksafety.com/lp/lpr-pro-early-access,lp/lpr-pro-early-access.html,0,3919588,20.0,saved
https://www.flocksafety.com/lp/lpr-pro-waitlist,lp/lpr-pro-waitlist.html,0,3917045,18.9,saved
https://www.flocksafety.com/lp/perimeter-pro-demo,lp/perimeter-pro-demo.html,0,3635713,18.6,saved
https://www.flocksafety.com/lp/proven-where-it-matters,lp/proven-where-it-matters.html,0,4414346,18.8,saved
https://www.flocksafety.com/lp/rapid-response-shield,lp/rapid-response-shield.html,0,3768393,23.9,saved
https://www.flocksafety.com/lp/retail-software,lp/retail-software.html,0,3226723,14.6,saved
https://www.flocksafety.com/madd,madd.html,0,4174249,14.3,saved
https://www.flocksafety.com/mobile-security-trailers-are-the-ultimate-seasonal-sidekick,mobile-security-trailers-are-the-ultimate-seasonal-sidekick.html,0,3250141,15.4,saved
https://www.flocksafety.com/mobile-security-trailers-turn-deterrence-into-actionable-evidence,mobile-security-trailers-turn-deterrence-into-actionable-evidence.html,0,3210153,14.8,saved
https://www.flocksafety.com/newsletter,newsletter.html,0,3311470,0.0,skipped-existing
https://www.flocksafety.com/partner-inquiry,partner-inquiry.html,0,3044441,13.6,saved
https://www.flocksafety.com/partner-program,partner-program.html,0,3314122,15.5,saved
https://www.flocksafety.com/podcast,podcast.html,0,3349867,15.8,saved
https://www.flocksafety.com/press-center,press-center.html,0,4218274,0.0,skipped-existing
https://www.flocksafety.com/pricing,pricing.html,0,4147297,14.6,saved
https://www.flocksafety.com/privacy-ethics-copy,privacy-ethics-copy.html,0,3129730,17.3,saved
https://www.flocksafety.com/private-sector-drone,private-sector-drone.html,0,3656002,15.6,saved
https://www.flocksafety.com/products,products.html,0,3929654,15.2,saved
https://www.flocksafety.com/products/flock-aerodome-drone-as-automated-security,products/flock-aerodome-drone-as-automated-security.html,0,4564897,14.1,saved
https://www.flocksafety.com/products/flock-dfr,products/flock-dfr.html,0,4593995,35.7,saved
https://www.flocksafety.com/products/flock-freeform,products/flock-freeform.html,0,9657836,14.3,saved
https://www.flocksafety.com/products/flock-os,products/flock-os.html,0,9397615,0.0,skipped-existing
https://www.flocksafety.com/products/flock-safety-platform,products/flock-safety-platform.html,0,8694614,15.6,saved
https://www.flocksafety.com/products/flock911,products/flock911.html,0,4277926,15.1,saved
https://www.flocksafety.com/products/gunshot-detection,products/gunshot-detection.html,0,24477535,15.5,saved
https://www.flocksafety.com/products/license-plate-readers,products/license-plate-readers.html,0,3994944,15.6,saved
https://www.flocksafety.com/products/mobile-security-trailer,products/mobile-security-trailer.html,0,3661256,14.4,saved
https://www.flocksafety.com/products/video-cameras,products/video-cameras.html,0,20007405,13.3,saved
https://www.flocksafety.com/refer,refer.html,0,3227182,15.2,saved
https://www.flocksafety.com/reinstall-fee-schedule,reinstall-fee-schedule.html,0,3102697,13.4,saved
https://www.flocksafety.com/resources,resources.html,0,16111603,0.0,skipped-existing
https://www.flocksafety.com/safe-cities,safe-cities.html,0,3586232,15.5,saved
https://www.flocksafety.com/safety-without-overtime-flock-safety-fifa-2026,safety-without-overtime-flock-safety-fifa-2026.html,0,828604,12.1,saved
https://www.flocksafety.com/solved-stories-awards,solved-stories-awards.html,0,3525751,14.6,saved
https://www.flocksafety.com/solvedstories-private-sector,solvedstories-private-sector.html,0,2995874,13.4,saved
https://www.flocksafety.com/solvedstories-public-sector,solvedstories-public-sector.html,0,3149736,17.7,saved
https://www.flocksafety.com/stop-wrong-way-crashes-before-they-start,stop-wrong-way-crashes-before-they-start.html,0,3450348,14.3,saved
https://www.flocksafety.com/supplier-registration,supplier-registration.html,0,3126925,14.3,saved
https://www.flocksafety.com/thank-you,thank-you.html,0,3633298,14.0,saved
https://www.flocksafety.com/thank-you-download-asset,thank-you-download-asset.html,0,3633279,14.7,saved
https://www.flocksafety.com/thank-you-freeform,thank-you-freeform.html,0,3633124,14.7,saved
https://www.flocksafety.com/thank-you-hoa,thank-you-hoa.html,0,3633304,14.3,saved
https://www.flocksafety.com/thank-you-le-ss,thank-you-le-ss.html,0,3633151,14.2,saved
https://www.flocksafety.com/thank-you-on-demand-webinar,thank-you-on-demand-webinar.html,0,3633252,14.7,saved
https://www.flocksafety.com/thank-you-webinar,thank-you-webinar.html,0,3632546,14.0,saved
https://www.flocksafety.com/thank-you/gsx2024-thankyou,thank-you/gsx2024-thankyou.html,0,3632905,14.1,saved
https://www.flocksafety.com/thank-you/product-overview-series-thankyou,thank-you/product-overview-series-thankyou.html,0,3633203,14.8,saved
https://www.flocksafety.com/thank-you/thank-you,thank-you/thank-you.html,0,3654064,14.3,saved
https://www.flocksafety.com/thank-you/thank-you-2,thank-you/thank-you-2.html,0,3633126,14.1,saved
https://www.flocksafety.com/thank-you/thank-you-3,thank-you/thank-you-3.html,0,3633103,14.6,saved
https://www.flocksafety.com/thank-you/thank-you-4,thank-you/thank-you-4.html,0,3633154,14.1,saved
https://www.flocksafety.com/thank-you/thank-you-5,thank-you/thank-you-5.html,0,3633029,14.2,saved
https://www.flocksafety.com/thank-you/thank-you-download-asset,thank-you/thank-you-download-asset.html,0,3633159,14.3,saved
https://www.flocksafety.com/thank-you/thank-you-for-your-referral,thank-you/thank-you-for-your-referral.html,0,3632944,14.6,saved
https://www.flocksafety.com/thank-you/thank-you-freeform,thank-you/thank-you-freeform.html,0,3633099,14.8,saved
https://www.flocksafety.com/thank-you/thank-you-hoa,thank-you/thank-you-hoa.html,0,3633026,14.3,saved
https://www.flocksafety.com/thank-you/thank-you-le-ss,thank-you/thank-you-le-ss.html,0,3633058,14.3,saved
https://www.flocksafety.com/thank-you/thank-you-webinar,thank-you/thank-you-webinar.html,0,3633156,14.1,saved
https://www.flocksafety.com/thank-you/thank-you-webinar-flock-forward,thank-you/thank-you-webinar-flock-forward.html,0,3633401,14.3,saved
https://www.flocksafety.com/thank-you/thanks-meeting,thank-you/thanks-meeting.html,0,3633180,14.8,saved
https://www.flocksafety.com/thank-you/thanks-meeting-hv,thank-you/thanks-meeting-hv.html,0,3633782,54.0,saved
https://www.flocksafety.com/thank-you/webinar-thankyou,thank-you/webinar-thankyou.html,0,3633149,14.0,saved
https://www.flocksafety.com/thanks-meeting,thanks-meeting.html,0,3633210,13.8,saved
https://www.flocksafety.com/thanks-meeting-hv,thanks-meeting-hv.html,0,3633838,53.9,saved
https://www.flocksafety.com/traffic-analytics-for-city-managers,traffic-analytics-for-city-managers.html,0,3552764,14.3,saved
https://www.flocksafety.com/trust,trust.html,0,3898189,0.0,skipped-existing
https://www.flocksafety.com/trust/compliance-tools,trust/compliance-tools.html,0,3947019,21.9,saved
https://www.flocksafety.com/trust/data-privacy,trust/data-privacy.html,0,4290459,12.9,saved
https://www.flocksafety.com/trust/law-enforcement-access,trust/law-enforcement-access.html,0,3977728,14.0,saved
https://www.flocksafety.com/trust/myths-facts,trust/myths-facts.html,0,3919313,22.4,saved
https://www.flocksafety.com/trust/rights-safeguards,trust/rights-safeguards.html,0,4196474,14.0,saved
https://www.flocksafety.com/upcoming-events,upcoming-events.html,0,33212924,60.7,saved
https://www.flocksafety.com/use-case/emergency-response,use-case/emergency-response.html,0,4481710,17.9,saved
https://www.flocksafety.com/use-case/event-security,use-case/event-security.html,0,4595969,19.2,saved
https://www.flocksafety.com/use-case/organized-retail-crime,use-case/organized-retail-crime.html,0,4409910,18.6,saved
https://www.flocksafety.com/use-case/package-theft,use-case/package-theft.html,0,3892999,16.2,saved
https://www.flocksafety.com/use-case/parking-lot-security,use-case/parking-lot-security.html,0,4368840,20.0,saved
https://www.flocksafety.com/use-case/real-time-crime-center,use-case/real-time-crime-center.html,0,3877675,19.4,saved
https://www.flocksafety.com/use-case/transportation,use-case/transportation.html,0,3667361,15.7,saved
https://www.flocksafety.com/use-case/trespassing-burglary,use-case/trespassing-burglary.html,0,3713538,16.6,saved
https://www.flocksafety.com/use-case/vehicle-catalytic-converter-theft,use-case/vehicle-catalytic-converter-theft.html,0,4329237,18.6,saved
https://www.flocksafety.com/video-form,video-form.html,0,3419594,15.2,saved
https://www.flocksafety.com/video/alpha-is-built-different,video/alpha-is-built-different.html,0,3523586,23.4,saved
https://www.flocksafety.com/video/dekalb-county-safe-city,video/dekalb-county-safe-city.html,0,4034097,15.1,saved
https://www.flocksafety.com/video/drone-as-automated-security-eyes-on-threats-in-seconds,video/drone-as-automated-security-eyes-on-threats-in-seconds.html,0,3709776,15.3,saved
https://www.flocksafety.com/video/flock-alpha,video/flock-alpha.html,0,3915595,18.3,saved
https://www.flocksafety.com/video/flock-alpha-arrive-first-see-everything,video/flock-alpha-arrive-first-see-everything.html,0,3425539,20.8,saved
https://www.flocksafety.com/video/flock-stories-your-voice-a-pinecrest-family-finds-safety-after-the-terror-of-a-home-invasion,video/flock-stories-your-voice-a-pinecrest-family-finds-safety-after-the-terror-of-a-home-invasion.html,0,3428493,23.2,saved
https://www.flocksafety.com/video/how-alphas-parachute-system-enables-safe-drone-recovery,video/how-alphas-parachute-system-enables-safe-drone-recovery.html,0,3425543,23.0,saved
https://www.flocksafety.com/video/how-castle-rock-police-department-extended-visibility-with-flock-dual-lens-ptz,video/how-castle-rock-police-department-extended-visibility-with-flock-dual-lens-ptz.html,0,3827969,14.8,saved
https://www.flocksafety.com/video/not-all-lprs-are-created-equal,video/not-all-lprs-are-created-equal.html,0,3687576,14.8,saved
https://www.flocksafety.com/video/providence-police-chief-credits-flock-with-helping-solve-mit-brown-murders,video/providence-police-chief-credits-flock-with-helping-solve-mit-brown-murders.html,0,3566742,14.8,saved
https://www.flocksafety.com/video/real-time-policing-in-action,video/real-time-policing-in-action.html,0,3720207,17.2,saved
https://www.flocksafety.com/video/two-families-one-frightening-night-and-how-flock-helped-bring-answers,video/two-families-one-frightening-night-and-how-flock-helped-bring-answers.html,0,3425526,22.5,saved
https://www.flocksafety.com/vs/axon,vs/axon.html,0,5537615,14.0,saved
https://www.flocksafety.com/vs/lvt,vs/lvt.html,0,3901990,14.3,saved
https://www.flocksafety.com/webinar-thankyou,webinar-thankyou.html,0,3633223,14.3,saved
https://www.flocksafety.com/webinar/ask-the-experts-how-to-prevent-crime-not-just-respond-to-it,webinar/ask-the-experts-how-to-prevent-crime-not-just-respond-to-it.html,0,3761391,14.3,saved
https://www.flocksafety.com/webinar/beyond-the-plate-real-time-video-intelligence-for-police-operations,webinar/beyond-the-plate-real-time-video-intelligence-for-police-operations.html,0,3846395,14.8,saved
https://www.flocksafety.com/webinar/boost-your-crime-solving-capabilities-with-lpr-video-bundles,webinar/boost-your-crime-solving-capabilities-with-lpr-video-bundles.html,0,3652449,14.4,saved
https://www.flocksafety.com/webinar/bridging-the-gap-dispatch-and-real-time-centers,webinar/bridging-the-gap-dispatch-and-real-time-centers.html,0,4561175,14.4,saved
https://www.flocksafety.com/webinar/bridging-the-gap-dispatch-and-real-time-centerson-demand,webinar/bridging-the-gap-dispatch-and-real-time-centerson-demand.html,0,3984551,14.3,saved
https://www.flocksafety.com/webinar/building-safer-communities-how-to-secure-your-neighborhoods,webinar/building-safer-communities-how-to-secure-your-neighborhoods.html,0,3867545,14.8,saved
https://www.flocksafety.com/webinar/catch-threats-early-resolve-them-quickly-stronger-protection-for-businesses-and-communities,webinar/catch-threats-early-resolve-them-quickly-stronger-protection-for-businesses-and-communities.html,0,3839188,15.2,saved
https://www.flocksafety.com/webinar/catch-threats-early-resolve-them-quickly-stronger-protection-for-businesses-and-communities-on-demand,webinar/catch-threats-early-resolve-them-quickly-stronger-protection-for-businesses-and-communities-on-demand.html,0,3832138,13.8,saved
https://www.flocksafety.com/webinar/catch-threats-early-resolve-them-quickly-stronger-protection-for-businesses-and-communities-video,webinar/catch-threats-early-resolve-them-quickly-stronger-protection-for-businesses-and-communities-video.html,0,3804506,14.1,saved
https://www.flocksafety.com/webinar/crisis-proof-your-public-safety-tech,webinar/crisis-proof-your-public-safety-tech.html,0,3862121,15.1,saved
https://www.flocksafety.com/webinar/de-risk-your-response-with-ai-powered-audio-detection,webinar/de-risk-your-response-with-ai-powered-audio-detection.html,0,3750655,13.1,saved
https://www.flocksafety.com/webinar/designing-safer-spaces-how-layout-lighting-and-visibility-reduce-crime,webinar/designing-safer-spaces-how-layout-lighting-and-visibility-reduce-crime.html,0,4407157,14.4,saved
https://www.flocksafety.com/webinar/drone-as-automated-security-faa-compliance-whats-required,webinar/drone-as-automated-security-faa-compliance-whats-required.html,0,3637722,14.6,saved
https://www.flocksafety.com/webinar/elevate-your-response-with-flockos-r-911,webinar/elevate-your-response-with-flockos-r-911.html,0,3638609,14.4,saved
https://www.flocksafety.com/webinar/elevate-your-rtcc-operations,webinar/elevate-your-rtcc-operations.html,0,3832343,14.9,saved
https://www.flocksafety.com/webinar/empowering-communities-and-law-enforcement-with-flock-safety-video,webinar/empowering-communities-and-law-enforcement-with-flock-safety-video.html,0,3714102,14.4,saved
https://www.flocksafety.com/webinar/expanding-your-healthcare-security-perimeter-beyond-four-walls,webinar/expanding-your-healthcare-security-perimeter-beyond-four-walls.html,0,3756394,12.6,saved
https://www.flocksafety.com/webinar/extending-threat-awareness-beyond-store-entry,webinar/extending-threat-awareness-beyond-store-entry.html,0,3769855,12.6,saved
https://www.flocksafety.com/webinar/extending-threat-awareness-beyond-store-entry-lpm,webinar/extending-threat-awareness-beyond-store-entry-lpm.html,0,3832847,14.4,saved
https://www.flocksafety.com/webinar/faster-after-hours-response-with-drone-as-automated-security,webinar/faster-after-hours-response-with-drone-as-automated-security.html,0,3639469,14.4,saved
https://www.flocksafety.com/webinar/fewer-incidents-faster-response-unifying-mobile-security-trailers-and-license-plate-readers,webinar/fewer-incidents-faster-response-unifying-mobile-security-trailers-and-license-plate-readers.html,0,3867196,14.4,saved
https://www.flocksafety.com/webinar/flock-for-neighborhoods-demo-and-ask-us-anything,webinar/flock-for-neighborhoods-demo-and-ask-us-anything.html,0,3834519,14.9,saved
https://www.flocksafety.com/webinar/flock-safety-for-neighborhoods-live-demo-and-ask-us-anything,webinar/flock-safety-for-neighborhoods-live-demo-and-ask-us-anything.html,0,3835902,14.4,saved
https://www.flocksafety.com/webinar/how-campus-safety-can-boost-student-enrollment-trust,webinar/how-campus-safety-can-boost-student-enrollment-trust.html,0,4052413,14.7,saved
https://www.flocksafety.com/webinar/how-does-drone-as-automated-security-work,webinar/how-does-drone-as-automated-security-work.html,0,3637995,14.7,saved
https://www.flocksafety.com/webinar/how-law-enforcement-can-afford-modern-tech-with-limited-budget-and-staff,webinar/how-law-enforcement-can-afford-modern-tech-with-limited-budget-and-staff.html,0,3833471,14.9,saved
https://www.flocksafety.com/webinar/how-proactive-technology-creates-safer-multifamily-communities,webinar/how-proactive-technology-creates-safer-multifamily-communities.html,0,3836667,14.7,saved
https://www.flocksafety.com/webinar/how-to-build-a-dfr-program-right-from-day-one,webinar/how-to-build-a-dfr-program-right-from-day-one.html,0,3989347,14.9,saved
https://www.flocksafety.com/webinar/how-to-create-a-community-wide-safety-platform,webinar/how-to-create-a-community-wide-safety-platform.html,0,3806491,14.4,saved
https://www.flocksafety.com/webinar/how-to-speak-to-city-councils,webinar/how-to-speak-to-city-councils.html,0,3571569,14.4,saved
https://www.flocksafety.com/webinar/introducing-flock-os,webinar/introducing-flock-os.html,0,3539636,15.1,saved
https://www.flocksafety.com/webinar/introducing-flockos-911-demo,webinar/introducing-flockos-911-demo.html,0,3655273,14.1,saved
https://www.flocksafety.com/webinar/keeping-healthcare-workers-safe-reducing-the-risk-of-workplace-violence,webinar/keeping-healthcare-workers-safe-reducing-the-risk-of-workplace-violence.html,0,3928413,14.9,saved
https://www.flocksafety.com/webinar/limited-staff-big-expectations-how-small-agencies-use-lpr,webinar/limited-staff-big-expectations-how-small-agencies-use-lpr.html,0,3865652,15.1,saved
https://www.flocksafety.com/webinar/lp-product-launch-may-2024-on-demand,webinar/lp-product-launch-may-2024-on-demand.html,0,3557799,13.4,saved
https://www.flocksafety.com/webinar/prepared-for-anything-how-cities-prepare-for-planned-and-unplanned-events,webinar/prepared-for-anything-how-cities-prepare-for-planned-and-unplanned-events.html,0,4558065,15.0,saved
https://www.flocksafety.com/webinar/prepared-for-anything-how-cities-prepare-for-planned-and-unplanned-events-on-demand,webinar/prepared-for-anything-how-cities-prepare-for-planned-and-unplanned-events-on-demand.html,0,3984298,13.7,saved
https://www.flocksafety.com/webinar/prepared-for-anything-how-cities-prepare-for-planned-and-unplanned-events-video,webinar/prepared-for-anything-how-cities-prepare-for-planned-and-unplanned-events-video.html,0,3638378,14.0,saved
https://www.flocksafety.com/webinar/preventing-crime-at-your-properties,webinar/preventing-crime-at-your-properties.html,0,3832383,15.2,saved
https://www.flocksafety.com/webinar/preventing-school-violence,webinar/preventing-school-violence.html,0,3661546,13.2,saved
https://www.flocksafety.com/webinar/proactive-approach-to-safety-for-houses-of-worship,webinar/proactive-approach-to-safety-for-houses-of-worship.html,0,4424561,14.7,saved
https://www.flocksafety.com/webinar/product-launch,webinar/product-launch.html,0,3750213,13.5,saved
https://www.flocksafety.com/webinar/product-launch-feb-2024,webinar/product-launch-feb-2024.html,0,3660526,14.7,saved
https://www.flocksafety.com/webinar/product-launch-may-2024,webinar/product-launch-may-2024.html,0,3654300,13.6,saved
https://www.flocksafety.com/webinar/product-launch-no-cost-apis-ai-for-faster-investigations,webinar/product-launch-no-cost-apis-ai-for-faster-investigations.html,0,3993756,14.6,saved
https://www.flocksafety.com/webinar/product-launch-webinar,webinar/product-launch-webinar.html,0,3984113,14.8,saved
https://www.flocksafety.com/webinar/q-a-get-to-know-the-mobile-security-trailer,webinar/q-a-get-to-know-the-mobile-security-trailer.html,0,3739942,15.4,saved
https://www.flocksafety.com/webinar/q1-2024-flock-safety-quarterly-product-update,webinar/q1-2024-flock-safety-quarterly-product-update.html,0,3781648,13.7,saved
https://www.flocksafety.com/webinar/real-time-road-safety-detect-crashes-sooner-reconstruct-scenes-faster-and-improve-your-streets,webinar/real-time-road-safety-detect-crashes-sooner-reconstruct-scenes-faster-and-improve-your-streets.html,0,4410314,14.6,saved
https://www.flocksafety.com/webinar/reduce-crime-and-increase-safety-why-communities-choose-flock-safety,webinar/reduce-crime-and-increase-safety-why-communities-choose-flock-safety.html,0,3832054,14.4,saved
https://www.flocksafety.com/webinar/reducing-retail-crime-webinar,webinar/reducing-retail-crime-webinar.html,0,3800378,15.2,saved
https://www.flocksafety.com/webinar/reducing-traffic-deaths-and-building-a-safer-city,webinar/reducing-traffic-deaths-and-building-a-safer-city.html,0,3796653,14.9,saved
https://www.flocksafety.com/webinar/respond-to-incidents-faster-with-the-security-cameras-you-already-have,webinar/respond-to-incidents-faster-with-the-security-cameras-you-already-have.html,0,3984121,14.6,saved
https://www.flocksafety.com/webinar/retail-threat-awareness,webinar/retail-threat-awareness.html,0,3829805,14.4,saved
https://www.flocksafety.com/webinar/safer-together-video,webinar/safer-together-video.html,0,3749549,13.8,saved
https://www.flocksafety.com/webinar/safety-strategies-to-beat-the-holiday-crime-surge,webinar/safety-strategies-to-beat-the-holiday-crime-surge.html,0,4403369,15.4,saved
https://www.flocksafety.com/webinar/thank-you-uncover-and-connect-taking-human-trafficking-investigations-to-the-next-level-on-demand,webinar/thank-you-uncover-and-connect-taking-human-trafficking-investigations-to-the-next-level-on-demand.html,0,3826176,14.6,saved
https://www.flocksafety.com/webinar/the-case-for-lpr-gunshot-detection,webinar/the-case-for-lpr-gunshot-detection.html,0,3631610,13.2,saved
https://www.flocksafety.com/webinar/the-future-of-policing-is-real-time,webinar/the-future-of-policing-is-real-time.html,0,3539955,13.8,saved
https://www.flocksafety.com/webinar/the-next-frontier-in-policing-introducing-flock-safetys-drones-for-rapid-response,webinar/the-next-frontier-in-policing-introducing-flock-safetys-drones-for-rapid-response.html,0,3813073,13.9,saved
https://www.flocksafety.com/webinar/the-safety-blueprint-security-strategies-to-elevate-residential-communities,webinar/the-safety-blueprint-security-strategies-to-elevate-residential-communities.html,0,3796756,14.6,saved
https://www.flocksafety.com/webinar/the-shift-to-proactive-security-new-tools-to-deter-crime-and-hold-offenders-accountable,webinar/the-shift-to-proactive-security-new-tools-to-deter-crime-and-hold-offenders-accountable.html,0,4030267,14.8,saved
https://www.flocksafety.com/webinar/the-value-of-security-demonstrating-roi-and-business-impact,webinar/the-value-of-security-demonstrating-roi-and-business-impact.html,0,3852780,14.5,saved
https://www.flocksafety.com/webinar/this-is-a-test,webinar/this-is-a-test.html,0,3729168,13.4,saved
https://www.flocksafety.com/webinar/uncover-and-connect-taking-human-trafficking-investigations-to-the-next-level-on-demand,webinar/uncover-and-connect-taking-human-trafficking-investigations-to-the-next-level-on-demand.html,0,4029339,14.3,saved
https://www.flocksafety.com/webinar/video-without-limitations,webinar/video-without-limitations.html,0,3638066,14.8,saved
https://www.flocksafety.com/webinar/video-without-limitations-flock-safetys-newest-solutions-for-law-enforcement,webinar/video-without-limitations-flock-safetys-newest-solutions-for-law-enforcement.html,0,3831626,14.4,saved
https://www.flocksafety.com/webinar/webinar-combating-orc-and-theft,webinar/webinar-combating-orc-and-theft.html,0,3836404,14.4,saved
https://www.flocksafety.com/webinar/webinar-test-evens-page,webinar/webinar-test-evens-page.html,0,1136872,11.2,saved
https://www.flocksafety.com/webinar/webinar-test-evens-page-copy,webinar/webinar-test-evens-page-copy.html,0,3535063,13.9,saved
https://www.flocksafety.com/webinar/webinar-test-evens-page-copy-10,webinar/webinar-test-evens-page-copy-10.html,0,3535048,14.2,saved
https://www.flocksafety.com/webinar/webinar-test-evens-page-copy-11,webinar/webinar-test-evens-page-copy-11.html,0,3535065,14.6,saved
https://www.flocksafety.com/webinar/webinar-test-evens-page-copy-2,webinar/webinar-test-evens-page-copy-2.html,0,3535101,14.3,saved
https://www.flocksafety.com/webinar/webinar-test-evens-page-copy-3,webinar/webinar-test-evens-page-copy-3.html,0,3535081,14.7,saved
https://www.flocksafety.com/webinar/webinar-test-evens-page-copy-4,webinar/webinar-test-evens-page-copy-4.html,0,3535085,14.4,saved
https://www.flocksafety.com/webinar/webinar-test-evens-page-copy-5,webinar/webinar-test-evens-page-copy-5.html,0,3535032,13.1,saved
https://www.flocksafety.com/webinar/webinar-test-evens-page-copy-6,webinar/webinar-test-evens-page-copy-6.html,0,3535091,14.9,saved
https://www.flocksafety.com/webinar/webinar-test-evens-page-copy-7,webinar/webinar-test-evens-page-copy-7.html,0,3535093,14.1,saved
https://www.flocksafety.com/webinar/webinar-test-evens-page-copy-8,webinar/webinar-test-evens-page-copy-8.html,0,3535067,14.9,saved
https://www.flocksafety.com/webinar/webinar-test-evens-page-copy-9,webinar/webinar-test-evens-page-copy-9.html,0,3535079,14.5,saved
https://www.flocksafety.com/webinar/webinar-test-evens-page-past,webinar/webinar-test-evens-page-past.html,0,3535111,13.8,saved
https://www.flocksafety.com/webinar/you-asked-we-listened-q4-public-safety-product-updates,webinar/you-asked-we-listened-q4-public-safety-product-updates.html,0,4058866,14.1,saved
https://www.flocksafety.com/what-is-flock,what-is-flock.html,0,4731071,13.5,saved
