https://www.flocksafety.com/,index.html,0,17765371,0.0,skipped-existing
https://www.flocksafety.com/abm/amazon,abm/amazon.html,0,11143743,0.0,skipped-existing
https://www.flocksafety.com/abm/burlington,abm/burlington.html,0,11527689,17.1,saved
https://www.flocksafety.com/abm/disney,abm/disney.html,0,11234114,18.2,saved
https://www.flocksafety.com/abm/edison,abm/edison.html,0,11733691,18.3,saved
https://www.flocksafety.com/abm/international-paper,abm/international-paper.html,0,11180737,18.3,saved
https://www.flocksafety.com/abm/national-grid,abm/national-grid.html,0,11797505,14.1,saved
https://www.flocksafety.com/abm/nike,abm/nike.html,0,11318043,17.5,saved
https://www.flocksafety.com/abm/publix,abm/publix.html,0,11488660,17.2,saved
https://www.flocksafety.com/abm/unitedhealth-group,abm/unitedhealth-group.html,0,11742968,17.1,saved
https://www.flocksafety.com/abm/walmart,abm/walmart.html,0,11190486,15.9,saved
https://www.flocksafety.com/accessibility-plan,accessibility-plan.html,0,10137728,0.0,skipped-existing
https://www.flocksafety.com/accessibility-statement,accessibility-statement.html,0,10236022,15.8,saved
https://www.flocksafety.com/are-you-ready-for-the-new-budget-year,are-you-ready-for-the-new-budget-year.html,0,11057463,17.9,saved
https://www.flocksafety.com/big-city-ai-tools-on-a-budget,big-city-ai-tools-on-a-budget.html,0,11169405,17.6,saved
https://www.flocksafety.com/blog,blog.html,0,13236339,31.2,saved
https://www.flocksafety.com/blog/10-of-reported-crime-in-the-u-s-is-solved-using-flock-technology,blog/10-of-reported-crime-in-the-u-s-is-solved-using-flock-technology.html,0,10669989,0.0,skipped-existing
https://www.flocksafety.com/blog/10-safety-tips-for-the-holiday-season,blog/10-safety-tips-for-the-holiday-season.html,0,11069264,14.0,saved
https://www.flocksafety.com/blog/1000-missing-persons-reunited,blog/1000-missing-persons-reunited.html,0,10713414,15.6,saved
https://www.flocksafety.com/blog/1000-worth-of-property-damage-recovered,blog/1000-worth-of-property-damage-recovered.html,0,10658503,16.8,saved
https://www.flocksafety.com/blog/17-powerful-ways-to-utilize-a-mobile-camera-trailer,blog/17-powerful-ways-to-utilize-a-mobile-camera-trailer.html,0,10762090,14.2,saved
https://www.flocksafety.com/blog/20-million-gift-card-scheme-exposed-by-video-cameras,blog/20-million-gift-card-scheme-exposed-by-video-cameras.html,0,10601480,16.0,saved
https://www.flocksafety.com/blog/20-tips-to-deter-crime-and-foster-peace-of-mind-in-your-community,blog/20-tips-to-deter-crime-and-foster-peace-of-mind-in-your-community.html,0,11669762,15.8,saved
https://www.flocksafety.com/blog/200-vs-400-feet-dfr,blog/200-vs-400-feet-dfr.html,0,11896193,14.3,saved
https://www.flocksafety.com/blog/2022-solved-awards,blog/2022-solved-awards.html,0,10606339,16.2,saved
https://www.flocksafety.com/blog/2022-yc-top-private-company,blog/2022-yc-top-private-company.html,0,10626074,15.0,saved
https://www.flocksafety.com/blog/2023-solved-awards,blog/2023-solved-awards.html,0,10615562,14.9,saved
https://www.flocksafety.com/blog/24-7-schools-how-to-best-protect-your-campus-when-youre-not-there,blog/24-7-schools-how-to-best-protect-your-campus-when-youre-not-there.html,0,13381571,16.5,saved
https://www.flocksafety.com/blog/3-lessons-we-learned-from-law-enforcement-building-flock-safety-falcon-camera,blog/3-lessons-we-learned-from-law-enforcement-building-flock-safety-falcon-camera.html,0,10600913,19.1,saved
https://www.flocksafety.com/blog/3-month-old-kidnapped-located-safely-michigan,blog/3-month-old-kidnapped-located-safely-michigan.html,0,10746475,22.1,saved
https://www.flocksafety.com/blog/3-ways-license-plate-readers-really-reduce-crime,blog/3-ways-license-plate-readers-really-reduce-crime.html,0,10794031,24.6,saved
https://www.flocksafety.com/blog/3-ways-your-asset-protection-and-loss-prevention-teams-can-reduce-organized-retail-crime,blog/3-ways-your-asset-protection-and-loss-prevention-teams-can-reduce-organized-retail-crime.html,0,11116016,26.3,saved
https://www.flocksafety.com/blog/4-ways-flocks-mobile-security-trailer-delivers-a-smarter-way-to-secure-your-property,blog/4-ways-flocks-mobile-security-trailer-delivers-a-smarter-way-to-secure-your-property.html,0,10815379,26.0,saved
https://www.flocksafety.com/blog/5-crime-prevention-tips-from-police-for-hoas,blog/5-crime-prevention-tips-from-police-for-hoas.html,0,10620458,21.8,saved
https://www.flocksafety.com/blog/5-key-insights-on-tackling-organized-retail-crime-from-law-enforcement-leaders,blog/5-key-insights-on-tackling-organized-retail-crime-from-law-enforcement-leaders.html,0,11008200,21.9,saved
https://www.flocksafety.com/blog/5-keys-to-hiring-for-drive-and-building-in-the-gray-how-two-rtic-leaders-are-shaping-real-time-policing,blog/5-keys-to-hiring-for-drive-and-building-in-the-gray-how-two-rtic-leaders-are-shaping-real-time-policing.html,0,10809514,22.8,saved
https://www.flocksafety.com/blog/5-lessons-on-transitioning-from-law-enforcement-to-the-private-sector,blog/5-lessons-on-transitioning-from-law-enforcement-to-the-private-sector.html,0,10791397,31.2,saved
https://www.flocksafety.com/blog/5-places-your-community-may-need-better-coverage,blog/5-places-your-community-may-need-better-coverage.html,0,11292285,20.1,saved
https://www.flocksafety.com/blog/5-safety-tips-for-house-hunting,blog/5-safety-tips-for-house-hunting.html,0,10637638,22.2,saved
https://www.flocksafety.com/blog/5-steps-to-establish-a-real-time-crime-center,blog/5-steps-to-establish-a-real-time-crime-center.html,0,10839256,22.4,saved
https://www.flocksafety.com/blog/5-strategies-for-smarter-parking-lot-security-with-alpr-solar-solutions,blog/5-strategies-for-smarter-parking-lot-security-with-alpr-solar-solutions.html,0,10991223,19.8,saved
https://www.flocksafety.com/blog/5-times-license-plate-readers-saved-the-day,blog/5-times-license-plate-readers-saved-the-day.html,0,10778074,22.5,saved
https://www.flocksafety.com/blog/5-tips-keeping-your-neighborhood-safe,blog/5-tips-keeping-your-neighborhood-safe.html,0,10979746,20.9,saved
https://www.flocksafety.com/blog/5-tips-to-virtually-engage-your-community-during-covid-19,blog/5-tips-to-virtually-engage-your-community-during-covid-19.html,0,10779438,16.3,saved
https://www.flocksafety.com/blog/5-ways-flock-safety-is-transforming-school-campus-safety----starting-with-a-smarter-dismissal-line,blog/5-ways-flock-safety-is-transforming-school-campus-safety----starting-with-a-smarter-dismissal-line.html,0,10789560,17.7,saved
https://www.flocksafety.com/blog/5-ways-host-cities-can-prepare-for-a-safe-and-successful-2026-fifa-world-cup,blog/5-ways-host-cities-can-prepare-for-a-safe-and-successful-2026-fifa-world-cup.html,0,11434749,16.0,saved
https://www.flocksafety.com/blog/5-ways-to-use-virtual-tools-for-neighborhood-safety,blog/5-ways-to-use-virtual-tools-for-neighborhood-safety.html,0,10743899,16.1,saved
https://www.flocksafety.com/blog/6-benefits-of-lpr-for-law-enforcement,blog/6-benefits-of-lpr-for-law-enforcement.html,0,11235876,16.8,saved
https://www.flocksafety.com/blog/6-career-tips-for-security-professionals-from-oscar-arango,blog/6-career-tips-for-security-professionals-from-oscar-arango.html,0,10760773,17.3,saved
https://www.flocksafety.com/blog/6-myths-license-plate-readers-security-systems,blog/6-myths-license-plate-readers-security-systems.html,0,10898180,15.4,saved
https://www.flocksafety.com/blog/6-safety-tips-your-2023-back-to-school-safety-kit,blog/6-safety-tips-your-2023-back-to-school-safety-kit.html,0,10799212,16.7,saved
https://www.flocksafety.com/blog/7-questions-with-police-chief-thompson-of-elizabethtown-kentucky,blog/7-questions-with-police-chief-thompson-of-elizabethtown-kentucky.html,0,10745778,21.9,saved
https://www.flocksafety.com/blog/8-rules-hoa-boards-can-follow-to-keep-residents-safe,blog/8-rules-hoa-boards-can-follow-to-keep-residents-safe.html,0,10742490,15.3,saved
https://www.flocksafety.com/blog/8-security-tips-for-property-managers-save-time-and-money,blog/8-security-tips-for-property-managers-save-time-and-money.html,0,10625384,18.3,saved
https://www.flocksafety.com/blog/a-5-step-plan-safety-plan-for-houses-worship,blog/a-5-step-plan-safety-plan-for-houses-worship.html,0,10799423,19.8,saved
https://www.flocksafety.com/blog/a-chiefs-guide-to-evaluating-license-plate-readers-9-questions-to-ask-before-investing-in-lpr,blog/a-chiefs-guide-to-evaluating-license-plate-readers-9-questions-to-ask-before-investing-in-lpr.html,0,10847287,17.6,saved
https://www.flocksafety.com/blog/a-connected-future-how-elk-grove-pd-is-redefining-public-safety-with-drone-technology,blog/a-connected-future-how-elk-grove-pd-is-redefining-public-safety-with-drone-technology.html,0,10791918,26.2,saved
https://www.flocksafety.com/blog/a-conversation-with-safe-house-projects-brittany-dunn,blog/a-conversation-with-safe-house-projects-brittany-dunn.html,0,10815623,16.4,saved
https://www.flocksafety.com/blog/a-practical-guide-to-ai-policy-and-policing,blog/a-practical-guide-to-ai-policy-and-policing.html,0,11010555,17.3,saved
https://www.flocksafety.com/blog/a-practical-lpr-and-video-strategy-for-small-patrol-teams,blog/a-practical-lpr-and-video-strategy-for-small-patrol-teams.html,0,10627684,16.0,saved
https://www.flocksafety.com/blog/a-smarter-path-to-help-prosecute-offenders-why-choose-flocks-mobile-security-trailer-vs-lvt,blog/a-smarter-path-to-help-prosecute-offenders-why-choose-flocks-mobile-security-trailer-vs-lvt.html,0,10837408,14.5,saved
https://www.flocksafety.com/blog/a-smarter-path-to-real-crime-reduction-why-choose-flocks-mobile-security-trailer-vs-lvt,blog/a-smarter-path-to-real-crime-reduction-why-choose-flocks-mobile-security-trailer-vs-lvt.html,0,10983033,18.7,saved
https://www.flocksafety.com/blog/a-tale-of-two-cities-how-a-flock-safe-city-subscription-transforms-operations-budgets-and-outcomes,blog/a-tale-of-two-cities-how-a-flock-safe-city-subscription-transforms-operations-budgets-and-outcomes.html,0,10897616,18.0,saved
https://www.flocksafety.com/blog/a-wider-lens-on-justice-from-quick-ids-to-long-term-impact,blog/a-wider-lens-on-justice-from-quick-ids-to-long-term-impact.html,0,11091656,16.5,saved
https://www.flocksafety.com/blog/acg-atl-names-flock-safety-number-one-on-georgias-top-40-fastest-growing-companies,blog/acg-atl-names-flock-safety-number-one-on-georgias-top-40-fastest-growing-companies.html,0,10836556,19.9,saved
https://www.flocksafety.com/blog/addressing-unauthorized-access-on-your-healthcare-campus,blog/addressing-unauthorized-access-on-your-healthcare-campus.html,0,11127079,21.6,saved
https://www.flocksafety.com/blog/aerodome-and-flock-safety-forge-strategic-partnership-to-expand-drone-as-first-responder-technology-for-public-safety-agencies,blog/aerodome-and-flock-safety-forge-strategic-partnership-to-expand-drone-as-first-responder-technology-for-public-safety-agencies.html,0,10697916,21.0,saved
https://www.flocksafety.com/blog/affordable-cameras,blog/affordable-cameras.html,0,10680437,20.6,saved
https://www.flocksafety.com/blog/after-public-debate-these-cities-chose-safety-and-privacy-with-flock,blog/after-public-debate-these-cities-chose-safety-and-privacy-with-flock.html,0,20995457,22.3,saved
https://www.flocksafety.com/blog/ai-video-search-for-retail-theft-investigations,blog/ai-video-search-for-retail-theft-investigations.html,0,11010171,29.6,saved
https://www.flocksafety.com/blog/airsight-and-flock-bring-airspace-intelligence-into-one-operating-picture,blog/airsight-and-flock-bring-airspace-intelligence-into-one-operating-picture.html,0,10881688,18.1,saved
https://www.flocksafety.com/blog/albany-pd-announces-the-addition-of-120-flock-cameras,blog/albany-pd-announces-the-addition-of-120-flock-cameras.html,0,10598018,20.6,saved
https://www.flocksafety.com/blog/alert-respond-resolve-officers-move-fast-with-the-right-signal,blog/alert-respond-resolve-officers-move-fast-with-the-right-signal.html,0,11465815,15.5,saved
https://www.flocksafety.com/blog/allentown-pennsylvania-is-partnering-with-flock-to-shape-a-safer-community,blog/allentown-pennsylvania-is-partnering-with-flock-to-shape-a-safer-community.html,0,11231699,18.0,saved
https://www.flocksafety.com/blog/alpr-program-community-relations,blog/alpr-program-community-relations.html,0,10505962,28.8,saved
https://www.flocksafety.com/blog/alpr-technology-gun-violence,blog/alpr-technology-gun-violence.html,0,10963759,19.3,saved
https://www.flocksafety.com/blog/amber-alerts-partnership,blog/amber-alerts-partnership.html,0,10652112,22.5,saved
https://www.flocksafety.com/blog/an-asset-protection-experts-pov-on-drones-and-the-future-of-security,blog/an-asset-protection-experts-pov-on-drones-and-the-future-of-security.html,0,12226142,21.7,saved
https://www.flocksafety.com/blog/an-update-on-ring-partnership,blog/an-update-on-ring-partnership.html,0,10586061,19.8,saved
https://www.flocksafety.com/blog/anderson-police-bridge-people-policing-technology,blog/anderson-police-bridge-people-policing-technology.html,0,10617733,31.3,saved
https://www.flocksafety.com/blog/announcing-the-2024-flock-safety-physical-security-awards,blog/announcing-the-2024-flock-safety-physical-security-awards.html,0,10771138,20.7,saved
https://www.flocksafety.com/blog/announcing-the-2024-flock-safety-solved-awards-winners,blog/announcing-the-2024-flock-safety-solved-awards-winners.html,0,10865185,17.7,saved
https://www.flocksafety.com/blog/apartment-safety-tips,blog/apartment-safety-tips.html,0,10934927,18.8,saved
https://www.flocksafety.com/blog/apartment-security-camera-flock-safety,blog/apartment-security-camera-flock-safety.html,0,10936943,21.6,saved
https://www.flocksafety.com/blog/apartment-security-flock-lpr-cameras,blog/apartment-security-flock-lpr-cameras.html,0,10882302,27.8,saved
https://www.flocksafety.com/blog/are-flock-products-discriminatory,blog/are-flock-products-discriminatory.html,0,10845754,31.9,saved
https://www.flocksafety.com/blog/around-the-events-involving-george-floyd-minneapolis,blog/around-the-events-involving-george-floyd-minneapolis.html,0,10686233,30.5,saved
https://www.flocksafety.com/blog/automated-license-plate-readers-and-the-fourth-amendment-a-public-safety-by-design-perspective-from-flock,blog/automated-license-plate-readers-and-the-fourth-amendment-a-public-safety-by-design-perspective-from-flock.html,0,10771481,30.4,saved
https://www.flocksafety.com/blog/awareness-on-arrival-when-the-right-lead-comes-early,blog/awareness-on-arrival-when-the-right-lead-comes-early.html,0,11117375,25.0,saved
https://www.flocksafety.com/blog/axon-plans-to-sever-apis-with-flock,blog/axon-plans-to-sever-apis-with-flock.html,0,10746014,20.6,saved
https://www.flocksafety.com/blog/balancing-safety-and-experience-how-technology-is-shaping-the-future-of-retail-security,blog/balancing-safety-and-experience-how-technology-is-shaping-the-future-of-retail-security.html,0,11214062,20.5,saved
https://www.flocksafety.com/blog/best-hoa-perimeter-security,blog/best-hoa-perimeter-security.html,0,11105532,18.0,saved
https://www.flocksafety.com/blog/best-lpr-camera-crime-center-solution,blog/best-lpr-camera-crime-center-solution.html,0,10996346,17.0,saved
https://www.flocksafety.com/blog/best-places-to-use-mobile-security-trailers,blog/best-places-to-use-mobile-security-trailers.html,0,11242181,21.2,saved
https://www.flocksafety.com/blog/best-public-safety-drone,blog/best-public-safety-drone.html,0,10806476,19.8,saved
https://www.flocksafety.com/blog/best-public-safety-drones-for-law-enforcement-and-emergency,blog/best-public-safety-drones-for-law-enforcement-and-emergency.html,0,10957420,17.1,saved
https://www.flocksafety.com/blog/better-together-how-lprs-and-mobile-security-trailers-strengthen-security-across-your-commercial-properties,blog/better-together-how-lprs-and-mobile-security-trailers-strengthen-security-across-your-commercial-properties.html,0,10929471,22.7,saved
https://www.flocksafety.com/blog/beyond-crime-reduction-how-flock-forward-2025-redefined-public-safety,blog/beyond-crime-reduction-how-flock-forward-2025-redefined-public-safety.html,0,10783534,20.8,saved
https://www.flocksafety.com/blog/beyond-kubeflow-why-we-built-traintrack,blog/beyond-kubeflow-why-we-built-traintrack.html,0,11064057,21.0,saved
https://www.flocksafety.com/blog/birds-of-a-feather-dennis-segovia,blog/birds-of-a-feather-dennis-segovia.html,0,10816550,21.8,saved
https://www.flocksafety.com/blog/birds-of-a-feather-jasmine-flock-safety,blog/birds-of-a-feather-jasmine-flock-safety.html,0,10837496,19.9,saved
https://www.flocksafety.com/blog/blogsuspicious-activity-stopped,blog/blogsuspicious-activity-stopped.html,0,10670745,18.3,saved
https://www.flocksafety.com/blog/boston-globe-opinion-editor-on-flocks-value-for-community-safety,blog/boston-globe-opinion-editor-on-flocks-value-for-community-safety.html,0,10811526,17.9,saved
https://www.flocksafety.com/blog/brandon-simins-joins-flock-safety-as-chief-financial-officer,blog/brandon-simins-joins-flock-safety-as-chief-financial-officer.html,0,10786952,17.9,saved
https://www.flocksafety.com/blog/building-a-culture-of-empowerment-women-of-flocks-impact-and-vision,blog/building-a-culture-of-empowerment-women-of-flocks-impact-and-vision.html,0,10802409,16.0,saved
https://www.flocksafety.com/blog/building-a-real-time-crime-center-the-right-way-insights-from-industry-experts,blog/building-a-real-time-crime-center-the-right-way-insights-from-industry-experts.html,0,10650116,25.6,saved
https://www.flocksafety.com/blog/building-a-safer-stronger-allentown-a-conversation-with-mayor-matt-tuerk,blog/building-a-safer-stronger-allentown-a-conversation-with-mayor-matt-tuerk.html,0,10754747,25.7,saved
https://www.flocksafety.com/blog/building-on-trust-updates-to-flocks-terms-and-conditions,blog/building-on-trust-updates-to-flocks-terms-and-conditions.html,0,11113177,15.8,saved
https://www.flocksafety.com/blog/building-public-trust-through-transparency-how-flock-helps-communities--and-why-youll-want-to-be-part-of-it,blog/building-public-trust-through-transparency-how-flock-helps-communities--and-why-youll-want-to-be-part-of-it.html,0,11050249,23.9,saved
https://www.flocksafety.com/blog/building-smarter-not-just-bigger-how-flock-safety-thinks-about-product-integrations-and-the-future-of-ai,blog/building-smarter-not-just-bigger-how-flock-safety-thinks-about-product-integrations-and-the-future-of-ai.html,0,10826920,15.2,saved
https://www.flocksafety.com/blog/building-stronger-cases-with-layered-security-technology-using-license-plate-reader-cameras,blog/building-stronger-cases-with-layered-security-technology-using-license-plate-reader-cameras.html,0,10612616,16.0,saved
https://www.flocksafety.com/blog/building-the-future-inside-flock-safetys-2025-intern-experience,blog/building-the-future-inside-flock-safetys-2025-intern-experience.html,0,11550154,16.2,saved
https://www.flocksafety.com/blog/building-trust-through-tech-and-heart-how-chief-bobby-davis-is-redefining-public-safety-leadership-lsenb,blog/building-trust-through-tech-and-heart-how-chief-bobby-davis-is-redefining-public-safety-leadership-lsenb.html,0,10797941,17.3,saved
https://www.flocksafety.com/blog/california-sb34-what-private-organizations-using-alpr-need-to-know,blog/california-sb34-what-private-organizations-using-alpr-need-to-know.html,0,8530214,13.4,saved
https://www.flocksafety.com/blog/cameras-installed-around-port-isabel,blog/cameras-installed-around-port-isabel.html,0,10748721,17.4,saved
https://www.flocksafety.com/blog/capture-evidence-that-matters-for-solving-crime,blog/capture-evidence-that-matters-for-solving-crime.html,0,10583624,17.7,saved
https://www.flocksafety.com/blog/castle-rock-police-launch-flock-dfr-for-faster-and-safer-response-time,blog/castle-rock-police-launch-flock-dfr-for-faster-and-safer-response-time.html,0,11274961,17.7,saved
https://www.flocksafety.com/blog/catalytic-converter-theft,blog/catalytic-converter-theft.html,0,10687001,17.6,saved
https://www.flocksafety.com/blog/catch-crooks,blog/catch-crooks.html,0,10607547,14.5,saved
https://www.flocksafety.com/blog/city-leaders-choose-flock-safety-a-proven-community-focused-public-safety-solution,blog/city-leaders-choose-flock-safety-a-proven-community-focused-public-safety-solution.html,0,10662058,15.2,saved
https://www.flocksafety.com/blog/city-of-el-cajon-honored-with-golden-watchdog-award-for-public-safety-innovation,blog/city-of-el-cajon-honored-with-golden-watchdog-award-for-public-safety-innovation.html,0,10843240,14.9,saved
https://www.flocksafety.com/blog/close-the-campus-police-response-gap-with-drone-as-first-responder,blog/close-the-campus-police-response-gap-with-drone-as-first-responder.html,0,12005994,16.0,saved
https://www.flocksafety.com/blog/cobb-based-cids-tactic-catch-criminals-with-tag-scanning-cameras,blog/cobb-based-cids-tactic-catch-criminals-with-tag-scanning-cameras.html,0,10609446,14.7,saved
https://www.flocksafety.com/blog/cobb-county-communities-invest-in-crime-fighting-camera,blog/cobb-county-communities-invest-in-crime-fighting-camera.html,0,10639411,15.8,saved
https://www.flocksafety.com/blog/collierville-cameras-scanning-license-plates-to-prevent-crime,blog/collierville-cameras-scanning-license-plates-to-prevent-crime.html,0,10662120,14.3,saved
https://www.flocksafety.com/blog/collierville-memphis-neighborhood-crime-streak,blog/collierville-memphis-neighborhood-crime-streak.html,0,10777759,15.1,saved
https://www.flocksafety.com/blog/colorado-hoa-chose-flock-neighborhood-security-cameras,blog/colorado-hoa-chose-flock-neighborhood-security-cameras.html,0,10845270,14.5,saved
https://www.flocksafety.com/blog/colorado-neighborhoods-using-flock-safety-to-reduce-crime,blog/colorado-neighborhoods-using-flock-safety-to-reduce-crime.html,0,10668933,16.0,saved
https://www.flocksafety.com/blog/combating-retail-fraud-with-data-driven-security,blog/combating-retail-fraud-with-data-driven-security.html,0,10736500,14.7,saved
https://www.flocksafety.com/blog/community-and-technology-unite-to-shape-a-safer-south-downtown-atlanta,blog/community-and-technology-unite-to-shape-a-safer-south-downtown-atlanta.html,0,11287898,15.9,saved
https://www.flocksafety.com/blog/community-camera-for-safe-neighborhoods,blog/community-camera-for-safe-neighborhoods.html,0,11466824,14.6,saved
https://www.flocksafety.com/blog/community-manager-security-options,blog/community-manager-security-options.html,0,10753915,14.1,saved
https://www.flocksafety.com/blog/congratulations-to-the-flock-safety-award-winners-at-iacp-2022,blog/congratulations-to-the-flock-safety-award-winners-at-iacp-2022.html,0,10671908,15.1,saved
https://www.flocksafety.com/blog/context-on-your-terms-why-public-safety-is-no-longer-one-size-fits-all,blog/context-on-your-terms-why-public-safety-is-no-longer-one-size-fits-all.html,0,10771510,22.2,saved
https://www.flocksafety.com/blog/convenience-store-shooting-suspects-brought-to-justice-with-help-from-flock-cameras,blog/convenience-store-shooting-suspects-brought-to-justice-with-help-from-flock-cameras.html,0,10839531,14.6,saved
https://www.flocksafety.com/blog/coordinated-located-safer-flock-safety-helps-law-enforcement-close-cases-nationwide,blog/coordinated-located-safer-flock-safety-helps-law-enforcement-close-cases-nationwide.html,0,10900218,15.8,saved
https://www.flocksafety.com/blog/corporate-executive-protection,blog/corporate-executive-protection.html,0,10798112,15.6,saved
https://www.flocksafety.com/blog/corporate-security-101-flock-safetys-guide-for-business-leaders,blog/corporate-security-101-flock-safetys-guide-for-business-leaders.html,0,10646489,14.8,saved
https://www.flocksafety.com/blog/correcting-the-record-flock-nova-will-not-supply-dark-web-data,blog/correcting-the-record-flock-nova-will-not-supply-dark-web-data.html,0,10746171,16.3,saved
https://www.flocksafety.com/blog/could-kentuckys-hb58-change-how-alpr-data-is-used-across-the-state,blog/could-kentuckys-hb58-change-how-alpr-data-is-used-across-the-state.html,0,11806396,15.5,saved
https://www.flocksafety.com/blog/crime-rates-rise-during-the-summer-heres-what-this-means-for-you,blog/crime-rates-rise-during-the-summer-heres-what-this-means-for-you.html,0,10787352,16.7,saved
https://www.flocksafety.com/blog/criminal-plans-disrupted-how-fast-alerts-led-to-faster-justice,blog/criminal-plans-disrupted-how-fast-alerts-led-to-faster-justice.html,0,11522339,15.3,saved
https://www.flocksafety.com/blog/customer-story-citrus-heights-police-department,blog/customer-story-citrus-heights-police-department.html,0,10601541,28.0,saved
https://www.flocksafety.com/blog/customer-story-elk-grove-pd-flockos,blog/customer-story-elk-grove-pd-flockos.html,0,10627987,28.1,saved
https://www.flocksafety.com/blog/customers-own-and-control-their-flock-data,blog/customers-own-and-control-their-flock-data.html,0,11152726,15.6,saved
https://www.flocksafety.com/blog/dan-haley-joins-flock-safety-as-chief-legal-officer,blog/dan-haley-joins-flock-safety-as-chief-legal-officer.html,0,10853093,17.3,saved
https://www.flocksafety.com/blog/data-at-the-curb-how-traffic-analytics-is-transforming-safety-and-success-for-commercial-businesses,blog/data-at-the-curb-how-traffic-analytics-is-transforming-safety-and-success-for-commercial-businesses.html,0,10776622,16.8,saved
https://www.flocksafety.com/blog/dekalb-county-police-partner-with-flock-and-private-citizens,blog/dekalb-county-police-partner-with-flock-and-private-citizens.html,0,10658237,17.8,saved
https://www.flocksafety.com/blog/dekalb-county-votes-to-partner-with-police-department-on-crime-solving-initiative,blog/dekalb-county-votes-to-partner-with-police-department-on-crime-solving-initiative.html,0,10645351,15.9,saved
https://www.flocksafety.com/blog/dekalb-police-using-new-crime-fighting-tool-to-protect-public,blog/dekalb-police-using-new-crime-fighting-tool-to-protect-public.html,0,10743192,16.4,saved
https://www.flocksafety.com/blog/denver-residents-helping-police-protect-community,blog/denver-residents-helping-police-protect-community.html,0,10776515,14.3,saved
https://www.flocksafety.com/blog/designing-safer-streets-how-connected-technologies-are-reimagining-roadway-and-biking-safety,blog/designing-safer-streets-how-connected-technologies-are-reimagining-roadway-and-biking-safety.html,0,10796873,16.6,saved
https://www.flocksafety.com/blog/dfr-1-0-vs-dfr-2-0-the-evolution-of-drone-as-first-responder,blog/dfr-1-0-vs-dfr-2-0-the-evolution-of-drone-as-first-responder.html,0,10963291,15.3,saved
https://www.flocksafety.com/blog/dfr-in-action-how-corona-pd-uses-drones-for-life-saving-rescues,blog/dfr-in-action-how-corona-pd-uses-drones-for-life-saving-rescues.html,0,10769052,25.8,saved
https://www.flocksafety.com/blog/dfr-need-for-speed,blog/dfr-need-for-speed.html,0,13410422,16.6,saved
https://www.flocksafety.com/blog/discover-the-steps-hardin-county-ky-is-taking-to-shape-a-safer-community,blog/discover-the-steps-hardin-county-ky-is-taking-to-shape-a-safer-community.html,0,10742749,24.8,saved
https://www.flocksafety.com/blog/does-flock-enable-mass-surveillance,blog/does-flock-enable-mass-surveillance.html,0,10823732,16.5,saved
https://www.flocksafety.com/blog/does-flock-share-data-with-ice,blog/does-flock-share-data-with-ice.html,0,10754434,15.7,saved
https://www.flocksafety.com/blog/does-new-jerseys-privacy-protection-act-affect-alpr-data-sharing-across-state-lines,blog/does-new-jerseys-privacy-protection-act-affect-alpr-data-sharing-across-state-lines.html,0,12513691,18.4,saved
https://www.flocksafety.com/blog/dont-just-watch-crime-solve-it-with-license-plate-readers,blog/dont-just-watch-crime-solve-it-with-license-plate-readers.html,0,11086982,17.0,saved
https://www.flocksafety.com/blog/donut-shop-employee-held-at-gunpoint-during-armed-robbery-flock-cameras-helped-find-suspects,blog/donut-shop-employee-held-at-gunpoint-during-armed-robbery-flock-cameras-helped-find-suspects.html,0,10673329,21.0,saved
https://www.flocksafety.com/blog/drones-take-flight-how-long-island-is-leading-the-way-in-community-safety,blog/drones-take-flight-how-long-island-is-leading-the-way-in-community-safety.html,0,10585754,20.5,saved
https://www.flocksafety.com/blog/dunwoody-detective-utilizes-flock-data-to-prevent-potentially-dangerous-heist,blog/dunwoody-detective-utilizes-flock-data-to-prevent-potentially-dangerous-heist.html,0,10829411,20.3,saved
https://www.flocksafety.com/blog/dunwoody-pd-flock-aerodome-dfr,blog/dunwoody-pd-flock-aerodome-dfr.html,0,11025173,27.7,saved
https://www.flocksafety.com/blog/dunwoody-police-department-unveils-real-time-crime-center-powered-by-flock,blog/dunwoody-police-department-unveils-real-time-crime-center-powered-by-flock.html,0,8208983,14.4,saved
https://www.flocksafety.com/blog/eastvale-is-shaping-a-safer-community-with-license-plate-recognition-cameras,blog/eastvale-is-shaping-a-safer-community-with-license-plate-recognition-cameras.html,0,10721183,18.6,saved
https://www.flocksafety.com/blog/eighborhood-purchases-personal-license-plate-reading-camera,blog/eighborhood-purchases-personal-license-plate-reading-camera.html,0,10616719,19.5,saved
https://www.flocksafety.com/blog/eliminate-crime-principled-framework,blog/eliminate-crime-principled-framework.html,0,10928890,18.9,saved
https://www.flocksafety.com/blog/elizabethtown-pd-sees-great-success-and-multiple-solvedstories-with-flock-lpr,blog/elizabethtown-pd-sees-great-success-and-multiple-solvedstories-with-flock-lpr.html,0,10797246,18.5,saved
https://www.flocksafety.com/blog/emergency-response-drone,blog/emergency-response-drone.html,0,10914021,21.2,saved
https://www.flocksafety.com/blog/empowering-smaller-law-enforcement-agencies-the-role-of-technology-in-maximizing-your-force,blog/empowering-smaller-law-enforcement-agencies-the-role-of-technology-in-maximizing-your-force.html,0,10884150,18.8,saved
https://www.flocksafety.com/blog/enhance-campus-security-with-flock-safety,blog/enhance-campus-security-with-flock-safety.html,0,10864033,15.1,saved
https://www.flocksafety.com/blog/enhancing-employee-safety-with-license-plate-recognition-cameras,blog/enhancing-employee-safety-with-license-plate-recognition-cameras.html,0,10634929,17.1,saved
https://www.flocksafety.com/blog/ensuring-local-compliance,blog/ensuring-local-compliance.html,0,10591076,17.6,saved
https://www.flocksafety.com/blog/et-the-police-take-care-of-possible-thieves,blog/et-the-police-take-care-of-possible-thieves.html,0,10696695,17.9,saved
https://www.flocksafety.com/blog/every-second-counts-how-faster-crash-response-saves-lives,blog/every-second-counts-how-faster-crash-response-saves-lives.html,0,10751710,18.1,saved
https://www.flocksafety.com/blog/everything-has-changed-and-nothing-has-changed-flock-safety-raised-47m-to-solve-more-crime-and-protect-privacy,blog/everything-has-changed-and-nothing-has-changed-flock-safety-raised-47m-to-solve-more-crime-and-protect-privacy.html,0,10828334,18.8,saved
https://www.flocksafety.com/blog/evidence-management-best-practices-for-law-enforcement,blog/evidence-management-best-practices-for-law-enforcement.html,0,10971512,19.0,saved
https://www.flocksafety.com/blog/evidence-management-for-law-enforcement,blog/evidence-management-for-law-enforcement.html,0,10879801,18.7,saved
https://www.flocksafety.com/blog/explore-how-white-settlement-pd-uses-flock-technology-to-protect-officers-boost-collaboration-and-solve-more-crimes,blog/explore-how-white-settlement-pd-uses-flock-technology-to-protect-officers-boost-collaboration-and-solve-more-crimes.html,0,10786797,18.0,saved
https://www.flocksafety.com/blog/fairfax-county-police-harness-license-plate-reader-technology-to-transform-crime-fighting,blog/fairfax-county-police-harness-license-plate-reader-technology-to-transform-crime-fighting.html,0,10604306,26.3,saved
https://www.flocksafety.com/blog/fast-intel-real-impact-this-weeks-wins-with-flock-safety,blog/fast-intel-real-impact-this-weeks-wins-with-flock-safety.html,0,10936341,16.4,saved
https://www.flocksafety.com/blog/federal-court-confirms-license-plate-readers-are-constitutional,blog/federal-court-confirms-license-plate-readers-are-constitutional.html,0,10775227,18.3,saved
https://www.flocksafety.com/blog/fewer-victims-stronger-safeguards-the-case-for-principled-federal-collaboration,blog/fewer-victims-stronger-safeguards-the-case-for-principled-federal-collaboration.html,0,10750665,19.1,saved
https://www.flocksafety.com/blog/fighting-what-hides-in-the-shadows-how-flock-is-helping-communities-combat-human-trafficking,blog/fighting-what-hides-in-the-shadows-how-flock-is-helping-communities-combat-human-trafficking.html,0,11213405,18.6,saved
https://www.flocksafety.com/blog/fill-your-campus-safety-gaps---no-power-no-problem,blog/fill-your-campus-safety-gaps---no-power-no-problem.html,0,10980669,18.7,saved
https://www.flocksafety.com/blog/fireside-chat-josh-thomas-chief-communications-officer,blog/fireside-chat-josh-thomas-chief-communications-officer.html,0,10753140,29.4,saved
https://www.flocksafety.com/blog/first-responder-drone-use-cases,blog/first-responder-drone-use-cases.html,0,11008862,17.1,saved
https://www.flocksafety.com/blog/fixed-license-plate-reader-in-marietta-leads-to-first-arrest,blog/fixed-license-plate-reader-in-marietta-leads-to-first-arrest.html,0,10612941,19.7,saved
https://www.flocksafety.com/blog/flock-911-flock-aerodome-integration,blog/flock-911-flock-aerodome-integration.html,0,11529299,19.8,saved
https://www.flocksafety.com/blog/flock-aerodome-automated-security-for-retail-shopping-centers,blog/flock-aerodome-automated-security-for-retail-shopping-centers.html,0,13273441,19.1,saved
https://www.flocksafety.com/blog/flock-aerodome-software-updates-fall--2025,blog/flock-aerodome-software-updates-fall--2025.html,0,11520639,19.7,saved
https://www.flocksafety.com/blog/flock-aligns-license-plate-reader-technology-with-state-specific-legal-frameworks,blog/flock-aligns-license-plate-reader-technology-with-state-specific-legal-frameworks.html,0,10692763,17.9,saved
https://www.flocksafety.com/blog/flock-alpha-in-action-saving-lives-across-crime-response-fire-emergencies-and-search-rescue,blog/flock-alpha-in-action-saving-lives-across-crime-response-fire-emergencies-and-search-rescue.html,0,10826618,18.7,saved
https://www.flocksafety.com/blog/flock-applauds-virginia-court-of-appeals-ruling-affirming-constitutionality-of-lpr-cameras,blog/flock-applauds-virginia-court-of-appeals-ruling-affirming-constitutionality-of-lpr-cameras.html,0,10742700,18.5,saved
https://www.flocksafety.com/blog/flock-cameras-enhance-crime-fighting-efforts-in-albany,blog/flock-cameras-enhance-crime-fighting-efforts-in-albany.html,0,10840525,18.6,saved
https://www.flocksafety.com/blog/flock-commends-legislators-on-introduction-of-drone-act-of-2025,blog/flock-commends-legislators-on-introduction-of-drone-act-of-2025.html,0,10828666,19.9,saved
https://www.flocksafety.com/blog/flock-expands-georgia-footprint-with-new-manufacturing-facility,blog/flock-expands-georgia-footprint-with-new-manufacturing-facility.html,0,11949707,19.3,saved
https://www.flocksafety.com/blog/flock-forward-2025-tackled-the-toughest-problems-in-public-safety--heres-what-we-learned,blog/flock-forward-2025-tackled-the-toughest-problems-in-public-safety--heres-what-we-learned.html,0,10867718,23.4,saved
https://www.flocksafety.com/blog/flock-guardrails-address-lpr-privacy-concerns-and-police-transparency,blog/flock-guardrails-address-lpr-privacy-concerns-and-police-transparency.html,0,12125909,27.0,saved
https://www.flocksafety.com/blog/flock-honors-employees-who-bravely-served-veterans-day-2023,blog/flock-honors-employees-who-bravely-served-veterans-day-2023.html,0,11498804,18.6,saved
https://www.flocksafety.com/blog/flock-implements-enhanced-guardrails-across-california-to-ensure-lawful-and-responsible-use-of-lprs,blog/flock-implements-enhanced-guardrails-across-california-to-ensure-lawful-and-responsible-use-of-lprs.html,0,10588819,16.5,saved
https://www.flocksafety.com/blog/flock-innovates-to-help-agencies-tackle-sideshows,blog/flock-innovates-to-help-agencies-tackle-sideshows.html,0,10686535,16.6,saved
https://www.flocksafety.com/blog/flock-license-plate-reader-cameras-protect-seniors,blog/flock-license-plate-reader-cameras-protect-seniors.html,0,10909315,16.0,saved
https://www.flocksafety.com/blog/flock-lpr-cameras-drive-major-security-improvements-at-academy-sports,blog/flock-lpr-cameras-drive-major-security-improvements-at-academy-sports.html,0,10929271,16.9,saved
https://www.flocksafety.com/blog/flock-lpr-vs-fixed-video-same-camera-body-two-different-jobs,blog/flock-lpr-vs-fixed-video-same-camera-body-two-different-jobs.html,0,11237277,17.6,saved
https://www.flocksafety.com/blog/flock-offers-no-cost-core-apis-to-law-enforcement,blog/flock-offers-no-cost-core-apis-to-law-enforcement.html,0,10814714,15.4,saved
https://www.flocksafety.com/blog/flock-provides-terms-conditions-update-to-make-definitions-simpler-and-provide-customer-clarity,blog/flock-provides-terms-conditions-update-to-make-definitions-simpler-and-provide-customer-clarity.html,0,10798299,17.1,saved
https://www.flocksafety.com/blog/flock-ranks-fourth-overall-on-atlanta-business-chronicles-2024-pacesetter-list,blog/flock-ranks-fourth-overall-on-atlanta-business-chronicles-2024-pacesetter-list.html,0,10596323,15.5,saved
https://www.flocksafety.com/blog/flock-safety-2022-atl-startup-award-winners,blog/flock-safety-2022-atl-startup-award-winners.html,0,10775242,17.0,saved
https://www.flocksafety.com/blog/flock-safety-2022-atl-startup-awards,blog/flock-safety-2022-atl-startup-awards.html,0,10848538,16.0,saved
https://www.flocksafety.com/blog/flock-safety-2022-deloitte-technology-fast-500,blog/flock-safety-2022-deloitte-technology-fast-500.html,0,10607446,14.9,saved
https://www.flocksafety.com/blog/flock-safety-2024-physical-safety-awards,blog/flock-safety-2024-physical-safety-awards.html,0,10483114,16.4,saved
https://www.flocksafety.com/blog/flock-safety-2025-consumer-shopping-survey,blog/flock-safety-2025-consumer-shopping-survey.html,0,10841856,15.7,saved
https://www.flocksafety.com/blog/flock-safety-and-forcemetrics-team-up-to-improve-community-and-officer-safety,blog/flock-safety-and-forcemetrics-team-up-to-improve-community-and-officer-safety.html,0,10663760,15.8,saved
https://www.flocksafety.com/blog/flock-safety-and-homegrown-launch-the-thriving-cities-fund,blog/flock-safety-and-homegrown-launch-the-thriving-cities-fund.html,0,10791230,14.7,saved
https://www.flocksafety.com/blog/flock-safety-announces-partnership-with-innovia-co-op,blog/flock-safety-announces-partnership-with-innovia-co-op.html,0,10592665,14.6,saved
https://www.flocksafety.com/blog/flock-safety-appoints-chris-castaldo-as-chief-information-security-officer,blog/flock-safety-appoints-chris-castaldo-as-chief-information-security-officer.html,0,10768835,15.1,saved
https://www.flocksafety.com/blog/flock-safety-appoints-jennifer-ceran,blog/flock-safety-appoints-jennifer-ceran.html,0,10609526,17.2,saved
https://www.flocksafety.com/blog/flock-safety-appoints-julie-herendeen,blog/flock-safety-appoints-julie-herendeen.html,0,10626081,15.1,saved
https://www.flocksafety.com/blog/flock-safety-appoints-matthew-webster-as-cmo,blog/flock-safety-appoints-matthew-webster-as-cmo.html,0,10685139,16.8,saved
https://www.flocksafety.com/blog/flock-safety-birds-of-a-feather-meet-jay-marquez-in-atlanta-georgia,blog/flock-safety-birds-of-a-feather-meet-jay-marquez-in-atlanta-georgia.html,0,10615981,15.5,saved
https://www.flocksafety.com/blog/flock-safety-calls-on-mobile-network-operators-to-help-accelerate-drone-public-safety-operations,blog/flock-safety-calls-on-mobile-network-operators-to-help-accelerate-drone-public-safety-operations.html,0,11002685,15.3,saved
https://www.flocksafety.com/blog/flock-safety-cameras-fulton-county-schools,blog/flock-safety-cameras-fulton-county-schools.html,0,10788070,15.3,saved
https://www.flocksafety.com/blog/flock-safety-cameras-north-carolina-neighborhoods,blog/flock-safety-cameras-north-carolina-neighborhoods.html,0,10796042,15.9,saved
https://www.flocksafety.com/blog/flock-safety-cameras-play-role-in-apprehending-suspect-linked-to-fatal-shooting,blog/flock-safety-cameras-play-role-in-apprehending-suspect-linked-to-fatal-shooting.html,0,10695121,14.2,saved
https://www.flocksafety.com/blog/flock-safety-cameras-provide-information-needed-to-locate-suspects-connected-to-bank-heist,blog/flock-safety-cameras-provide-information-needed-to-locate-suspects-connected-to-bank-heist.html,0,10747925,15.2,saved
https://www.flocksafety.com/blog/flock-safety-cameras-purdue-university-campus,blog/flock-safety-cameras-purdue-university-campus.html,0,10785007,13.8,saved
https://www.flocksafety.com/blog/flock-safety-ceo-garrett-langley-ted2026,blog/flock-safety-ceo-garrett-langley-ted2026.html,0,11049910,18.0,saved
https://www.flocksafety.com/blog/flock-safety-ceo-principled-framework,blog/flock-safety-ceo-principled-framework.html,0,7883041,13.0,saved
https://www.flocksafety.com/blog/flock-safety-cybersecurity-how-we-protect-customer-community-data,blog/flock-safety-cybersecurity-how-we-protect-customer-community-data.html,0,13433538,22.7,saved
https://www.flocksafety.com/blog/flock-safety-does-my-neighborhood-need-flock-security-cameras,blog/flock-safety-does-my-neighborhood-need-flock-security-cameras.html,0,10899622,15.8,saved
https://www.flocksafety.com/blog/flock-safety-expands-into-drones-for-law-enforcement-with-acquisition-of-aerodome,blog/flock-safety-expands-into-drones-for-law-enforcement-with-acquisition-of-aerodome.html,0,10612185,22.7,saved
https://www.flocksafety.com/blog/flock-safety-helps-boost-oaklands-violent-crime-clearance-rate,blog/flock-safety-helps-boost-oaklands-violent-crime-clearance-rate.html,0,11142808,15.1,saved
https://www.flocksafety.com/blog/flock-safety-helps-solve-and-stop-crime-through-partnerships-with-community-and-police,blog/flock-safety-helps-solve-and-stop-crime-through-partnerships-with-community-and-police.html,0,10749026,15.6,saved
https://www.flocksafety.com/blog/flock-safety-helps-storefront-boost-case-closure-rate-to-an-impressive-97,blog/flock-safety-helps-storefront-boost-case-closure-rate-to-an-impressive-97.html,0,10935161,16.0,saved
https://www.flocksafety.com/blog/flock-safety-identifies-suspects-behind-190-000-crime-ring,blog/flock-safety-identifies-suspects-behind-190-000-crime-ring.html,0,10605118,16.5,saved
https://www.flocksafety.com/blog/flock-safety-is-the-clear-proven-choice-for-law-enforcement-looking-to-use-lpr,blog/flock-safety-is-the-clear-proven-choice-for-law-enforcement-looking-to-use-lpr.html,0,10780232,15.5,saved
https://www.flocksafety.com/blog/flock-safety-launches-flock-aerodome-drone-as-automated-security,blog/flock-safety-launches-flock-aerodome-drone-as-automated-security.html,0,10630657,16.3,saved
https://www.flocksafety.com/blog/flock-safety-launches-mobile-app-to-revolutionize-patrol-efficiency-and-law-enforcement-fieldwork,blog/flock-safety-launches-mobile-app-to-revolutionize-patrol-efficiency-and-law-enforcement-fieldwork.html,0,10785395,16.9,saved
https://www.flocksafety.com/blog/flock-safety-license-plate-reader-solves-miami-grand-theft-auto-residential-burglary-case,blog/flock-safety-license-plate-reader-solves-miami-grand-theft-auto-residential-burglary-case.html,0,10790705,14.8,saved
https://www.flocksafety.com/blog/flock-safety-locates-suspects-behind-a-12-million-heist-why-ai-is-revolutionizing-security,blog/flock-safety-locates-suspects-behind-a-12-million-heist-why-ai-is-revolutionizing-security.html,0,10645582,16.6,saved
https://www.flocksafety.com/blog/flock-safety-lpr-cameras-help-bust-massive-retail-theft-fencing-operation-in-portland,blog/flock-safety-lpr-cameras-help-bust-massive-retail-theft-fencing-operation-in-portland.html,0,10664725,15.8,saved
https://www.flocksafety.com/blog/flock-safety-neighborhood-crime-camera-helps-identify-burglary-suspect,blog/flock-safety-neighborhood-crime-camera-helps-identify-burglary-suspect.html,0,10597127,15.1,saved
https://www.flocksafety.com/blog/flock-safety-nrtcca-foundational-sponsor,blog/flock-safety-nrtcca-foundational-sponsor.html,0,10753728,16.6,saved
https://www.flocksafety.com/blog/flock-safety-one-of-built-ins-2024-best-places-to-work,blog/flock-safety-one-of-built-ins-2024-best-places-to-work.html,0,10900388,16.1,saved
https://www.flocksafety.com/blog/flock-safety-opens-new-boston-office-plans-to-bring-150-jobs-to-the-city,blog/flock-safety-opens-new-boston-office-plans-to-bring-150-jobs-to-the-city.html,0,13062575,17.8,saved
https://www.flocksafety.com/blog/flock-safety-pacesetter-award-2022,blog/flock-safety-pacesetter-award-2022.html,0,10647514,15.5,saved
https://www.flocksafety.com/blog/flock-safety-pacesetter-award-2023,blog/flock-safety-pacesetter-award-2023.html,0,10604795,17.1,saved
https://www.flocksafety.com/blog/flock-safety-partners-with-blue-eye-to-deliver-next-generation-alert-responding,blog/flock-safety-partners-with-blue-eye-to-deliver-next-generation-alert-responding.html,0,10650013,16.3,saved
https://www.flocksafety.com/blog/flock-safety-partners-with-tuskegee-next,blog/flock-safety-partners-with-tuskegee-next.html,0,11028292,16.0,saved
https://www.flocksafety.com/blog/flock-safety-ranked-number-58-on-2023-deloitte-technology-fast-500,blog/flock-safety-ranked-number-58-on-2023-deloitte-technology-fast-500.html,0,10596117,17.3,saved
https://www.flocksafety.com/blog/flock-safety-raven-helps-albany-pd-uncover-30-percent-more-gunfire,blog/flock-safety-raven-helps-albany-pd-uncover-30-percent-more-gunfire.html,0,10821093,15.4,saved
https://www.flocksafety.com/blog/flock-safety-recognized-in-forbes-2024-cloud-100,blog/flock-safety-recognized-in-forbes-2024-cloud-100.html,0,10622845,15.7,saved
https://www.flocksafety.com/blog/flock-safety-recognized-on-2024-deloitte-technology-fast-500-tm,blog/flock-safety-recognized-on-2024-deloitte-technology-fast-500-tm.html,0,10770149,16.8,saved
https://www.flocksafety.com/blog/flock-safety-recognized-on-the-2023-inc-5000,blog/flock-safety-recognized-on-the-2023-inc-5000.html,0,10686694,15.4,saved
https://www.flocksafety.com/blog/flock-safety-retrieves-stolen-car-for-victim-what-businesses-can-learn-from-this,blog/flock-safety-retrieves-stolen-car-for-victim-what-businesses-can-learn-from-this.html,0,10614972,16.0,saved
https://www.flocksafety.com/blog/flock-safety-secures-major-funding,blog/flock-safety-secures-major-funding.html,0,10900302,17.0,saved
https://www.flocksafety.com/blog/flock-safety-shares-vision-for-a-safer-future-at-national-anti-human-trafficking-event,blog/flock-safety-shares-vision-for-a-safer-future-at-national-anti-human-trafficking-event.html,0,10998316,15.3,saved
https://www.flocksafety.com/blog/flock-safety-solved-stories-recap-edition-001,blog/flock-safety-solved-stories-recap-edition-001.html,0,10816301,15.6,saved
https://www.flocksafety.com/blog/flock-safety-solved-stories-recap-edition-002,blog/flock-safety-solved-stories-recap-edition-002.html,0,10938530,15.6,saved
https://www.flocksafety.com/blog/flock-safety-solved-stories-recap-edition-003,blog/flock-safety-solved-stories-recap-edition-003.html,0,11036403,15.2,saved
https://www.flocksafety.com/blog/flock-safety-solved-stories-recap-edition-004,blog/flock-safety-solved-stories-recap-edition-004.html,0,10917185,15.5,saved
https://www.flocksafety.com/blog/flock-safety-solved-stories-recap-edition-005,blog/flock-safety-solved-stories-recap-edition-005.html,0,11146353,15.5,saved
https://www.flocksafety.com/blog/flock-safety-solved-stories-recap-edition-006,blog/flock-safety-solved-stories-recap-edition-006.html,0,10961972,15.4,saved
https://www.flocksafety.com/blog/flock-safety-solved-stories-recap-edition-007,blog/flock-safety-solved-stories-recap-edition-007.html,0,10902904,14.9,saved
https://www.flocksafety.com/blog/flock-safety-solved-stories-recap-edition-008,blog/flock-safety-solved-stories-recap-edition-008.html,0,10901339,15.1,saved
https://www.flocksafety.com/blog/flock-safety-solved-stories-recap-edition-009,blog/flock-safety-solved-stories-recap-edition-009.html,0,10901859,15.4,saved
https://www.flocksafety.com/blog/flock-safety-solved-stories-recap-edition-010,blog/flock-safety-solved-stories-recap-edition-010.html,0,10780444,16.2,saved
https://www.flocksafety.com/blog/flock-safety-solved-stories-recap-edition-011,blog/flock-safety-solved-stories-recap-edition-011.html,0,10785072,16.3,saved
https://www.flocksafety.com/blog/flock-safety-solved-stories-recap-edition-012,blog/flock-safety-solved-stories-recap-edition-012.html,0,10904040,15.5,saved
https://www.flocksafety.com/blog/flock-safety-solved-stories-recap-edition-013,blog/flock-safety-solved-stories-recap-edition-013.html,0,10907002,15.5,saved
https://www.flocksafety.com/blog/flock-safety-solved-stories-recap-edition-014,blog/flock-safety-solved-stories-recap-edition-014.html,0,10804063,14.9,saved
https://www.flocksafety.com/blog/flock-safety-solved-stories-recap-edition-015,blog/flock-safety-solved-stories-recap-edition-015.html,0,10754208,16.4,saved
https://www.flocksafety.com/blog/flock-safety-solved-stories-recap-edition-016,blog/flock-safety-solved-stories-recap-edition-016.html,0,10787567,15.8,saved
https://www.flocksafety.com/blog/flock-safety-solved-stories-recap-edition-017,blog/flock-safety-solved-stories-recap-edition-017.html,0,10777039,15.3,saved
https://www.flocksafety.com/blog/flock-safety-solved-stories-recap-edition-018,blog/flock-safety-solved-stories-recap-edition-018.html,0,10788013,16.9,saved
https://www.flocksafety.com/blog/flock-safety-solved-stories-recap-edition-019,blog/flock-safety-solved-stories-recap-edition-019.html,0,10773094,14.8,saved
https://www.flocksafety.com/blog/flock-safety-solved-stories-recap-edition-020,blog/flock-safety-solved-stories-recap-edition-020.html,0,10909523,17.3,saved
https://www.flocksafety.com/blog/flock-safety-solved-stories-recap-edition-021,blog/flock-safety-solved-stories-recap-edition-021.html,0,10780115,18.7,saved
https://www.flocksafety.com/blog/flock-safety-solved-stories-recap-edition-022,blog/flock-safety-solved-stories-recap-edition-022.html,0,10777168,18.1,saved
https://www.flocksafety.com/blog/flock-safety-solved-stories-recap-edition-024,blog/flock-safety-solved-stories-recap-edition-024.html,0,10776295,18.4,saved
https://www.flocksafety.com/blog/flock-safety-solved-stories-recap-edition-025,blog/flock-safety-solved-stories-recap-edition-025.html,0,10797010,18.0,saved
https://www.flocksafety.com/blog/flock-safety-solved-stories-recap-edition-026,blog/flock-safety-solved-stories-recap-edition-026.html,0,10782523,16.8,saved
https://www.flocksafety.com/blog/flock-safety-solved-stories-recap-edition-027,blog/flock-safety-solved-stories-recap-edition-027.html,0,10769218,14.7,saved
https://www.flocksafety.com/blog/flock-safety-solved-stories-recap-edition-028,blog/flock-safety-solved-stories-recap-edition-028.html,0,10799695,15.4,saved
https://www.flocksafety.com/blog/flock-safety-solved-stories-recap-edition-029,blog/flock-safety-solved-stories-recap-edition-029.html,0,10771904,15.1,saved
https://www.flocksafety.com/blog/flock-safety-solved-stories-recap-edition-030,blog/flock-safety-solved-stories-recap-edition-030.html,0,10797447,13.4,saved
https://www.flocksafety.com/blog/flock-safety-solved-stories-recap-edition-031,blog/flock-safety-solved-stories-recap-edition-031.html,0,10787578,15.4,saved
https://www.flocksafety.com/blog/flock-safety-solved-stories-recap-edition-032,blog/flock-safety-solved-stories-recap-edition-032.html,0,10776252,14.5,saved
https://www.flocksafety.com/blog/flock-safety-solved-stories-recap-edition-033,blog/flock-safety-solved-stories-recap-edition-033.html,0,10810200,13.7,saved
https://www.flocksafety.com/blog/flock-safety-solved-stories-recap-edition-034,blog/flock-safety-solved-stories-recap-edition-034.html,0,10779295,15.9,saved
https://www.flocksafety.com/blog/flock-safety-solved-stories-recap-edition-035,blog/flock-safety-solved-stories-recap-edition-035.html,0,10788643,15.2,saved
https://www.flocksafety.com/blog/flock-safety-solved-stories-recap-edition-037,blog/flock-safety-solved-stories-recap-edition-037.html,0,10797306,15.0,saved
https://www.flocksafety.com/blog/flock-safety-solved-stories-recap-edition-038,blog/flock-safety-solved-stories-recap-edition-038.html,0,10763088,15.6,saved
https://www.flocksafety.com/blog/flock-safety-solved-stories-recap-edition-039,blog/flock-safety-solved-stories-recap-edition-039.html,0,10786115,13.9,saved
https://www.flocksafety.com/blog/flock-safety-solved-stories-recap-edition-040,blog/flock-safety-solved-stories-recap-edition-040.html,0,10794578,15.0,saved
https://www.flocksafety.com/blog/flock-safety-solved-stories-recap-edition-041,blog/flock-safety-solved-stories-recap-edition-041.html,0,10771875,14.1,saved
https://www.flocksafety.com/blog/flock-safety-solved-stories-recap-edition-042,blog/flock-safety-solved-stories-recap-edition-042.html,0,10803686,14.1,saved
https://www.flocksafety.com/blog/flock-safety-solved-stories-recap-edition-043,blog/flock-safety-solved-stories-recap-edition-043.html,0,10772466,14.7,saved
https://www.flocksafety.com/blog/flock-safety-solved-stories-recap-edition-045,blog/flock-safety-solved-stories-recap-edition-045.html,0,10845019,13.8,saved
https://www.flocksafety.com/blog/flock-safety-solved-stories-recap-edition-046,blog/flock-safety-solved-stories-recap-edition-046.html,0,10850174,15.1,saved
https://www.flocksafety.com/blog/flock-safety-solved-stories-recap-edition-047,blog/flock-safety-solved-stories-recap-edition-047.html,0,10842669,14.9,saved
https://www.flocksafety.com/blog/flock-safety-solved-stories-recap-edition-048,blog/flock-safety-solved-stories-recap-edition-048.html,0,10875146,14.8,saved
https://www.flocksafety.com/blog/flock-safety-solved-stories-recap-edition-049,blog/flock-safety-solved-stories-recap-edition-049.html,0,10893738,14.3,saved
https://www.flocksafety.com/blog/flock-safety-solved-stories-recap-edition-050,blog/flock-safety-solved-stories-recap-edition-050.html,0,10775077,14.8,saved
https://www.flocksafety.com/blog/flock-safety-solved-stories-recap-edition-051,blog/flock-safety-solved-stories-recap-edition-051.html,0,10854187,13.7,saved
https://www.flocksafety.com/blog/flock-safety-solved-stories-recap-edition-052,blog/flock-safety-solved-stories-recap-edition-052.html,0,10767095,15.2,saved
https://www.flocksafety.com/blog/flock-safety-solved-stories-recap-edition-053,blog/flock-safety-solved-stories-recap-edition-053.html,0,10779575,15.0,saved
https://www.flocksafety.com/blog/flock-safety-solved-stories-recap-edition-054,blog/flock-safety-solved-stories-recap-edition-054.html,0,10789434,15.3,saved
https://www.flocksafety.com/blog/flock-safety-solved-stories-recap-edition-055,blog/flock-safety-solved-stories-recap-edition-055.html,0,10956088,14.3,saved
https://www.flocksafety.com/blog/flock-safety-solved-stories-recap-edition-056,blog/flock-safety-solved-stories-recap-edition-056.html,0,10869202,14.8,saved
https://www.flocksafety.com/blog/flock-safety-solved-stories-recap-edition-057,blog/flock-safety-solved-stories-recap-edition-057.html,0,10793831,15.3,saved
https://www.flocksafety.com/blog/flock-safety-solved-stories-recap-edition-058,blog/flock-safety-solved-stories-recap-edition-058.html,0,10878905,15.1,saved
https://www.flocksafety.com/blog/flock-safety-solved-stories-recap-edition-059,blog/flock-safety-solved-stories-recap-edition-059.html,0,10847546,15.1,saved
https://www.flocksafety.com/blog/flock-safety-solved-stories-recap-edition-060,blog/flock-safety-solved-stories-recap-edition-060.html,0,10881390,15.2,saved
https://www.flocksafety.com/blog/flock-safety-solved-stories-recap-edition-061,blog/flock-safety-solved-stories-recap-edition-061.html,0,10762773,14.5,saved
https://www.flocksafety.com/blog/flock-safety-solved-stories-recap-edition-062,blog/flock-safety-solved-stories-recap-edition-062.html,0,10880889,14.5,saved
https://www.flocksafety.com/blog/flock-safety-solved-stories-recap-edition-063,blog/flock-safety-solved-stories-recap-edition-063.html,0,10903033,14.9,saved
https://www.flocksafety.com/blog/flock-safety-solved-stories-recap-edition-064,blog/flock-safety-solved-stories-recap-edition-064.html,0,10893038,14.8,saved
https://www.flocksafety.com/blog/flock-safety-solved-stories-recap-edition-065,blog/flock-safety-solved-stories-recap-edition-065.html,0,10906820,15.1,saved
https://www.flocksafety.com/blog/flock-safety-solved-stories-recap-edition-066,blog/flock-safety-solved-stories-recap-edition-066.html,0,10861884,15.5,saved
https://www.flocksafety.com/blog/flock-safety-solved-stories-recap-edition-067,blog/flock-safety-solved-stories-recap-edition-067.html,0,10930437,14.9,saved
https://www.flocksafety.com/blog/flock-safety-solved-stories-recap-edition-068,blog/flock-safety-solved-stories-recap-edition-068.html,0,10877533,14.0,saved
https://www.flocksafety.com/blog/flock-safety-solved-stories-recap-edition-069,blog/flock-safety-solved-stories-recap-edition-069.html,0,10817352,15.0,saved
https://www.flocksafety.com/blog/flock-safety-solved-stories-recap-edition-070,blog/flock-safety-solved-stories-recap-edition-070.html,0,10931916,13.7,saved
https://www.flocksafety.com/blog/flock-safety-solved-stories-recap-edition-071,blog/flock-safety-solved-stories-recap-edition-071.html,0,11084971,16.0,saved
https://www.flocksafety.com/blog/flock-safety-solved-stories-recap-edition-072,blog/flock-safety-solved-stories-recap-edition-072.html,0,10817547,14.6,saved
https://www.flocksafety.com/blog/flock-safety-solved-stories-recap-edition-073,blog/flock-safety-solved-stories-recap-edition-073.html,0,10849672,15.3,saved
https://www.flocksafety.com/blog/flock-safety-solved-stories-recap-edition-074,blog/flock-safety-solved-stories-recap-edition-074.html,0,10843406,16.3,saved
https://www.flocksafety.com/blog/flock-safety-solved-stories-recap-edition-075,blog/flock-safety-solved-stories-recap-edition-075.html,0,10886196,15.6,saved
https://www.flocksafety.com/blog/flock-safety-solved-stories-recap-edition-076,blog/flock-safety-solved-stories-recap-edition-076.html,0,10842876,17.2,saved
https://www.flocksafety.com/blog/flock-safety-solved-stories-recap-edition-077,blog/flock-safety-solved-stories-recap-edition-077.html,0,10982054,16.2,saved
https://www.flocksafety.com/blog/flock-safety-solved-stories-recap-edition-078,blog/flock-safety-solved-stories-recap-edition-078.html,0,10841298,17.0,saved
https://www.flocksafety.com/blog/flock-safety-solved-stories-recap-edition-079,blog/flock-safety-solved-stories-recap-edition-079.html,0,10921317,16.4,saved
https://www.flocksafety.com/blog/flock-safety-solved-stories-recap-edition-080,blog/flock-safety-solved-stories-recap-edition-080.html,0,10876334,16.6,saved
https://www.flocksafety.com/blog/flock-safety-solved-stories-recap-edition-081,blog/flock-safety-solved-stories-recap-edition-081.html,0,10858438,16.5,saved
https://www.flocksafety.com/blog/flock-safety-solved-stories-recap-edition-082,blog/flock-safety-solved-stories-recap-edition-082.html,0,10872766,16.2,saved
https://www.flocksafety.com/blog/flock-safety-solved-stories-recap-edition-083,blog/flock-safety-solved-stories-recap-edition-083.html,0,10884019,16.9,saved
https://www.flocksafety.com/blog/flock-safety-solved-stories-recap-edition-084,blog/flock-safety-solved-stories-recap-edition-084.html,0,10812144,19.4,saved
https://www.flocksafety.com/blog/flock-safety-solved-stories-recap-edition-085,blog/flock-safety-solved-stories-recap-edition-085.html,0,10831722,17.7,saved
https://www.flocksafety.com/blog/flock-safety-solved-stories-recap-edition-086,blog/flock-safety-solved-stories-recap-edition-086.html,0,10829971,18.8,saved
https://www.flocksafety.com/blog/flock-safety-solved-stories-recap-edition-087,blog/flock-safety-solved-stories-recap-edition-087.html,0,10867671,18.8,saved
https://www.flocksafety.com/blog/flock-safety-solved-stories-recap-edition-088,blog/flock-safety-solved-stories-recap-edition-088.html,0,10832699,15.9,saved
https://www.flocksafety.com/blog/flock-safety-solved-stories-recap-edition-089,blog/flock-safety-solved-stories-recap-edition-089.html,0,10903711,16.9,saved
https://www.flocksafety.com/blog/flock-safety-solved-stories-recap-edition-090,blog/flock-safety-solved-stories-recap-edition-090.html,0,10879180,15.7,saved
https://www.flocksafety.com/blog/flock-safety-solved-stories-recap-edition-091,blog/flock-safety-solved-stories-recap-edition-091.html,0,10901278,15.6,saved
https://www.flocksafety.com/blog/flock-safety-solved-stories-recap-edition-092,blog/flock-safety-solved-stories-recap-edition-092.html,0,10899355,15.3,saved
https://www.flocksafety.com/blog/flock-safety-solved-stories-recap-edition-093,blog/flock-safety-solved-stories-recap-edition-093.html,0,10841081,15.2,saved
https://www.flocksafety.com/blog/flock-safety-solved-stories-recap-edition-094,blog/flock-safety-solved-stories-recap-edition-094.html,0,10878112,15.3,saved
https://www.flocksafety.com/blog/flock-safety-solved-stories-recap-edition-095,blog/flock-safety-solved-stories-recap-edition-095.html,0,10806005,15.6,saved
https://www.flocksafety.com/blog/flock-safety-solved-stories-recap-edition-096,blog/flock-safety-solved-stories-recap-edition-096.html,0,10962967,15.9,saved
https://www.flocksafety.com/blog/flock-safety-solved-stories-recap-edition-098,blog/flock-safety-solved-stories-recap-edition-098.html,0,10852605,15.6,saved
https://www.flocksafety.com/blog/flock-safety-solved-stories-recap-edition-099,blog/flock-safety-solved-stories-recap-edition-099.html,0,10836504,15.7,saved
https://www.flocksafety.com/blog/flock-safety-solved-stories-recap-edition-100,blog/flock-safety-solved-stories-recap-edition-100.html,0,10870290,16.7,saved
https://www.flocksafety.com/blog/flock-safety-solved-stories-recap-edition-101,blog/flock-safety-solved-stories-recap-edition-101.html,0,10938160,15.2,saved
https://www.flocksafety.com/blog/flock-safety-solved-stories-recap-edition-102,blog/flock-safety-solved-stories-recap-edition-102.html,0,10894589,17.0,saved
https://www.flocksafety.com/blog/flock-safety-solved-stories-recap-edition-103,blog/flock-safety-solved-stories-recap-edition-103.html,0,10843036,15.3,saved
https://www.flocksafety.com/blog/flock-safety-unveils-alpha-drone-as-first-responder-system,blog/flock-safety-unveils-alpha-drone-as-first-responder-system.html,0,10612793,23.7,saved
https://www.flocksafety.com/blog/flock-safety-what-are-my-neighborhood-security-options,blog/flock-safety-what-are-my-neighborhood-security-options.html,0,10941801,14.3,saved
https://www.flocksafety.com/blog/flock-safety-what-happens-in-the-event-of-a-crime,blog/flock-safety-what-happens-in-the-event-of-a-crime.html,0,10823938,17.4,saved
https://www.flocksafety.com/blog/flock-safety-what-its-like-to-be-a-flock-customer,blog/flock-safety-what-its-like-to-be-a-flock-customer.html,0,10724890,16.8,saved
https://www.flocksafety.com/blog/flock-safety-why-does-license-plate-recognition-matter,blog/flock-safety-why-does-license-plate-recognition-matter.html,0,10623992,18.3,saved
https://www.flocksafety.com/blog/flock-safetys-gun-violence-reduction-plan-a-multi-faceted-approach-to-a-complex-issue,blog/flock-safetys-gun-violence-reduction-plan-a-multi-faceted-approach-to-a-complex-issue.html,0,11167260,20.6,saved
https://www.flocksafety.com/blog/flock-safetys-response-to-illinois-lpr-data-use-and-out-of-state-sharing-concerns,blog/flock-safetys-response-to-illinois-lpr-data-use-and-out-of-state-sharing-concerns.html,0,10749011,20.1,saved
https://www.flocksafety.com/blog/flock-security-testing-bishop-fox-privacy,blog/flock-security-testing-bishop-fox-privacy.html,0,10599324,20.8,saved
https://www.flocksafety.com/blog/flock-solves-homicide-investigation,blog/flock-solves-homicide-investigation.html,0,10602787,21.8,saved
https://www.flocksafety.com/blog/flock-stories-your-voice-a-pinecrest-family-finds-safety-after-the-terror-of-a-home-invasion,blog/flock-stories-your-voice-a-pinecrest-family-finds-safety-after-the-terror-of-a-home-invasion.html,0,11174165,30.5,saved
https://www.flocksafety.com/blog/flock-together-2025-reflecting-on-a-week-of-alignment-and-connection,blog/flock-together-2025-reflecting-on-a-week-of-alignment-and-connection.html,0,11195454,27.4,saved
https://www.flocksafety.com/blog/flock-together-the-2026-recap,blog/flock-together-the-2026-recap.html,0,11478758,26.1,saved
https://www.flocksafety.com/blog/flockos-empowering-tulsas-police-force-with-unprecedented-real-time-intelligence,blog/flockos-empowering-tulsas-police-force-with-unprecedented-real-time-intelligence.html,0,11011334,20.3,saved
https://www.flocksafety.com/blog/flocks-new-podcast-real-time-policing-when-moments-matter,blog/flocks-new-podcast-real-time-policing-when-moments-matter.html,0,12268296,34.8,saved
https://www.flocksafety.com/blog/fort-worth-police-department-accelerates-emergency-response-with-flock911,blog/fort-worth-police-department-accelerates-emergency-response-with-flock911.html,0,10775541,31.2,saved
https://www.flocksafety.com/blog/fort-worth-police-launch-flock-drone-as-first-responder-program-ahead-of-a-historic-summer-in-north-texas,blog/fort-worth-police-launch-flock-drone-as-first-responder-program-ahead-of-a-historic-summer-in-north-texas.html,0,14442578,19.6,saved
https://www.flocksafety.com/blog/four-key-takeaways-from-the-national-retail-federations-2023-retail-security-survey,blog/four-key-takeaways-from-the-national-retail-federations-2023-retail-security-survey.html,0,10636554,20.6,saved
https://www.flocksafety.com/blog/from-congestion-to-connection-rethinking-traffic-and-parking-to-improve-daily-life,blog/from-congestion-to-connection-rethinking-traffic-and-parking-to-improve-daily-life.html,0,10668705,19.4,saved
https://www.flocksafety.com/blog/from-detection-to-coordination-a-new-model-for-law-enforcement-response,blog/from-detection-to-coordination-a-new-model-for-law-enforcement-response.html,0,13314682,20.3,saved
https://www.flocksafety.com/blog/from-flames-to-footage-flock-lpr-cameras-help-locate-arson-suspect,blog/from-flames-to-footage-flock-lpr-cameras-help-locate-arson-suspect.html,0,10684369,30.8,saved
https://www.flocksafety.com/blog/from-intern-to-full-time-building-careers-at-flock-safety,blog/from-intern-to-full-time-building-careers-at-flock-safety.html,0,10787994,30.2,saved
https://www.flocksafety.com/blog/from-losses-to-savings-transforming-retail-security-with-lpr,blog/from-losses-to-savings-transforming-retail-security-with-lpr.html,0,11741013,26.7,saved
https://www.flocksafety.com/blog/from-lost-to-found-how-alhambra-pds-drone-program-found-a-missing-woman-in-minutes,blog/from-lost-to-found-how-alhambra-pds-drone-program-found-a-missing-woman-in-minutes.html,0,10668006,36.4,saved
https://www.flocksafety.com/blog/from-lost-to-found-how-alhambra-pds-drone-program-is-redefining-public-safety,blog/from-lost-to-found-how-alhambra-pds-drone-program-is-redefining-public-safety.html,0,10661646,21.7,saved
https://www.flocksafety.com/blog/from-parking-pain-to-public-safety-gain-how-seal-beach-pd-reimagined-parking-with-lpr-technology,blog/from-parking-pain-to-public-safety-gain-how-seal-beach-pd-reimagined-parking-with-lpr-technology.html,0,11564122,29.0,saved
https://www.flocksafety.com/blog/from-passion-project-to-powerhouse-how-sugarcoat-and-the-thriving-cities-fund-are-shaping-atlantas-future,blog/from-passion-project-to-powerhouse-how-sugarcoat-and-the-thriving-cities-fund-are-shaping-atlantas-future.html,0,10785931,29.3,saved
https://www.flocksafety.com/blog/from-pilots-to-purpose-what-state-dots-need-next-to-succeed-with-ai,blog/from-pilots-to-purpose-what-state-dots-need-next-to-succeed-with-ai.html,0,10748924,17.6,saved
https://www.flocksafety.com/blog/from-the-road-to-resolution-vehicle-data-powers-safer-outcomes,blog/from-the-road-to-resolution-vehicle-data-powers-safer-outcomes.html,0,11512467,19.2,saved
https://www.flocksafety.com/blog/fulshear-texas-detective-solve-crime,blog/fulshear-texas-detective-solve-crime.html,0,10933026,16.9,saved
https://www.flocksafety.com/blog/future-proof-technology-how-flock-safety-continues-to-evolve-with-public-safety,blog/future-proof-technology-how-flock-safety-continues-to-evolve-with-public-safety.html,0,10615237,17.8,saved
https://www.flocksafety.com/blog/georgia-hospital-cuts-theft-55-percent,blog/georgia-hospital-cuts-theft-55-percent.html,0,10652164,18.4,saved
https://www.flocksafety.com/blog/georgia-neighborhood-hands-georgia-neighborhood-hands-car-burglary-evidence-to-police-thanks-to-security-camera-suspect-to-police-thanks-to-security-camera,blog/georgia-neighborhood-hands-georgia-neighborhood-hands-car-burglary-evidence-to-police-thanks-to-security-camera-suspect-to-police-thanks-to-security-camera.html,0,10765378,16.1,saved
https://www.flocksafety.com/blog/getac-and-flock-safety-join-forces-to-enhance-public-safety-solutions-for-law-enforcement,blog/getac-and-flock-safety-join-forces-to-enhance-public-safety-solutions-for-law-enforcement.html,0,10606540,14.6,saved
https://www.flocksafety.com/blog/gun-violence-us-look-like,blog/gun-violence-us-look-like.html,0,10772625,15.1,saved
https://www.flocksafety.com/blog/gunshot-detection-and-license-plate-reader-security-alert,blog/gunshot-detection-and-license-plate-reader-security-alert.html,0,10743405,14.9,saved
https://www.flocksafety.com/blog/gwinnett-and-gateway85cid-install-safety-cameras,blog/gwinnett-and-gateway85cid-install-safety-cameras.html,0,10606298,16.0,saved
https://www.flocksafety.com/blog/gwinnett-county-pd-partners-with-local-business-districts-to-improve-safety-for-everyone,blog/gwinnett-county-pd-partners-with-local-business-districts-to-improve-safety-for-everyone.html,0,10626657,23.4,saved
https://www.flocksafety.com/blog/halloween-safety-13-tips-to-protect-your-family-and-community,blog/halloween-safety-13-tips-to-protect-your-family-and-community.html,0,8662830,11.9,saved
https://www.flocksafety.com/blog/hands-off-security-solution-for-property-managers,blog/hands-off-security-solution-for-property-managers.html,0,10606135,14.5,saved
https://www.flocksafety.com/blog/has-flock-been-hacked,blog/has-flock-been-hacked.html,0,10750268,16.1,saved
https://www.flocksafety.com/blog/healthcare-security-strategies-part-1-leveraging-advanced-technology-to-reduce-security-efforts-and-errors,blog/healthcare-security-strategies-part-1-leveraging-advanced-technology-to-reduce-security-efforts-and-errors.html,0,11191501,15.2,saved
https://www.flocksafety.com/blog/healthcare-security-strategies-part-2-healthcare-security-strategies-part-2-collecting-pertinent-details-with-layered-security-technology,blog/healthcare-security-strategies-part-2-healthcare-security-strategies-part-2-collecting-pertinent-details-with-layered-security-technology.html,0,11220710,14.8,saved
https://www.flocksafety.com/blog/healthcare-security-strategies-part-3-use-technology-to-create-overwatch,blog/healthcare-security-strategies-part-3-use-technology-to-create-overwatch.html,0,11218930,15.5,saved
https://www.flocksafety.com/blog/healthcare-security-strategies-part-4-better-protect-your-healthcare-campus-with-multiple-layers-of-technology,blog/healthcare-security-strategies-part-4-better-protect-your-healthcare-campus-with-multiple-layers-of-technology.html,0,11264830,16.2,saved
https://www.flocksafety.com/blog/healthcare-security-strategies-part-5-prevent-attacks-of-violence-against-your-staff-with-a-virtual-security-perimeter,blog/healthcare-security-strategies-part-5-prevent-attacks-of-violence-against-your-staff-with-a-virtual-security-perimeter.html,0,11201953,16.5,saved
https://www.flocksafety.com/blog/healthcare-security-strategies-part-6-implement-a-proactive-off-hours-security-plan,blog/healthcare-security-strategies-part-6-implement-a-proactive-off-hours-security-plan.html,0,10980876,14.8,saved
https://www.flocksafety.com/blog/healthcare-security-strategies-part-7-safeguard-every-entrance-with-comprehensive-coverage,blog/healthcare-security-strategies-part-7-safeguard-every-entrance-with-comprehensive-coverage.html,0,11149745,15.5,saved
https://www.flocksafety.com/blog/helping-prevent-crime-with-flock-safetyprevent-crime-with-flock-license-plate-reader-cameras,blog/helping-prevent-crime-with-flock-safetyprevent-crime-with-flock-license-plate-reader-cameras.html,0,10784451,15.3,saved
https://www.flocksafety.com/blog/heres-the-data-police-actually-get-from-traditional,blog/heres-the-data-police-actually-get-from-traditional.html,0,10612097,15.0,saved
https://www.flocksafety.com/blog/hoa-board-member-neighborhood-safety,blog/hoa-board-member-neighborhood-safety.html,0,10674322,14.7,saved
https://www.flocksafety.com/blog/hoa-board-members-dont-buy-security-cameras-without-reading-this-first,blog/hoa-board-members-dont-buy-security-cameras-without-reading-this-first.html,0,10739153,16.0,saved
https://www.flocksafety.com/blog/hoa-security-license-plate-reader-cameras-reduce-crime,blog/hoa-security-license-plate-reader-cameras-reduce-crime.html,0,11906474,15.8,saved
https://www.flocksafety.com/blog/hoa-security-tips,blog/hoa-security-tips.html,0,11053468,14.7,saved
https://www.flocksafety.com/blog/homeowners-associations-are-investing-in-security-cameras-to-monitor-residential-streets,blog/homeowners-associations-are-investing-in-security-cameras-to-monitor-residential-streets.html,0,10609195,15.8,saved
https://www.flocksafety.com/blog/hope-rebuilt-flock-safety-aids-in-bombing-at-healthcare-clinic,blog/hope-rebuilt-flock-safety-aids-in-bombing-at-healthcare-clinic.html,0,11079343,15.0,saved
https://www.flocksafety.com/blog/hospital-campuses-safety,blog/hospital-campuses-safety.html,0,10835088,14.4,saved
https://www.flocksafety.com/blog/how-a-south-carolina-neighborhood-used-flock-safety-to-catch-a-vandal,blog/how-a-south-carolina-neighborhood-used-flock-safety-to-catch-a-vandal.html,0,10825240,15.1,saved
https://www.flocksafety.com/blog/how-ai-video-search-helps-healthcare-security,blog/how-ai-video-search-helps-healthcare-security.html,0,11007611,22.5,saved
https://www.flocksafety.com/blog/how-ai-video-search-helps-law-enforcement,blog/how-ai-video-search-helps-law-enforcement.html,0,10998600,24.3,saved
https://www.flocksafety.com/blog/how-an-automatic-license-plate-recognition-system-works,blog/how-an-automatic-license-plate-recognition-system-works.html,0,10720082,13.8,saved
https://www.flocksafety.com/blog/how-an-hoa-lpr-camera-helped-identify-a-suspect-in-a-deadly-shooting-spree,blog/how-an-hoa-lpr-camera-helped-identify-a-suspect-in-a-deadly-shooting-spree.html,0,11480174,16.6,saved
https://www.flocksafety.com/blog/how-california-neighborhood-caught-footage-of-drive-by-shooting-suspect-1,blog/how-california-neighborhood-caught-footage-of-drive-by-shooting-suspect-1.html,0,10824154,14.3,saved
https://www.flocksafety.com/blog/how-can-smarter-technology-help-restore-safety-and-trust-as-the-retail-crime-crisis-deepens,blog/how-can-smarter-technology-help-restore-safety-and-trust-as-the-retail-crime-crisis-deepens.html,0,10948849,16.1,saved
https://www.flocksafety.com/blog/how-can-your-business-deter-crime-with-technology,blog/how-can-your-business-deter-crime-with-technology.html,0,11138643,23.8,saved
https://www.flocksafety.com/blog/how-communities-can-extend-public-safety-visibility-during-summer,blog/how-communities-can-extend-public-safety-visibility-during-summer.html,0,11140869,15.7,saved
https://www.flocksafety.com/blog/how-community-and-technology-are-shaping-a-safer-future-in-dunwoody-georgia,blog/how-community-and-technology-are-shaping-a-safer-future-in-dunwoody-georgia.html,0,10852539,15.1,saved
https://www.flocksafety.com/blog/how-deputy-chief-dan-kelsos-team-harnesses-lpr-and-audio-detection-for-swift-crime-resolution,blog/how-deputy-chief-dan-kelsos-team-harnesses-lpr-and-audio-detection-for-swift-crime-resolution.html,0,10985576,16.5,saved
https://www.flocksafety.com/blog/how-do-experts-suggest-reducing-gun-violence,blog/how-do-experts-suggest-reducing-gun-violence.html,0,10747722,15.9,saved
https://www.flocksafety.com/blog/how-does-flock-handle-license-plate-data-deletion,blog/how-does-flock-handle-license-plate-data-deletion.html,0,11749293,15.2,saved
https://www.flocksafety.com/blog/how-does-policy-evaluation-shape-new-flock-products,blog/how-does-policy-evaluation-shape-new-flock-products.html,0,16137101,15.6,saved
https://www.flocksafety.com/blog/how-does-shared-safety-data-make-neighborhoods-stronger-safer-and-more-connected,blog/how-does-shared-safety-data-make-neighborhoods-stronger-safer-and-more-connected.html,0,10667351,15.7,saved
https://www.flocksafety.com/blog/how-effective-is-flock,blog/how-effective-is-flock.html,0,11613779,16.2,saved
https://www.flocksafety.com/blog/how-flock-aerodome-is-reinventing-public-safety-from-the-sky,blog/how-flock-aerodome-is-reinventing-public-safety-from-the-sky.html,0,10838082,24.1,saved
https://www.flocksafety.com/blog/how-flock-builds-transparency-into-public-safety-technology,blog/how-flock-builds-transparency-into-public-safety-technology.html,0,10881894,15.1,saved
https://www.flocksafety.com/blog/how-flock-helps-address-a-violent-retail-crime-incident,blog/how-flock-helps-address-a-violent-retail-crime-incident.html,0,10650845,25.0,saved
https://www.flocksafety.com/blog/how-flock-safety-is-helping-this-neighborhood-prevent-car-break-ins,blog/how-flock-safety-is-helping-this-neighborhood-prevent-car-break-ins.html,0,10818056,14.4,saved
https://www.flocksafety.com/blog/how-flock-safety-is-strengthening-trust-through-transparency-in-illinois,blog/how-flock-safety-is-strengthening-trust-through-transparency-in-illinois.html,0,11094655,16.6,saved
https://www.flocksafety.com/blog/how-flock-safety-license-plate-readers-helped-police-solve-an-aggravated-assault-case,blog/how-flock-safety-license-plate-readers-helped-police-solve-an-aggravated-assault-case.html,0,10682588,24.0,saved
https://www.flocksafety.com/blog/how-flock-safety-license-plate-readers-keep-parks-safe,blog/how-flock-safety-license-plate-readers-keep-parks-safe.html,0,10631839,14.6,saved
https://www.flocksafety.com/blog/how-flock-safety-protects-resident-privacy,blog/how-flock-safety-protects-resident-privacy.html,0,10710679,14.8,saved
https://www.flocksafety.com/blog/how-flock-safety-stops-crime-in-communities,blog/how-flock-safety-stops-crime-in-communities.html,0,10668478,15.5,saved
https://www.flocksafety.com/blog/how-flock-safetys-video-team-is-shaping-the-future-of-public-safety,blog/how-flock-safetys-video-team-is-shaping-the-future-of-public-safety.html,0,11685699,15.6,saved
https://www.flocksafety.com/blog/how-flocks-audio-detection-works,blog/how-flocks-audio-detection-works.html,0,11639693,14.6,saved
https://www.flocksafety.com/blog/how-integrated-policing-platforms-crack-unsolvable-cases,blog/how-integrated-policing-platforms-crack-unsolvable-cases.html,0,10816805,17.6,saved
https://www.flocksafety.com/blog/how-lavon-pd-maintains-high-performance-despite-staffing-challenges,blog/how-lavon-pd-maintains-high-performance-despite-staffing-challenges.html,0,11702830,16.1,saved
https://www.flocksafety.com/blog/how-law-enforcement-agencies-are-funding-modern-technology--without-breaking-the-budget,blog/how-law-enforcement-agencies-are-funding-modern-technology--without-breaking-the-budget.html,0,10842504,16.1,saved
https://www.flocksafety.com/blog/how-licking-heights-local-school-district-levels-up-security-with-flock-safety-falcon-lpr-cameras,blog/how-licking-heights-local-school-district-levels-up-security-with-flock-safety-falcon-lpr-cameras.html,0,10609159,23.6,saved
https://www.flocksafety.com/blog/how-ncmec-and-flock-safety-bring-missing-children-home,blog/how-ncmec-and-flock-safety-bring-missing-children-home.html,0,10657113,24.2,saved
https://www.flocksafety.com/blog/how-one-california-community-came-together-to-advocate-for-a-safer-future,blog/how-one-california-community-came-together-to-advocate-for-a-safer-future.html,0,10916848,16.3,saved
https://www.flocksafety.com/blog/how-one-police-department-built-community-engagement-around-license-plate-readers,blog/how-one-police-department-built-community-engagement-around-license-plate-readers.html,0,10827632,13.7,saved
https://www.flocksafety.com/blog/how-police-work-with-private-communities-to-serve-public,blog/how-police-work-with-private-communities-to-serve-public.html,0,10741990,13.2,saved
https://www.flocksafety.com/blog/how-porterville-pd-transformed-digital-investigations-with-flock-nova-osint,blog/how-porterville-pd-transformed-digital-investigations-with-flock-nova-osint.html,0,11082514,15.3,saved
https://www.flocksafety.com/blog/how-property-managers-can-demonstrate-their-value-to-residents,blog/how-property-managers-can-demonstrate-their-value-to-residents.html,0,10612292,16.6,saved
https://www.flocksafety.com/blog/how-residents-appreciate-hoas-that-work-proactively,blog/how-residents-appreciate-hoas-that-work-proactively.html,0,10660228,16.8,saved
https://www.flocksafety.com/blog/how-san-jose-california-is-utilizing-technology-to-solve-more-crime-and-shape-a-safer-community,blog/how-san-jose-california-is-utilizing-technology-to-solve-more-crime-and-shape-a-safer-community.html,0,10904987,15.7,saved
https://www.flocksafety.com/blog/how-scottsdale-pd-is-redefining-response-dfr-transparency-and-tech-in-action,blog/how-scottsdale-pd-is-redefining-response-dfr-transparency-and-tech-in-action.html,0,10689459,22.8,saved
https://www.flocksafety.com/blog/how-tariffs-may-impact-supply-chains-security,blog/how-tariffs-may-impact-supply-chains-security.html,0,14986440,14.0,saved
https://www.flocksafety.com/blog/how-the-city-of-brookhaven-is-leveraging-a-suite-of-technology-to-promote-community-safety,blog/how-the-city-of-brookhaven-is-leveraging-a-suite-of-technology-to-promote-community-safety.html,0,10777282,24.6,saved
https://www.flocksafety.com/blog/how-the-fort-worth-police-department-is-continually-innovating-real-time-policing,blog/how-the-fort-worth-police-department-is-continually-innovating-real-time-policing.html,0,10911409,14.6,saved
https://www.flocksafety.com/blog/how-the-safe-list-solves-privacy-concerns-in-a-neighborhood,blog/how-the-safe-list-solves-privacy-concerns-in-a-neighborhood.html,0,10656648,16.1,saved
https://www.flocksafety.com/blog/how-the-university-of-iowa-transformed-campus-safety-with-an-lpr-perimeter,blog/how-the-university-of-iowa-transformed-campus-safety-with-an-lpr-perimeter.html,0,10956603,15.1,saved
https://www.flocksafety.com/blog/how-this-property-manager-sleeps-better-with-neighborhood-security-cameras,blog/how-this-property-manager-sleeps-better-with-neighborhood-security-cameras.html,0,11219104,15.0,saved
https://www.flocksafety.com/blog/how-to-be-proactive-against-crime,blog/how-to-be-proactive-against-crime.html,0,10735952,14.9,saved
https://www.flocksafety.com/blog/how-to-break-the-cycle-of-recurring-safety-concerns-and-property-damage-at-your-parks,blog/how-to-break-the-cycle-of-recurring-safety-concerns-and-property-damage-at-your-parks.html,0,11366519,16.0,saved
https://www.flocksafety.com/blog/how-to-build-a-dfr-program-for-smaller-agencies,blog/how-to-build-a-dfr-program-for-smaller-agencies.html,0,10657475,16.3,saved
https://www.flocksafety.com/blog/how-to-choose-a-mobile-security-trailer,blog/how-to-choose-a-mobile-security-trailer.html,0,8102524,12.7,saved
https://www.flocksafety.com/blog/how-to-fund-a-license-plate-reader-lpr-program-in-2026-7-funding-sources-police-agencies-are-using,blog/how-to-fund-a-license-plate-reader-lpr-program-in-2026-7-funding-sources-police-agencies-are-using.html,0,10902138,15.3,saved
https://www.flocksafety.com/blog/how-to-get-ahead-of-retail-crime-this-holiday-season-with-a-stronger-law-enforcement-partnership,blog/how-to-get-ahead-of-retail-crime-this-holiday-season-with-a-stronger-law-enforcement-partnership.html,0,10670634,17.7,saved
https://www.flocksafety.com/blog/how-to-handle-a-robbery-in-the-workplace,blog/how-to-handle-a-robbery-in-the-workplace.html,0,10768319,16.9,saved
https://www.flocksafety.com/blog/how-to-implement-a-3-step-approach-to-safer-neighborhoods,blog/how-to-implement-a-3-step-approach-to-safer-neighborhoods.html,0,11088356,15.8,saved
https://www.flocksafety.com/blog/how-to-improve-retail-security-with-mobile-solutions,blog/how-to-improve-retail-security-with-mobile-solutions.html,0,10955667,14.9,saved
https://www.flocksafety.com/blog/how-to-maintain-customer-safety-in-retail-stores,blog/how-to-maintain-customer-safety-in-retail-stores.html,0,11080076,15.9,saved
https://www.flocksafety.com/blog/how-to-mitigate-organized-retail-crime,blog/how-to-mitigate-organized-retail-crime.html,0,10623750,15.2,saved
https://www.flocksafety.com/blog/how-to-prevent-employee-theft-in-retail,blog/how-to-prevent-employee-theft-in-retail.html,0,10896613,18.6,saved
https://www.flocksafety.com/blog/how-to-prevent-shoplifting-in-supermarkets,blog/how-to-prevent-shoplifting-in-supermarkets.html,0,10814271,15.2,saved
https://www.flocksafety.com/blog/how-to-prevent-shrinkage-in-retail,blog/how-to-prevent-shrinkage-in-retail.html,0,10864814,15.5,saved
https://www.flocksafety.com/blog/how-to-prevent-theft-in-retail-store,blog/how-to-prevent-theft-in-retail-store.html,0,10881253,14.5,saved
https://www.flocksafety.com/blog/how-to-solve-crime-without-a-license-plate,blog/how-to-solve-crime-without-a-license-plate.html,0,10946764,14.6,saved
https://www.flocksafety.com/blog/how-to-use-technology-to-maximize-an-understaffed-department,blog/how-to-use-technology-to-maximize-an-understaffed-department.html,0,10759520,23.0,saved
https://www.flocksafety.com/blog/how-vehicle-intelligence-helped-recover-a-kidnapped-child,blog/how-vehicle-intelligence-helped-recover-a-kidnapped-child.html,0,10836305,14.2,saved
https://www.flocksafety.com/blog/how-wynter-lii-turned-setbacks-into-growth-with-the-support-of-the-thriving-cities-fund,blog/how-wynter-lii-turned-setbacks-into-growth-with-the-support-of-the-thriving-cities-fund.html,0,10673147,23.3,saved
https://www.flocksafety.com/blog/illegal-dumping-costs-more-than-you-think,blog/illegal-dumping-costs-more-than-you-think.html,0,11184931,14.6,saved
https://www.flocksafety.com/blog/illegal-dumping-flock-safetys-solutions-for-businesses,blog/illegal-dumping-flock-safetys-solutions-for-businesses.html,0,11239569,14.9,saved
https://www.flocksafety.com/blog/im-an-individual-homeowner-and-i-want-security-coverage,blog/im-an-individual-homeowner-and-i-want-security-coverage.html,0,10707854,14.7,saved
https://www.flocksafety.com/blog/improvement-district-success-story,blog/improvement-district-success-story.html,0,10612519,14.0,saved
https://www.flocksafety.com/blog/independent-grand-jury-report-highlights-flocks-commitment-to-responsible-alpr-technology-through-product-design-and-safeguards,blog/independent-grand-jury-report-highlights-flocks-commitment-to-responsible-alpr-technology-through-product-design-and-safeguards.html,0,10840452,14.4,saved
https://www.flocksafety.com/blog/independent-study-vehicle-thefts-fell-11-after-flock-cameras-went-live,blog/independent-study-vehicle-thefts-fell-11-after-flock-cameras-went-live.html,0,11079003,14.6,saved
https://www.flocksafety.com/blog/infographic-fighting-orc-with-flock-safety,blog/infographic-fighting-orc-with-flock-safety.html,0,10999874,15.5,saved
https://www.flocksafety.com/blog/inside-fairfield-pds-real-time-crime-strategy-with-lt-nick-lt-mcdowell,blog/inside-fairfield-pds-real-time-crime-strategy-with-lt-nick-lt-mcdowell.html,0,10835837,23.9,saved
https://www.flocksafety.com/blog/inside-flocks-boston-office,blog/inside-flocks-boston-office.html,0,11809176,14.5,saved
https://www.flocksafety.com/blog/inside-flocks-top-gun-program,blog/inside-flocks-top-gun-program.html,0,10851350,16.0,saved
https://www.flocksafety.com/blog/inside-new-orleans-real-time-crime-center-a-model-of-resilience-innovation-and-public-safety,blog/inside-new-orleans-real-time-crime-center-a-model-of-resilience-innovation-and-public-safety.html,0,11078120,16.5,saved
https://www.flocksafety.com/blog/inside-scottsdales-real-time-crime-center-a-model-of-modern-policing,blog/inside-scottsdales-real-time-crime-center-a-model-of-modern-policing.html,0,10618869,24.2,saved
https://www.flocksafety.com/blog/installing-a-flock-safety-camera,blog/installing-a-flock-safety-camera.html,0,10611301,15.2,saved
https://www.flocksafety.com/blog/internal-theft-vs-external-theft-in-retail,blog/internal-theft-vs-external-theft-in-retail.html,0,11026845,14.9,saved
https://www.flocksafety.com/blog/intown-suites-boosted-guest-safety-expansion-followed-flock-safety,blog/intown-suites-boosted-guest-safety-expansion-followed-flock-safety.html,0,10801074,15.8,saved
https://www.flocksafety.com/blog/introducing-birds-of-a-feather-casey-flock-safety,blog/introducing-birds-of-a-feather-casey-flock-safety.html,0,10679673,14.9,saved
https://www.flocksafety.com/blog/introducing-law-enforcement-network,blog/introducing-law-enforcement-network.html,0,10737391,13.5,saved
https://www.flocksafety.com/blog/introducing-the-flock-safety-lpr-trailer,blog/introducing-the-flock-safety-lpr-trailer.html,0,11110054,16.4,saved
https://www.flocksafety.com/blog/irondale-police-using-new-technology-to-fight-property-crime,blog/irondale-police-using-new-technology-to-fight-property-crime.html,0,10613655,15.7,saved
https://www.flocksafety.com/blog/is-your-unit-safe-11-apartment-safety-tips-for-renters,blog/is-your-unit-safe-11-apartment-safety-tips-for-renters.html,0,10670426,14.8,saved
https://www.flocksafety.com/blog/jon-mcbride-joins-flock-safety,blog/jon-mcbride-joins-flock-safety.html,0,11447186,14.5,saved
https://www.flocksafety.com/blog/keep-gifts-safe-from-porch-pirates-holiday-season,blog/keep-gifts-safe-from-porch-pirates-holiday-season.html,0,10925505,14.8,saved
https://www.flocksafety.com/blog/keeping-our-customers-in-control,blog/keeping-our-customers-in-control.html,0,11184055,15.6,saved
https://www.flocksafety.com/blog/keys-to-leverage-your-community-to-solve-crime,blog/keys-to-leverage-your-community-to-solve-crime.html,0,10626389,15.1,saved
https://www.flocksafety.com/blog/knowing-where-to-look-officers-use-smart-signals-to-make-cities-safer,blog/knowing-where-to-look-officers-use-smart-signals-to-make-cities-safer.html,0,10864521,15.4,saved
https://www.flocksafety.com/blog/lagrange-to-add-cameras-for-neighborhood-security,blog/lagrange-to-add-cameras-for-neighborhood-security.html,0,10770645,15.4,saved
https://www.flocksafety.com/blog/law-enforcement-drone-policy,blog/law-enforcement-drone-policy.html,0,13166758,15.7,saved
https://www.flocksafety.com/blog/law-enforcement-drones,blog/law-enforcement-drones.html,0,10838926,14.2,saved
https://www.flocksafety.com/blog/law-enforcement-leaders-choose-lpr,blog/law-enforcement-leaders-choose-lpr.html,0,10612342,22.8,saved
https://www.flocksafety.com/blog/law-enforcement-uses-flock-lpr-cameras-to-make-arrest-after-bomb-threat-targeting-coachella-festival,blog/law-enforcement-uses-flock-lpr-cameras-to-make-arrest-after-bomb-threat-targeting-coachella-festival.html,0,10894378,13.1,saved
https://www.flocksafety.com/blog/layering-technology-for-comprehensive-healthcare-security,blog/layering-technology-for-comprehensive-healthcare-security.html,0,10882197,16.0,saved
https://www.flocksafety.com/blog/lessons-from-flocks-leadership-panel,blog/lessons-from-flocks-leadership-panel.html,0,11147923,15.9,saved
https://www.flocksafety.com/blog/lessons-from-isc-west-responsible-technology-and-the-rise-of-dfr,blog/lessons-from-isc-west-responsible-technology-and-the-rise-of-dfr.html,0,11276690,14.1,saved
https://www.flocksafety.com/blog/lessons-from-nrtccas-california-summit,blog/lessons-from-nrtccas-california-summit.html,0,11565715,15.1,saved
https://www.flocksafety.com/blog/leveraging-advanced-technologies-to-proactively-prevent,blog/leveraging-advanced-technologies-to-proactively-prevent.html,0,10840499,17.2,saved
https://www.flocksafety.com/blog/leveraging-ai-powered-technology-to-keep-employees-safe,blog/leveraging-ai-powered-technology-to-keep-employees-safe.html,0,10850805,15.6,saved
https://www.flocksafety.com/blog/leveraging-flock-safety-technology-as-force-multiplier-in-field,blog/leveraging-flock-safety-technology-as-force-multiplier-in-field.html,0,10846510,15.1,saved
https://www.flocksafety.com/blog/leveraging-technology-to-strengthen-inter-agency-collaboration-and-address-crime-in-albany,blog/leveraging-technology-to-strengthen-inter-agency-collaboration-and-address-crime-in-albany.html,0,10889953,14.2,saved
https://www.flocksafety.com/blog/license-plate-reader-camera-improvement-districts,blog/license-plate-reader-camera-improvement-districts.html,0,11154729,15.5,saved
https://www.flocksafety.com/blog/license-plate-reader-camera-retail-crime,blog/license-plate-reader-camera-retail-crime.html,0,10831427,15.1,saved
https://www.flocksafety.com/blog/license-plate-reader-camera-school-safety,blog/license-plate-reader-camera-school-safety.html,0,11004104,15.2,saved
https://www.flocksafety.com/blog/license-plate-reader-cameras-construction-crime,blog/license-plate-reader-cameras-construction-crime.html,0,10965820,15.3,saved
https://www.flocksafety.com/blog/license-plate-reader-deployment-strategy,blog/license-plate-reader-deployment-strategy.html,0,10874498,15.4,saved
https://www.flocksafety.com/blog/license-plate-reader-improvement-districts,blog/license-plate-reader-improvement-districts.html,0,11743340,15.3,saved
https://www.flocksafety.com/blog/license-plate-readers-contribute-mariettas-falling-crime-rate,blog/license-plate-readers-contribute-mariettas-falling-crime-rate.html,0,10592505,15.4,saved
https://www.flocksafety.com/blog/license-plate-readers-in-fort-mill-neighborhood-installed-to-deter-crime,blog/license-plate-readers-in-fort-mill-neighborhood-installed-to-deter-crime.html,0,10610678,15.1,saved
https://www.flocksafety.com/blog/license-plate-recognition-cameras-to-be-placed-in-jersey-village,blog/license-plate-recognition-cameras-to-be-placed-in-jersey-village.html,0,10605728,14.7,saved
https://www.flocksafety.com/blog/local-neighborhoods-deploying-new-technology-to-catch-criminals,blog/local-neighborhoods-deploying-new-technology-to-catch-criminals.html,0,10657202,15.1,saved
https://www.flocksafety.com/blog/local-neighborhoods-hoping-to-help-solve-crime-with-license-plate-reading-cameras,blog/local-neighborhoods-hoping-to-help-solve-crime-with-license-plate-reading-cameras.html,0,10619924,15.2,saved
https://www.flocksafety.com/blog/loss-prevention-strategies-in-retail,blog/loss-prevention-strategies-in-retail.html,0,10894756,18.9,saved
https://www.flocksafety.com/blog/loss-prevention-technology,blog/loss-prevention-technology.html,0,11009176,13.8,saved
https://www.flocksafety.com/blog/lpr-alert-management,blog/lpr-alert-management.html,0,10901948,16.3,saved
https://www.flocksafety.com/blog/lpr-camera-4-cases-solved,blog/lpr-camera-4-cases-solved.html,0,10863951,14.4,saved
https://www.flocksafety.com/blog/lpr-camera-catalytic-converter,blog/lpr-camera-catalytic-converter.html,0,10864323,14.2,saved
https://www.flocksafety.com/blog/lpr-camera-deconfliction,blog/lpr-camera-deconfliction.html,0,10941567,14.5,saved
https://www.flocksafety.com/blog/lpr-camera-rtcc-affordable,blog/lpr-camera-rtcc-affordable.html,0,10974052,15.1,saved
https://www.flocksafety.com/blog/lpr-camera-rtcc-internal-intelligence-sharing,blog/lpr-camera-rtcc-internal-intelligence-sharing.html,0,10870595,15.3,saved
https://www.flocksafety.com/blog/lpr-cameras-construction-site-theft,blog/lpr-cameras-construction-site-theft.html,0,10784817,14.2,saved
https://www.flocksafety.com/blog/lpr-cameras-for-law-enforcement,blog/lpr-cameras-for-law-enforcement.html,0,10917445,15.9,saved
https://www.flocksafety.com/blog/lpr-for-police-provides-community-wide-coverage-flock-safety-falcon,blog/lpr-for-police-provides-community-wide-coverage-flock-safety-falcon.html,0,10663619,14.9,saved
https://www.flocksafety.com/blog/lpr-vs-video-cameras-why-your-business-needs-dedicated-license-plate-recognition,blog/lpr-vs-video-cameras-why-your-business-needs-dedicated-license-plate-recognition.html,0,10895622,15.7,saved
https://www.flocksafety.com/blog/mail-theft-deterred-indianapolis,blog/mail-theft-deterred-indianapolis.html,0,10787802,15.5,saved
https://www.flocksafety.com/blog/marietta-assault-suspect-caught-by-license-plate-reader,blog/marietta-assault-suspect-caught-by-license-plate-reader.html,0,10601270,15.9,saved
https://www.flocksafety.com/blog/marietta-police-credit-license-plate-reader-for-arrest-of-alleged-domestic-offender,blog/marietta-police-credit-license-plate-reader-for-arrest-of-alleged-domestic-offender.html,0,10596554,15.7,saved
https://www.flocksafety.com/blog/marietta-wants-to-buy-license-plate-readers-after-successful-trial-run,blog/marietta-wants-to-buy-license-plate-readers-after-successful-trial-run.html,0,10781341,14.1,saved
https://www.flocksafety.com/blog/meet-the-flock-ashley-marie-r,blog/meet-the-flock-ashley-marie-r.html,0,10747813,14.2,saved
https://www.flocksafety.com/blog/meet-the-flock-ashley-s-customer-success-manager,blog/meet-the-flock-ashley-s-customer-success-manager.html,0,10821281,14.6,saved
https://www.flocksafety.com/blog/meet-the-flock-darien-w,blog/meet-the-flock-darien-w.html,0,10756051,21.1,saved
https://www.flocksafety.com/blog/meet-the-flock-esther-r,blog/meet-the-flock-esther-r.html,0,10760774,14.0,saved
https://www.flocksafety.com/blog/meet-the-flock-ifedayo-j,blog/meet-the-flock-ifedayo-j.html,0,10748079,13.6,saved
https://www.flocksafety.com/blog/meet-the-flock-lois-a,blog/meet-the-flock-lois-a.html,0,11016365,15.1,saved
https://www.flocksafety.com/blog/meet-the-flock-mary-h,blog/meet-the-flock-mary-h.html,0,10738393,13.8,saved
https://www.flocksafety.com/blog/meet-the-flock-megan-p,blog/meet-the-flock-megan-p.html,0,10770399,13.1,saved
https://www.flocksafety.com/blog/meet-the-flock-stephen-j,blog/meet-the-flock-stephen-j.html,0,10749570,15.2,saved
https://www.flocksafety.com/blog/meet-the-flock-taylor-t-employee-experience-specialist,blog/meet-the-flock-taylor-t-employee-experience-specialist.html,0,10745430,14.3,saved
https://www.flocksafety.com/blog/meet-the-flock-tim-s,blog/meet-the-flock-tim-s.html,0,10751583,13.5,saved
https://www.flocksafety.com/blog/meet-the-new-neighborhood-watch,blog/meet-the-new-neighborhood-watch.html,0,10685717,14.5,saved
https://www.flocksafety.com/blog/meet-the-new-neighborhood-watch-1,blog/meet-the-new-neighborhood-watch-1.html,0,10764991,14.8,saved
https://www.flocksafety.com/blog/megan-adcock-birds-of-a-feather,blog/megan-adcock-birds-of-a-feather.html,0,10614768,15.0,saved
https://www.flocksafety.com/blog/memphis-city-government-safety,blog/memphis-city-government-safety.html,0,10607504,22.8,saved
https://www.flocksafety.com/blog/metro-atlanta-hotel-installs-license-plate-readers,blog/metro-atlanta-hotel-installs-license-plate-readers.html,0,10650140,12.7,saved
https://www.flocksafety.com/blog/mobile-security-camera-trailer-benefits,blog/mobile-security-camera-trailer-benefits.html,0,10700197,15.3,saved
https://www.flocksafety.com/blog/mobile-security-trailer-cost-to-lease-vs-buy,blog/mobile-security-trailer-cost-to-lease-vs-buy.html,0,10798931,16.9,saved
https://www.flocksafety.com/blog/mobile-security-trailer-for-law-enforcement,blog/mobile-security-trailer-for-law-enforcement.html,0,10848074,16.3,saved
https://www.flocksafety.com/blog/mobile-security-trailers-for-parking-lots,blog/mobile-security-trailers-for-parking-lots.html,0,10795247,15.5,saved
https://www.flocksafety.com/blog/modern-safety-solutions-for-places-of-worship,blog/modern-safety-solutions-for-places-of-worship.html,0,10643982,15.7,saved
https://www.flocksafety.com/blog/more-license-plate-reading-cameras-coming-to-marietta,blog/more-license-plate-reading-cameras-coming-to-marietta.html,0,10596794,15.8,saved
https://www.flocksafety.com/blog/morgan-hill-pd-solves-aggravated-assault,blog/morgan-hill-pd-solves-aggravated-assault.html,0,10852574,14.8,saved
https://www.flocksafety.com/blog/most-common-type-of-workplace-violence,blog/most-common-type-of-workplace-violence.html,0,10880715,15.8,saved
https://www.flocksafety.com/blog/mpd-announces-new-smile-program,blog/mpd-announces-new-smile-program.html,0,10781182,16.1,saved
https://www.flocksafety.com/blog/mustang-pd-thwarts-local-business-robbery-using-flock-lpr,blog/mustang-pd-thwarts-local-business-robbery-using-flock-lpr.html,0,10790985,15.2,saved
https://www.flocksafety.com/blog/nashville-community-activists-neighborhood-crime,blog/nashville-community-activists-neighborhood-crime.html,0,10978686,13.6,saved
https://www.flocksafety.com/blog/nationwide-coalition-unites-in-operation-coast-to-coast-to-combat-human-trafficking,blog/nationwide-coalition-unites-in-operation-coast-to-coast-to-combat-human-trafficking.html,0,10651789,14.3,saved
https://www.flocksafety.com/blog/natural-language-video-and-license-plate-reader,blog/natural-language-video-and-license-plate-reader.html,0,11013167,13.8,saved
https://www.flocksafety.com/blog/navigating-californias-new-retail-security-laws-what-retailers-must-know-and-how-to-leverage-these-changes-to-improve-safety,blog/navigating-californias-new-retail-security-laws-what-retailers-must-know-and-how-to-leverage-these-changes-to-improve-safety.html,0,10921531,14.5,saved
https://www.flocksafety.com/blog/ncmec-and-flock-safety-partner-to-find-missing-and-kidnapped-children,blog/ncmec-and-flock-safety-partner-to-find-missing-and-kidnapped-children.html,0,10662758,14.6,saved
https://www.flocksafety.com/blog/neighborhood-crime-houston,blog/neighborhood-crime-houston.html,0,10733459,14.9,saved
https://www.flocksafety.com/blog/neighborhood-fundraising-guide-flock-safety,blog/neighborhood-fundraising-guide-flock-safety.html,0,10944144,16.1,saved
https://www.flocksafety.com/blog/neighborhood-gate-virtual-gate-arizona,blog/neighborhood-gate-virtual-gate-arizona.html,0,10646425,18.1,saved
https://www.flocksafety.com/blog/neighborhood-houston-hoa-president-stops-car-thieves-license-plate-reader,blog/neighborhood-houston-hoa-president-stops-car-thieves-license-plate-reader.html,0,10772682,19.0,saved
https://www.flocksafety.com/blog/neighborhood-keeps-eyes-open,blog/neighborhood-keeps-eyes-open.html,0,10608666,22.0,saved
https://www.flocksafety.com/blog/neighborhood-recovers-stolen-3000-road-bike,blog/neighborhood-recovers-stolen-3000-road-bike.html,0,10812435,20.5,saved
https://www.flocksafety.com/blog/neighborhood-security-flock-safety-success,blog/neighborhood-security-flock-safety-success.html,0,11965287,19.9,saved
https://www.flocksafety.com/blog/neighborhood-security-solution-flock-safety,blog/neighborhood-security-solution-flock-safety.html,0,11057892,20.9,saved
https://www.flocksafety.com/blog/neighborhood-turns-to-cameras-that-read-license-plates-to-solve-crime,blog/neighborhood-turns-to-cameras-that-read-license-plates-to-solve-crime.html,0,10642507,15.5,saved
https://www.flocksafety.com/blog/neighborhood-uses-high-tech-to-fight-crime,blog/neighborhood-uses-high-tech-to-fight-crime.html,0,10619402,15.4,saved
https://www.flocksafety.com/blog/neighborhoods-use-new-tech-to-curb-crime,blog/neighborhoods-use-new-tech-to-curb-crime.html,0,10654131,15.8,saved
https://www.flocksafety.com/blog/neighbors-are-using-these-smart-cameras-to-track-strangers-cars-and-yours,blog/neighbors-are-using-these-smart-cameras-to-track-strangers-cars-and-yours.html,0,10915286,16.5,saved
https://www.flocksafety.com/blog/new-ai-video-analytics-features-24-7-security-coverage-no-extra-staff-needed,blog/new-ai-video-analytics-features-24-7-security-coverage-no-extra-staff-needed.html,0,11027503,17.9,saved
https://www.flocksafety.com/blog/new-security-cameras-aimed-at-catching-criminals-in-collierville,blog/new-security-cameras-aimed-at-catching-criminals-in-collierville.html,0,10674836,17.7,saved
https://www.flocksafety.com/blog/new-type-of-security-camera-could-be-coming-to-neighborhood-near-you,blog/new-type-of-security-camera-could-be-coming-to-neighborhood-near-you.html,0,10606095,17.3,saved
https://www.flocksafety.com/blog/next-gen-policing-takes-flight-in-prosper-texas,blog/next-gen-policing-takes-flight-in-prosper-texas.html,0,10624450,25.6,saved
https://www.flocksafety.com/blog/north-charleston,blog/north-charleston.html,0,10754354,18.8,saved
https://www.flocksafety.com/blog/not-all-license-plate-readers-are-equal-when-plate-data-fails-how-do-investigations-continue,blog/not-all-license-plate-readers-are-equal-when-plate-data-fails-how-do-investigations-continue.html,0,11789621,18.2,saved
https://www.flocksafety.com/blog/notice-of-salesforce-drift-incident,blog/notice-of-salesforce-drift-incident.html,0,10590656,20.2,saved
https://www.flocksafety.com/blog/november-2022-release-notes,blog/november-2022-release-notes.html,0,10778367,17.0,saved
https://www.flocksafety.com/blog/oakland-city-council-votes-to-continue-contract-with-flock,blog/oakland-city-council-votes-to-continue-contract-with-flock.html,0,10869771,28.1,saved
https://www.flocksafety.com/blog/oakland-naacp-endorses-flock-safety-technology,blog/oakland-naacp-endorses-flock-safety-technology.html,0,10993336,18.5,saved
https://www.flocksafety.com/blog/october-2022-release-notes,blog/october-2022-release-notes.html,0,10802991,17.7,saved
https://www.flocksafety.com/blog/offense-type-dropdown-a-simpler-more-accurate-audit,blog/offense-type-dropdown-a-simpler-more-accurate-audit.html,0,10815651,16.9,saved
https://www.flocksafety.com/blog/officers-apprehend-orc-suspects-behind-20-000-in-stolen-items-with-help-from-flock-cameras,blog/officers-apprehend-orc-suspects-behind-20-000-in-stolen-items-with-help-from-flock-cameras.html,0,10662891,16.9,saved
https://www.flocksafety.com/blog/oman-helps-police-catch-thieves-after-spotting-car-from-surveillance-video,blog/oman-helps-police-catch-thieves-after-spotting-car-from-surveillance-video.html,0,10596500,16.1,saved
https://www.flocksafety.com/blog/one-platform-one-picture-one-clear-mission,blog/one-platform-one-picture-one-clear-mission.html,0,11087844,18.1,saved
https://www.flocksafety.com/blog/one-week-three-major-cases-colorado-law-enforcement-solves-two-amber-alerts-homicide-with-flock-safety,blog/one-week-three-major-cases-colorado-law-enforcement-solves-two-amber-alerts-homicide-with-flock-safety.html,0,10817453,16.0,saved
https://www.flocksafety.com/blog/ongoing-retail-theft-suspects-caught-with-help-from-stores-lpr-cameras,blog/ongoing-retail-theft-suspects-caught-with-help-from-stores-lpr-cameras.html,0,10843140,16.8,saved
https://www.flocksafety.com/blog/open-vs-closed-dfr-ecosystem,blog/open-vs-closed-dfr-ecosystem.html,0,11406191,16.2,saved
https://www.flocksafety.com/blog/organized-retail-crime-flock-safetys-solutions-for-businesses,blog/organized-retail-crime-flock-safetys-solutions-for-businesses.html,0,10805939,16.4,saved
https://www.flocksafety.com/blog/os-angeles-burglar-who-used-rental-car-caught-using-flock-safety-camera,blog/os-angeles-burglar-who-used-rental-car-caught-using-flock-safety-camera.html,0,10599324,16.3,saved
https://www.flocksafety.com/blog/oscar-arango-joins-flock-safety-as-vp-of-retail-strategy,blog/oscar-arango-joins-flock-safety-as-vp-of-retail-strategy.html,0,10759314,17.4,saved
https://www.flocksafety.com/blog/over-6m-in-stolen-goods-retrieved-in-porch-pirate-operation-with-help-from-flock-cameras,blog/over-6m-in-stolen-goods-retrieved-in-porch-pirate-operation-with-help-from-flock-cameras.html,0,10618016,15.6,saved
https://www.flocksafety.com/blog/ow-a-flock-protected-neighborhood-helped-police-catch-a-serial-mail-thief,blog/ow-a-flock-protected-neighborhood-helped-police-catch-a-serial-mail-thief.html,0,10682641,15.1,saved
https://www.flocksafety.com/blog/ow-an-evasive-park-burglar-was-caught-using-flock-safety-footage,blog/ow-an-evasive-park-burglar-was-caught-using-flock-safety-footage.html,0,10765453,16.1,saved
https://www.flocksafety.com/blog/parking-lot-break-ins-flock-safetys-solutions-for-businesses,blog/parking-lot-break-ins-flock-safetys-solutions-for-businesses.html,0,10759241,16.0,saved
https://www.flocksafety.com/blog/partnering-with-law-enforcement-to-combat-organized-retail-crime-orc,blog/partnering-with-law-enforcement-to-combat-organized-retail-crime-orc.html,0,8151062,13.7,saved
https://www.flocksafety.com/blog/plate-matching-an-entirely-new-way-for-businesses-to-collaborate-on-investigations,blog/plate-matching-an-entirely-new-way-for-businesses-to-collaborate-on-investigations.html,0,10916783,16.5,saved
https://www.flocksafety.com/blog/police-camera-towers,blog/police-camera-towers.html,0,10884361,15.7,saved
https://www.flocksafety.com/blog/police-drones,blog/police-drones.html,0,10859477,16.5,saved
https://www.flocksafety.com/blog/police-it-leaders-choose-flock,blog/police-it-leaders-choose-flock.html,0,10758101,16.2,saved
https://www.flocksafety.com/blog/police-using-flock-readers-during-social-distancing,blog/police-using-flock-readers-during-social-distancing.html,0,10611903,16.4,saved
https://www.flocksafety.com/blog/policy-pulse-compliance-doesnt-have-to-be-so-hard,blog/policy-pulse-compliance-doesnt-have-to-be-so-hard.html,0,10841366,16.6,saved
https://www.flocksafety.com/blog/policy-pulse-for-real-communities-public-safety-is-not-hypothetical,blog/policy-pulse-for-real-communities-public-safety-is-not-hypothetical.html,0,11012929,24.7,saved
https://www.flocksafety.com/blog/policy-pulse-the-work-already-underway,blog/policy-pulse-the-work-already-underway.html,0,10767226,16.4,saved
https://www.flocksafety.com/blog/policy-pulse-transparency-control-and-the-path-forward,blog/policy-pulse-transparency-control-and-the-path-forward.html,0,11054167,16.9,saved
https://www.flocksafety.com/blog/porch-pirate-caught-by-flock-safety-camera,blog/porch-pirate-caught-by-flock-safety-camera.html,0,10775182,17.1,saved
https://www.flocksafety.com/blog/porch-pirate-suspect-believed-to-have-more-sandy-springs-victims,blog/porch-pirate-suspect-believed-to-have-more-sandy-springs-victims.html,0,10696088,16.5,saved
https://www.flocksafety.com/blog/precision-in-motion-how-flock-helped-solve-crimes-coast-to-coast-solved-stories-107,blog/precision-in-motion-how-flock-helped-solve-crimes-coast-to-coast-solved-stories-107.html,0,10955433,16.2,saved
https://www.flocksafety.com/blog/prevent-mail-theft-identity-theft,blog/prevent-mail-theft-identity-theft.html,0,10796253,16.5,saved
https://www.flocksafety.com/blog/prevent-porch-pirates,blog/prevent-porch-pirates.html,0,10785328,18.5,saved
https://www.flocksafety.com/blog/prevent-property-crime-in-neighborhoods-and-increase-resident-safety,blog/prevent-property-crime-in-neighborhoods-and-increase-resident-safety.html,0,10600697,16.0,saved
https://www.flocksafety.com/blog/preventing-workplace-violence-empowering-healthcare-workers-through-comprehensive-training,blog/preventing-workplace-violence-empowering-healthcare-workers-through-comprehensive-training.html,0,10778280,15.7,saved
https://www.flocksafety.com/blog/privacy-and-access,blog/privacy-and-access.html,0,10794074,15.7,saved
https://www.flocksafety.com/blog/privacy-and-safety-flock-safety-helps-this-california,blog/privacy-and-safety-flock-safety-helps-this-california.html,0,10714005,17.2,saved
https://www.flocksafety.com/blog/proactive-protection-how-alert-response-service-is-closing-the-gap-between-threat-detection-and-response,blog/proactive-protection-how-alert-response-service-is-closing-the-gap-between-threat-detection-and-response.html,0,10793565,17.9,saved
https://www.flocksafety.com/blog/proactive-protection-how-alert-response-service-is-closing-the-gap-between-threat-detection-and-response-2,blog/proactive-protection-how-alert-response-service-is-closing-the-gap-between-threat-detection-and-response-2.html,0,10766833,18.8,saved
https://www.flocksafety.com/blog/proactively-protect-employees-customers-and-property,blog/proactively-protect-employees-customers-and-property.html,0,10764951,18.7,saved
https://www.flocksafety.com/blog/product-announcement-q2-2023,blog/product-announcement-q2-2023.html,0,11015608,17.9,saved
https://www.flocksafety.com/blog/property-managers-beaumont-california,blog/property-managers-beaumont-california.html,0,10904285,23.4,saved
https://www.flocksafety.com/blog/prosper-police-department-is-the-first-agency-in-texas-to-launch-flock-aerodome-drone-as-a-first-responder,blog/prosper-police-department-is-the-first-agency-in-texas-to-launch-flock-aerodome-drone-as-a-first-responder.html,0,10625430,22.5,saved
https://www.flocksafety.com/blog/protect-home-from-robbery,blog/protect-home-from-robbery.html,0,10669753,24.1,saved
https://www.flocksafety.com/blog/protect-hospital-and-healthcare-staff-with-flock-safety,blog/protect-hospital-and-healthcare-staff-with-flock-safety.html,0,10632608,26.4,saved
https://www.flocksafety.com/blog/protect-yourself-from-job-scams-impersonating-flock-safety,blog/protect-yourself-from-job-scams-impersonating-flock-safety.html,0,10591989,21.9,saved
https://www.flocksafety.com/blog/protecting-your-family-doorbell-camera-or-security-system,blog/protecting-your-family-doorbell-camera-or-security-system.html,0,11530040,24.3,saved
https://www.flocksafety.com/blog/providing-evidence-in-a-california-break-in,blog/providing-evidence-in-a-california-break-in.html,0,10738123,24.5,saved
https://www.flocksafety.com/blog/public-safety-drones,blog/public-safety-drones.html,0,8285408,17.2,saved
https://www.flocksafety.com/blog/quick-installation-instant-security-flock-safety-neighborhood-cameras,blog/quick-installation-instant-security-flock-safety-neighborhood-cameras.html,0,10764540,18.6,saved
https://www.flocksafety.com/blog/reading-franklin-in-full-what-the-founding-father-actually-said-about-safety,blog/reading-franklin-in-full-what-the-founding-father-actually-said-about-safety.html,0,18273330,19.4,saved
https://www.flocksafety.com/blog/real-time-leads-real-world-outcomes,blog/real-time-leads-real-world-outcomes.html,0,10796802,18.5,saved
https://www.flocksafety.com/blog/realty-group-eliminates-crime-using-flock-safety,blog/realty-group-eliminates-crime-using-flock-safety.html,0,10811263,18.2,saved
https://www.flocksafety.com/blog/reddit-co-founder-alexis-ohanian-visits-flock-safety,blog/reddit-co-founder-alexis-ohanian-visits-flock-safety.html,0,10854978,15.9,saved
https://www.flocksafety.com/blog/reduce-case-backlogs-and-overtime-with-tech,blog/reduce-case-backlogs-and-overtime-with-tech.html,0,11063505,19.0,saved
https://www.flocksafety.com/blog/residents-use-license-plate-camera-to-ward-off-crime,blog/residents-use-license-plate-camera-to-ward-off-crime.html,0,10782594,17.4,saved
https://www.flocksafety.com/blog/response-to-compiled-security-research-on-flock-safety-devices,blog/response-to-compiled-security-research-on-flock-safety-devices.html,0,10588256,17.2,saved
https://www.flocksafety.com/blog/responsive-by-design-officers-equipped-for-the-moment,blog/responsive-by-design-officers-equipped-for-the-moment.html,0,10805180,16.6,saved
https://www.flocksafety.com/blog/retail-loss-prevention-software,blog/retail-loss-prevention-software.html,0,10822078,32.9,saved
https://www.flocksafety.com/blog/retail-shrinkage-your-number-1-holiday-security-concern,blog/retail-shrinkage-your-number-1-holiday-security-concern.html,0,10628019,31.6,saved
https://www.flocksafety.com/blog/rethinking-infrastructure-protection-for-federally-owned-buildings,blog/rethinking-infrastructure-protection-for-federally-owned-buildings.html,0,10737590,27.4,saved
https://www.flocksafety.com/blog/revolutionizing-law-enforcement-how-drones-as-first-responders-are-transforming-public-safety,blog/revolutionizing-law-enforcement-how-drones-as-first-responders-are-transforming-public-safety.html,0,10648231,23.7,saved
https://www.flocksafety.com/blog/richmond-neighborhood-installs-flock-safety-cameras,blog/richmond-neighborhood-installs-flock-safety-cameras.html,0,10736654,19.6,saved
https://www.flocksafety.com/blog/richmond-neighborhood-plans-license-plate-readers,blog/richmond-neighborhood-plans-license-plate-readers.html,0,10677675,20.3,saved
https://www.flocksafety.com/blog/rko-2025-empowering-teams-to-shape-safer-communities,blog/rko-2025-empowering-teams-to-shape-safer-communities.html,0,16053538,20.4,saved
https://www.flocksafety.com/blog/rko-2026-recap,blog/rko-2026-recap.html,0,11253809,19.6,saved
https://www.flocksafety.com/blog/role-of-ai-mobile-security-trailers,blog/role-of-ai-mobile-security-trailers.html,0,10830162,16.5,saved
https://www.flocksafety.com/blog/rtcc-integrations-for-emergency-response,blog/rtcc-integrations-for-emergency-response.html,0,10886442,17.3,saved
https://www.flocksafety.com/blog/safe-cities-are-thriving-cities-the-interconnectedness-of-crime-safety-and-quality-of-life,blog/safe-cities-are-thriving-cities-the-interconnectedness-of-crime-safety-and-quality-of-life.html,0,10800556,20.8,saved
https://www.flocksafety.com/blog/safety-is-a-fundamental-right,blog/safety-is-a-fundamental-right.html,0,16024943,19.9,saved
https://www.flocksafety.com/blog/san-antonio-neighborhood-using-flock-safety-to-curb-crime,blog/san-antonio-neighborhood-using-flock-safety-to-curb-crime.html,0,10755745,17.5,saved
https://www.flocksafety.com/blog/san-diego-hispanic-chamber-of-commerce-voices-support-for-alpr-program,blog/san-diego-hispanic-chamber-of-commerce-voices-support-for-alpr-program.html,0,11055149,18.3,saved
https://www.flocksafety.com/blog/san-diego-neighborhood-gives-police-first-lead-in-burglary-case-using-flock-safety,blog/san-diego-neighborhood-gives-police-first-lead-in-burglary-case-using-flock-safety.html,0,10634144,17.3,saved
https://www.flocksafety.com/blog/sandy-springs-neighborhood-hands-actionable-evidence-to-police-in-mail-theft-case,blog/sandy-springs-neighborhood-hands-actionable-evidence-to-police-in-mail-theft-case.html,0,10631292,17.5,saved
https://www.flocksafety.com/blog/sandy-springs-police-charge-man-with-mail-theft-identity-fraud,blog/sandy-springs-police-charge-man-with-mail-theft-identity-fraud.html,0,10660474,15.1,saved
https://www.flocksafety.com/blog/sandy-springs-police-have-arrested-a-serial-fraud-suspect-with-help-from-flock-safety,blog/sandy-springs-police-have-arrested-a-serial-fraud-suspect-with-help-from-flock-safety.html,0,10681294,16.2,saved
https://www.flocksafety.com/blog/savannah-police-uses-flock-safety,blog/savannah-police-uses-flock-safety.html,0,10652405,15.7,saved
https://www.flocksafety.com/blog/scaling-success-meet-flocks-new-law-enforcement-sales-leadership,blog/scaling-success-meet-flocks-new-law-enforcement-sales-leadership.html,0,10939454,18.8,saved
https://www.flocksafety.com/blog/school-safety,blog/school-safety.html,0,10800856,17.0,saved
https://www.flocksafety.com/blog/search-safeguards-how-flocks-search-filters-work,blog/search-safeguards-how-flocks-search-filters-work.html,0,10741815,19.5,saved
https://www.flocksafety.com/blog/secure-warehouses-with-help-from-flock-aerodome,blog/secure-warehouses-with-help-from-flock-aerodome.html,0,18940627,17.4,saved
https://www.flocksafety.com/blog/securing-summer-how-mobile-security-trailers-safeguard-soft-targets-and-strengthen-community-wellbeing,blog/securing-summer-how-mobile-security-trailers-safeguard-soft-targets-and-strengthen-community-wellbeing.html,0,10803044,16.7,saved
https://www.flocksafety.com/blog/securing-your-business-entrances-with-license-plate-reader-cameras-and-advanced-technology,blog/securing-your-business-entrances-with-license-plate-reader-cameras-and-advanced-technology.html,0,10796872,17.4,saved
https://www.flocksafety.com/blog/security-camera-system-specifically-for-neighborhoods,blog/security-camera-system-specifically-for-neighborhoods.html,0,11185754,18.0,saved
https://www.flocksafety.com/blog/security-cameras-lead-to-fraud-suspect-arrest-in-sandy-springs,blog/security-cameras-lead-to-fraud-suspect-arrest-in-sandy-springs.html,0,10661657,16.7,saved
https://www.flocksafety.com/blog/security-strategies-from-law-enforcement-investigators-part-1-enhancing-business-security-with-advanced-technology,blog/security-strategies-from-law-enforcement-investigators-part-1-enhancing-business-security-with-advanced-technology.html,0,10789790,16.1,saved
https://www.flocksafety.com/blog/security-strategies-from-law-enforcement-investigators-part-3-connecting-crime-across-multiple-locations-with-license-plate-reader-cameras,blog/security-strategies-from-law-enforcement-investigators-part-3-connecting-crime-across-multiple-locations-with-license-plate-reader-cameras.html,0,10811885,16.1,saved
https://www.flocksafety.com/blog/security-strategies-from-law-enforcement-investigators-part-4-ensuring-equal-security-coverage-across-all-store-locations,blog/security-strategies-from-law-enforcement-investigators-part-4-ensuring-equal-security-coverage-across-all-store-locations.html,0,10846670,16.1,saved
https://www.flocksafety.com/blog/security-strategies-from-law-enforcement-investigators-part-5-creating-a-virtual-security-perimeter-using-license-plate-reader-cameras,blog/security-strategies-from-law-enforcement-investigators-part-5-creating-a-virtual-security-perimeter-using-license-plate-reader-cameras.html,0,10773241,19.5,saved
https://www.flocksafety.com/blog/security-strategies-from-law-enforcement-investigators-part-6-implementing-proactive-off-hours-security-strategies,blog/security-strategies-from-law-enforcement-investigators-part-6-implementing-proactive-off-hours-security-strategies.html,0,10759100,16.3,saved
https://www.flocksafety.com/blog/sensors-and-software-help-small-and-mid-sized-communities-solve-public-safety-challenges,blog/sensors-and-software-help-small-and-mid-sized-communities-solve-public-safety-challenges.html,0,10781059,15.6,saved
https://www.flocksafety.com/blog/september-2022-release-notes,blog/september-2022-release-notes.html,0,10806838,15.3,saved
https://www.flocksafety.com/blog/series-d-fundraise-andreessen-horowitz,blog/series-d-fundraise-andreessen-horowitz.html,0,10839589,17.2,saved
https://www.flocksafety.com/blog/series-e-announcement,blog/series-e-announcement.html,0,10587286,17.2,saved
https://www.flocksafety.com/blog/sf-takes-historic-step-to-solve-crime-with-400-lpr-cameras,blog/sf-takes-historic-step-to-solve-crime-with-400-lpr-cameras.html,0,10711153,23.1,saved
https://www.flocksafety.com/blog/shaping-a-safer-community-in-las-vegas-trail,blog/shaping-a-safer-community-in-las-vegas-trail.html,0,10622146,24.6,saved
https://www.flocksafety.com/blog/shaping-a-safer-future-together-in-hardin-county-kentucky,blog/shaping-a-safer-future-together-in-hardin-county-kentucky.html,0,10625565,27.3,saved
https://www.flocksafety.com/blog/shaping-safer-communities-the-power-of-layered-technology,blog/shaping-safer-communities-the-power-of-layered-technology.html,0,10800665,18.5,saved
https://www.flocksafety.com/blog/shaping-safer-communities-with-our-flock-forward-2024-sponsors,blog/shaping-safer-communities-with-our-flock-forward-2024-sponsors.html,0,10654065,16.9,saved
https://www.flocksafety.com/blog/shelby-county-policing-technology,blog/shelby-county-policing-technology.html,0,10819993,27.9,saved
https://www.flocksafety.com/blog/should-college-campuses-install-alprs-to-keep-students-safe,blog/should-college-campuses-install-alprs-to-keep-students-safe.html,0,10857429,17.2,saved
https://www.flocksafety.com/blog/simplifying-property-security-the-case-for-unified-systems,blog/simplifying-property-security-the-case-for-unified-systems.html,0,10782443,15.3,saved
https://www.flocksafety.com/blog/six-abducted-children-recovered-in-five-months-in-colorado-with-flock-lpr-technology,blog/six-abducted-children-recovered-in-five-months-in-colorado-with-flock-lpr-technology.html,0,11064132,15.2,saved
https://www.flocksafety.com/blog/smart-cameras-installed-in-midlands-neighborhood,blog/smart-cameras-installed-in-midlands-neighborhood.html,0,10670824,15.1,saved
https://www.flocksafety.com/blog/smarter-not-scarier-the-role-of-ai-in-ethical-investigative-work,blog/smarter-not-scarier-the-role-of-ai-in-ethical-investigative-work.html,0,10801660,16.4,saved
https://www.flocksafety.com/blog/snap-the-local-hoa-just-captured-your-license-plate-number,blog/snap-the-local-hoa-just-captured-your-license-plate-number.html,0,10749535,18.2,saved
https://www.flocksafety.com/blog/solar-powered-surveillance,blog/solar-powered-surveillance.html,0,7707497,12.9,saved
https://www.flocksafety.com/blog/solved-cobb-county-officers-leverage-the-flock-system-to-detain-dangerous-suspect,blog/solved-cobb-county-officers-leverage-the-flock-system-to-detain-dangerous-suspect.html,0,10940833,16.9,saved
https://www.flocksafety.com/blog/solved-marietta-pd-leverages-flock-technology-to-swiftly-solve-homicide-case,blog/solved-marietta-pd-leverages-flock-technology-to-swiftly-solve-homicide-case.html,0,10798292,16.6,saved
https://www.flocksafety.com/blog/solved-stories-recap-edition-023,blog/solved-stories-recap-edition-023.html,0,10910471,18.7,saved
https://www.flocksafety.com/blog/solvedstories-edition-036,blog/solvedstories-edition-036.html,0,7903906,13.8,saved
https://www.flocksafety.com/blog/solvedstories-edition-044,blog/solvedstories-edition-044.html,0,10905985,17.2,saved
https://www.flocksafety.com/blog/solvedstories-flock-cameras-at-har-mar-shopping-center-drive-crime-reduction-supporting-roseville-mn-pd,blog/solvedstories-flock-cameras-at-har-mar-shopping-center-drive-crime-reduction-supporting-roseville-mn-pd.html,0,11092633,17.7,saved
https://www.flocksafety.com/blog/solvedstories-florida-homeowners-association-staugustine-partners-with-local-law-enforcement-to-better-protect-their-community-from-crime,blog/solvedstories-florida-homeowners-association-staugustine-partners-with-local-law-enforcement-to-better-protect-their-community-from-crime.html,0,10811277,26.1,saved
https://www.flocksafety.com/blog/solvedstories-homeland-security-taylor-pd-join-forces-to-arrest-7-alleged-child-predators,blog/solvedstories-homeland-security-taylor-pd-join-forces-to-arrest-7-alleged-child-predators.html,0,10645391,28.2,saved
https://www.flocksafety.com/blog/solvedstories-multiple-arkansas-police-departments-collaborate-and-employ-flock-lpr-cameras-to-solve-a-string-of-local-robberies,blog/solvedstories-multiple-arkansas-police-departments-collaborate-and-employ-flock-lpr-cameras-to-solve-a-string-of-local-robberies.html,0,10611125,15.8,saved
https://www.flocksafety.com/blog/solving-crime-with-license-plate-cameras-in-atlanta,blog/solving-crime-with-license-plate-cameras-in-atlanta.html,0,10775440,15.9,saved
https://www.flocksafety.com/blog/solving-cross-jurisdictional-crime-in-real-time-how-flock-safetys-unified-platform-makes-it-possible,blog/solving-cross-jurisdictional-crime-in-real-time-how-flock-safetys-unified-platform-makes-it-possible.html,0,10688240,19.7,saved
https://www.flocksafety.com/blog/solving-hate-crimes-with-a-smart-streetlight-integration-in-san-diego,blog/solving-hate-crimes-with-a-smart-streetlight-integration-in-san-diego.html,0,10868120,19.1,saved
https://www.flocksafety.com/blog/solving-nonviolent-crime,blog/solving-nonviolent-crime.html,0,10959689,18.8,saved
https://www.flocksafety.com/blog/statement-in-response-to-recent-reports,blog/statement-in-response-to-recent-reports.html,0,10744355,18.6,saved
https://www.flocksafety.com/blog/statement-network-sharing-use-cases-federal-cooperation,blog/statement-network-sharing-use-cases-federal-cooperation.html,0,10806797,24.8,saved
https://www.flocksafety.com/blog/stolen-dog-returns-flock-safety-outdoor-security-camera,blog/stolen-dog-returns-flock-safety-outdoor-security-camera.html,0,11201710,23.3,saved
https://www.flocksafety.com/blog/stop-choosing-between-coverage-and-clarity-dual-lens-ptz-delivers-both,blog/stop-choosing-between-coverage-and-clarity-dual-lens-ptz-delivers-both.html,0,11451698,21.4,saved
https://www.flocksafety.com/blog/strengthening-healthcare-security-through-local-law-enforcement-partnerships,blog/strengthening-healthcare-security-through-local-law-enforcement-partnerships.html,0,10807237,20.8,saved
https://www.flocksafety.com/blog/strengthening-relationships-with-law-enforcement,blog/strengthening-relationships-with-law-enforcement.html,0,10875860,20.4,saved
https://www.flocksafety.com/blog/sugarloaf-cid-installs-10-new-license-plate-reading-camera,blog/sugarloaf-cid-installs-10-new-license-plate-reading-camera.html,0,10653360,19.4,saved
https://www.flocksafety.com/blog/surveillance-cameras-flock-to-memphis-area,blog/surveillance-cameras-flock-to-memphis-area.html,0,10600729,21.0,saved
https://www.flocksafety.com/blog/swift-police-response-brings-relief-after-harrowing-ofallon-home-invasion,blog/swift-police-response-brings-relief-after-harrowing-ofallon-home-invasion.html,0,10838741,22.6,saved
https://www.flocksafety.com/blog/tackling-organized-retail-crime-with-flock-safetys-crime-intelligence-solution,blog/tackling-organized-retail-crime-with-flock-safetys-crime-intelligence-solution.html,0,10673209,18.2,saved
https://www.flocksafety.com/blog/target-ends-self-checkout-due-to-theft-what-retailers-can-learn,blog/target-ends-self-checkout-due-to-theft-what-retailers-can-learn.html,0,10824323,20.5,saved
https://www.flocksafety.com/blog/tech-forward-policing-real-time-alerts-real-results,blog/tech-forward-policing-real-time-alerts-real-results.html,0,11616367,19.5,saved
https://www.flocksafety.com/blog/tech-that-works-tools-that-protect-this-weeks-wins-with-flock-safety,blog/tech-that-works-tools-that-protect-this-weeks-wins-with-flock-safety.html,0,10804205,18.5,saved
https://www.flocksafety.com/blog/tega-cay-virtual-gate,blog/tega-cay-virtual-gate.html,0,10808537,18.7,saved
https://www.flocksafety.com/blog/texas-chief-innovative-policing-technology,blog/texas-chief-innovative-policing-technology.html,0,10500081,26.4,saved
https://www.flocksafety.com/blog/the-5-as-of-dfr-the-dna-of-a-drone-as-first-responder-program,blog/the-5-as-of-dfr-the-dna-of-a-drone-as-first-responder-program.html,0,10900299,18.1,saved
https://www.flocksafety.com/blog/the-cases-behind-the-alerts-how-officers-closed-the-loop,blog/the-cases-behind-the-alerts-how-officers-closed-the-loop.html,0,11114067,18.5,saved
https://www.flocksafety.com/blog/the-data-doesnt-stop-at-the-city-line-why-agencies-must-think-regionally,blog/the-data-doesnt-stop-at-the-city-line-why-agencies-must-think-regionally.html,0,12205996,16.0,saved
https://www.flocksafety.com/blog/the-details-that-point-the-way-forward,blog/the-details-that-point-the-way-forward.html,0,10915574,16.9,saved
https://www.flocksafety.com/blog/the-evolution-of-flockos-how-customer-feedback-continues-to-shape-the-future,blog/the-evolution-of-flockos-how-customer-feedback-continues-to-shape-the-future.html,0,10755286,19.7,saved
https://www.flocksafety.com/blog/the-first-90-days-at-flock,blog/the-first-90-days-at-flock.html,0,10645523,17.1,saved
https://www.flocksafety.com/blog/the-future-of-hotel-security-technologys-role-in-protecting-guests-and-staff,blog/the-future-of-hotel-security-technologys-role-in-protecting-guests-and-staff.html,0,10601463,17.9,saved
https://www.flocksafety.com/blog/the-future-of-retail-security-insights-from-nrf-protects-big-ideas-panel,blog/the-future-of-retail-security-insights-from-nrf-protects-big-ideas-panel.html,0,10675074,17.6,saved
https://www.flocksafety.com/blog/the-hidden-cost-of-data-fatigue-in-law-enforcement,blog/the-hidden-cost-of-data-fatigue-in-law-enforcement.html,0,10776331,16.0,saved
https://www.flocksafety.com/blog/the-hidden-gaps-in-human-only-security,blog/the-hidden-gaps-in-human-only-security.html,0,10725604,20.0,saved
https://www.flocksafety.com/blog/the-impact-of-data-driven-solutions-in-crime-solving,blog/the-impact-of-data-driven-solutions-in-crime-solving.html,0,10639264,17.5,saved
https://www.flocksafety.com/blog/the-latest-advancements-in-dfr-aerovision-mobile-apps-and-community-engagement-dashboard,blog/the-latest-advancements-in-dfr-aerovision-mobile-apps-and-community-engagement-dashboard.html,0,25283392,20.6,saved
https://www.flocksafety.com/blog/the-moment-that-changes-everything-stopping-wrong-way-driving-before-it-starts,blog/the-moment-that-changes-everything-stopping-wrong-way-driving-before-it-starts.html,0,10692824,17.9,saved
https://www.flocksafety.com/blog/the-power-of-connected-intelligence,blog/the-power-of-connected-intelligence.html,0,10896661,19.1,saved
https://www.flocksafety.com/blog/the-power-of-perspective-what-context-on-your-terms-really-means,blog/the-power-of-perspective-what-context-on-your-terms-really-means.html,0,10912140,16.5,saved
https://www.flocksafety.com/blog/the-price-of-free-lpr,blog/the-price-of-free-lpr.html,0,11902406,16.6,saved
https://www.flocksafety.com/blog/the-road-to-eagles-club-what-it-takes-to-get-there,blog/the-road-to-eagles-club-what-it-takes-to-get-there.html,0,11063510,17.6,saved
https://www.flocksafety.com/blog/the-role-cameras-can-play-during-a-statewide-crisis,blog/the-role-cameras-can-play-during-a-statewide-crisis.html,0,10663970,19.6,saved
https://www.flocksafety.com/blog/the-shift-to-proactive-security-new-tools-to-deter-crime-and-hold-offenders-accountable,blog/the-shift-to-proactive-security-new-tools-to-deter-crime-and-hold-offenders-accountable.html,0,10635240,18.6,saved
https://www.flocksafety.com/blog/the-silent-strain-addressing-mental-health-in-security-roles-with-oscar-arango,blog/the-silent-strain-addressing-mental-health-in-security-roles-with-oscar-arango.html,0,10833337,18.2,saved
https://www.flocksafety.com/blog/the-strategic-value-of-flock-safety-for-multifamily-communities,blog/the-strategic-value-of-flock-safety-for-multifamily-communities.html,0,10675238,21.0,saved
https://www.flocksafety.com/blog/the-university-of-toledo-installing-flock-safety-lpr-cameras,blog/the-university-of-toledo-installing-flock-safety-lpr-cameras.html,0,10619912,29.7,saved
https://www.flocksafety.com/blog/think-big-start-small-4-tips-to-fund-new-police-technology,blog/think-big-start-small-4-tips-to-fund-new-police-technology.html,0,10672712,21.8,saved
https://www.flocksafety.com/blog/this-surveillance-startup-wants-to-put-cameras-in-your-neighborhood,blog/this-surveillance-startup-wants-to-put-cameras-in-your-neighborhood.html,0,10671225,19.7,saved
https://www.flocksafety.com/blog/this-technology-helps-police-be-everywhere-at-the-same-time,blog/this-technology-helps-police-be-everywhere-at-the-same-time.html,0,10782754,20.5,saved
https://www.flocksafety.com/blog/three-proactive-steps-your-school-can-take-to-protect-students-with-custodial-arrangements,blog/three-proactive-steps-your-school-can-take-to-protect-students-with-custodial-arrangements.html,0,10845985,17.2,saved
https://www.flocksafety.com/blog/thriving-cities-fund-launches-in-dfw,blog/thriving-cities-fund-launches-in-dfw.html,0,11372173,17.5,saved
https://www.flocksafety.com/blog/tips-for-leaving-town,blog/tips-for-leaving-town.html,0,10584500,18.7,saved
https://www.flocksafety.com/blog/top-10-questions-answered-from-flocks-community-safety-webinar,blog/top-10-questions-answered-from-flocks-community-safety-webinar.html,0,10645800,17.7,saved
https://www.flocksafety.com/blog/transparency-portal,blog/transparency-portal.html,0,10815848,16.6,saved
https://www.flocksafety.com/blog/travel-safety-tips,blog/travel-safety-tips.html,0,10693501,17.1,saved
https://www.flocksafety.com/blog/trespassing-and-unauthorized-access-flock-safetys-solutions-for-businesses,blog/trespassing-and-unauthorized-access-flock-safetys-solutions-for-businesses.html,0,10663853,16.3,saved
https://www.flocksafety.com/blog/true-costs-of-dfr,blog/true-costs-of-dfr.html,0,11011638,17.6,saved
https://www.flocksafety.com/blog/turning-deals-into-real-world-impact-sales-at-flock,blog/turning-deals-into-real-world-impact-sales-at-flock.html,0,10900267,16.9,saved
https://www.flocksafety.com/blog/types-of-shrinkage-in-retail,blog/types-of-shrinkage-in-retail.html,0,11178576,17.3,saved
https://www.flocksafety.com/blog/understanding-flocks-testing-and-development-program,blog/understanding-flocks-testing-and-development-program.html,0,11390972,17.4,saved
https://www.flocksafety.com/blog/understanding-floridas-house-bill-837-how-multifamily-property-owners-can-stay-compliant-and-protected,blog/understanding-floridas-house-bill-837-how-multifamily-property-owners-can-stay-compliant-and-protected.html,0,10809455,19.0,saved
https://www.flocksafety.com/blog/university-of-st-thomas-launches-a-connected-campus-safety-program-with-drone-as-first-responder,blog/university-of-st-thomas-launches-a-connected-campus-safety-program-with-drone-as-first-responder.html,0,16104240,17.8,saved
https://www.flocksafety.com/blog/university-police-catch-serial-burglar-with-alerts-from-flock-cameras,blog/university-police-catch-serial-burglar-with-alerts-from-flock-cameras.html,0,10860388,18.0,saved
https://www.flocksafety.com/blog/unleash-the-power-of-nightvision-enhance-your-falcon-r-lpr-cameras-for-superior-nighttime-clarity,blog/unleash-the-power-of-nightvision-enhance-your-falcon-r-lpr-cameras-for-superior-nighttime-clarity.html,0,10639403,24.9,saved
https://www.flocksafety.com/blog/unlocking-a-career-defining-experience-with-flock-safety,blog/unlocking-a-career-defining-experience-with-flock-safety.html,0,11173851,17.2,saved
https://www.flocksafety.com/blog/unlocking-the-future-of-real-time-crime-centers-the-2025-nrtcca-conference-lineup,blog/unlocking-the-future-of-real-time-crime-centers-the-2025-nrtcca-conference-lineup.html,0,10843906,18.1,saved
https://www.flocksafety.com/blog/update-on-limited-condor-device-configuration-issue,blog/update-on-limited-condor-device-configuration-issue.html,0,10586509,19.9,saved
https://www.flocksafety.com/blog/use-flock-safety-to-help-police-stop-crime,blog/use-flock-safety-to-help-police-stop-crime.html,0,10600651,27.4,saved
https://www.flocksafety.com/blog/using-drones-for-security-patrols,blog/using-drones-for-security-patrols.html,0,10929467,20.9,saved
https://www.flocksafety.com/blog/vacaville-pds-blueprint-for-smarter-policing-inside-the-citys-information-centered-approach-to-public-safety,blog/vacaville-pds-blueprint-for-smarter-policing-inside-the-citys-information-centered-approach-to-public-safety.html,0,10685309,31.3,saved
https://www.flocksafety.com/blog/vandalism-and-property-damage-flock-safetys-solutions-for-businesses,blog/vandalism-and-property-damage-flock-safetys-solutions-for-businesses.html,0,10848688,23.2,saved
https://www.flocksafety.com/blog/vehicle-and-catalytic-converter-theft-flock-safetys-solutions-for-businesses,blog/vehicle-and-catalytic-converter-theft-flock-safetys-solutions-for-businesses.html,0,10776643,17.6,saved
https://www.flocksafety.com/blog/vehicle-intelligence,blog/vehicle-intelligence.html,0,10891624,17.1,saved
https://www.flocksafety.com/blog/vehicle-recognition-software-for-investigation-grade-lpr,blog/vehicle-recognition-software-for-investigation-grade-lpr.html,0,11017681,29.7,saved
https://www.flocksafety.com/blog/video,blog/video.html,0,10593057,23.8,saved
https://www.flocksafety.com/blog/video-with-lpr-equips-law-enforcement-to-stay-ahead-of-summers-surge-in-violent-crime,blog/video-with-lpr-equips-law-enforcement-to-stay-ahead-of-summers-surge-in-violent-crime.html,0,10637819,20.8,saved
https://www.flocksafety.com/blog/video-without-limitations-flock-safetys-newest-solutions-for-law-enforcement,blog/video-without-limitations-flock-safetys-newest-solutions-for-law-enforcement.html,0,11060531,19.2,saved
https://www.flocksafety.com/blog/violent-crimes-plummeting-in-a-cobb-county-community,blog/violent-crimes-plummeting-in-a-cobb-county-community.html,0,10625441,22.6,saved
https://www.flocksafety.com/blog/virtual-neighborhood-gate-that-captures-evidence,blog/virtual-neighborhood-gate-that-captures-evidence.html,0,10830140,18.1,saved
https://www.flocksafety.com/blog/ward-off-organized-retail-crime-this-holiday-season,blog/ward-off-organized-retail-crime-this-holiday-season.html,0,10706249,18.5,saved
https://www.flocksafety.com/blog/warner-robins-flock-911,blog/warner-robins-flock-911.html,0,11018640,17.9,saved
https://www.flocksafety.com/blog/washington-court-of-appeals-upholds-automated-license-plate-readers-as-constitutional,blog/washington-court-of-appeals-upholds-automated-license-plate-readers-as-constitutional.html,0,10825767,15.9,saved
https://www.flocksafety.com/blog/west-cancer-center-reduces-parking-lot-crime-by-100-with-a-perimeter-security-strategy-using-lpr-cameras,blog/west-cancer-center-reduces-parking-lot-crime-by-100-with-a-perimeter-security-strategy-using-lpr-cameras.html,0,10977759,18.2,saved
https://www.flocksafety.com/blog/what-are-the-benefits-of-flock-mobile-security-trailers-vs-traditional-security-systems,blog/what-are-the-benefits-of-flock-mobile-security-trailers-vs-traditional-security-systems.html,0,10607724,18.4,saved
https://www.flocksafety.com/blog/what-community-managers-say-is-their-biggest-help-when-crime-is-committed-in-a-neighborhood,blog/what-community-managers-say-is-their-biggest-help-when-crime-is-committed-in-a-neighborhood.html,0,10629618,18.4,saved
https://www.flocksafety.com/blog/what-do-flock-cameras-actually-capture,blog/what-do-flock-cameras-actually-capture.html,0,10848264,16.2,saved
https://www.flocksafety.com/blog/what-does-connecticut-sb397-mean-for-alpr-use-across-the-state,blog/what-does-connecticut-sb397-mean-for-alpr-use-across-the-state.html,0,14104125,19.6,saved
https://www.flocksafety.com/blog/what-does-open-really-mean-public-safety-wins-when-the-industry-works-together,blog/what-does-open-really-mean-public-safety-wins-when-the-industry-works-together.html,0,10837004,18.1,saved
https://www.flocksafety.com/blog/what-does-oregon-senate-bill-1516-mean-for-alpr-use-in-oregon,blog/what-does-oregon-senate-bill-1516-mean-for-alpr-use-in-oregon.html,0,10958072,19.7,saved
https://www.flocksafety.com/blog/what-does-the-driver-privacy-and-safety-act-sb40-mean-for-alpr-use-in-new-mexico,blog/what-does-the-driver-privacy-and-safety-act-sb40-mean-for-alpr-use-in-new-mexico.html,0,13288412,18.1,saved
https://www.flocksafety.com/blog/what-does-washington-senate-bill-6002-mean-for-alpr-use-in-washington,blog/what-does-washington-senate-bill-6002-mean-for-alpr-use-in-washington.html,0,12840863,18.9,saved
https://www.flocksafety.com/blog/what-flocks-privacy-and-security-updates-mean-for-private-sector-customers,blog/what-flocks-privacy-and-security-updates-mean-for-private-sector-customers.html,0,10699640,21.5,saved
https://www.flocksafety.com/blog/what-happens-if-a-flock-camera-is-damaged,blog/what-happens-if-a-flock-camera-is-damaged.html,0,11118469,20.0,saved
https://www.flocksafety.com/blog/what-happens-if-law-enforcement-misuses-the-flock-system,blog/what-happens-if-law-enforcement-misuses-the-flock-system.html,0,15238935,19.2,saved
https://www.flocksafety.com/blog/what-is-jugging-5-tips-to-keep-you-safe-from-this-dangerous-crime,blog/what-is-jugging-5-tips-to-keep-you-safe-from-this-dangerous-crime.html,0,10946056,26.3,saved
https://www.flocksafety.com/blog/what-is-organized-retail-crime,blog/what-is-organized-retail-crime.html,0,10919790,20.9,saved
https://www.flocksafety.com/blog/what-is-traffic-analytics,blog/what-is-traffic-analytics.html,0,11980887,21.3,saved
https://www.flocksafety.com/blog/what-makes-a-public-safety-platform-secure,blog/what-makes-a-public-safety-platform-secure.html,0,10852546,25.4,saved
https://www.flocksafety.com/blog/what-police-wish-you-knew-about-neighborhood-crime,blog/what-police-wish-you-knew-about-neighborhood-crime.html,0,10669284,18.7,saved
https://www.flocksafety.com/blog/what-safety-means-to-you-building-community-on-your-terms,blog/what-safety-means-to-you-building-community-on-your-terms.html,0,10905063,28.9,saved
https://www.flocksafety.com/blog/what-separates-great-from-good-in-your-first-90-days-at-flock,blog/what-separates-great-from-good-in-your-first-90-days-at-flock.html,0,10789258,21.5,saved
https://www.flocksafety.com/blog/what-the-supreme-courts-chatrie-decision-actually-means-for-alpr-technology,blog/what-the-supreme-courts-chatrie-decision-actually-means-for-alpr-technology.html,0,11098466,20.6,saved
https://www.flocksafety.com/blog/what-transportation-engineers-can-learn-from-the-roads-they-already-see,blog/what-transportation-engineers-can-learn-from-the-roads-they-already-see.html,0,10631463,18.4,saved
https://www.flocksafety.com/blog/what-your-city-council-isnt-being-told-about-lpr-privacy,blog/what-your-city-council-isnt-being-told-about-lpr-privacy.html,0,11923016,18.0,saved
https://www.flocksafety.com/blog/when-crime-happens-flock-safety-captures-footage-police-need,blog/when-crime-happens-flock-safety-captures-footage-police-need.html,0,10773863,19.5,saved
https://www.flocksafety.com/blog/which-license-plate-reader-security-camera-is-best-for-my-needs,blog/which-license-plate-reader-security-camera-is-best-for-my-needs.html,0,10785058,19.0,saved
https://www.flocksafety.com/blog/white-settlements-detective-ramirez-enhances-officer-safety-through-technology,blog/white-settlements-detective-ramirez-enhances-officer-safety-through-technology.html,0,10896619,17.7,saved
https://www.flocksafety.com/blog/whitehall-pd-solves-gun-related-crime-less-than-48,blog/whitehall-pd-solves-gun-related-crime-less-than-48.html,0,11030131,19.6,saved
https://www.flocksafety.com/blog/who-really-has-access-to-your-flock-data,blog/who-really-has-access-to-your-flock-data.html,0,10874071,17.4,saved
https://www.flocksafety.com/blog/why-are-some-flock-cameras-being-removed-by-cities,blog/why-are-some-flock-cameras-being-removed-by-cities.html,0,10753578,17.4,saved
https://www.flocksafety.com/blog/why-city-leaders-are-getting-behind-license-plate-readers,blog/why-city-leaders-are-getting-behind-license-plate-readers.html,0,10877615,17.9,saved
https://www.flocksafety.com/blog/why-flock,blog/why-flock.html,0,11215848,15.7,saved
https://www.flocksafety.com/blog/why-i-joined-flock-coo-elan-greenberg,blog/why-i-joined-flock-coo-elan-greenberg.html,0,10757702,18.0,saved
https://www.flocksafety.com/blog/why-i-joined-flock-safety-a-mission-you-can-feel,blog/why-i-joined-flock-safety-a-mission-you-can-feel.html,0,11237803,16.4,saved
https://www.flocksafety.com/blog/why-neighborhood-watch-group-need-lpr-cameras,blog/why-neighborhood-watch-group-need-lpr-cameras.html,0,10780386,17.0,saved
https://www.flocksafety.com/blog/why-police-technology-is-a-must-for-small-departments,blog/why-police-technology-is-a-must-for-small-departments.html,0,10812493,17.7,saved
https://www.flocksafety.com/blog/why-public-safety-needs-a-new-kind-of-platform,blog/why-public-safety-needs-a-new-kind-of-platform.html,0,10913553,17.8,saved
https://www.flocksafety.com/blog/why-retailers-are-using-license-plate-readers-to-fight-orc-and-fraud,blog/why-retailers-are-using-license-plate-readers-to-fight-orc-and-fraud.html,0,10890628,17.2,saved
https://www.flocksafety.com/blog/why-safety-is-a-fundamental-right,blog/why-safety-is-a-fundamental-right.html,0,11929769,15.8,saved
https://www.flocksafety.com/blog/why-san-leandros-civic-leaders-chose-flock-for-responsible-crime-solving,blog/why-san-leandros-civic-leaders-chose-flock-for-responsible-crime-solving.html,0,10593714,26.1,saved
https://www.flocksafety.com/blog/why-the-type-of-security-camera-you-have-makes-a-difference,blog/why-the-type-of-security-camera-you-have-makes-a-difference.html,0,10703705,16.9,saved
https://www.flocksafety.com/blog/why-vendor-competition-matters-for-your-agencys-future,blog/why-vendor-competition-matters-for-your-agencys-future.html,0,10682541,16.7,saved
https://www.flocksafety.com/blog/why-video-is-the-missing-link-in-your-lpr-program,blog/why-video-is-the-missing-link-in-your-lpr-program.html,0,20241697,17.3,saved
https://www.flocksafety.com/blog/why-you-should-embrace-automated-license-plate-readers,blog/why-you-should-embrace-automated-license-plate-readers.html,0,10786062,17.7,saved
https://www.flocksafety.com/blog/workplace-violence-prevention-strategies,blog/workplace-violence-prevention-strategies.html,0,10825639,21.0,saved
https://www.flocksafety.com/blog/you-dont-need-more-security-guards-you-need-a-smarter-security-system,blog/you-dont-need-more-security-guards-you-need-a-smarter-security-system.html,0,10647263,20.9,saved
https://www.flocksafety.com/blog/your-black-friday-game-plan-steps-to-set-your-business-up-for-success,blog/your-black-friday-game-plan-steps-to-set-your-business-up-for-success.html,0,11012330,16.9,saved
https://www.flocksafety.com/book-a-demo,book-a-demo.html,0,11304134,18.8,saved
https://www.flocksafety.com/book-a-demo---ctv,book-a-demo---ctv.html,0,11292245,21.9,saved
https://www.flocksafety.com/book-a-demo-arizona,book-a-demo-arizona.html,0,11456670,21.0,saved
https://www.flocksafety.com/book-a-demo-blue-eye,book-a-demo-blue-eye.html,0,11062627,20.2,saved
https://www.flocksafety.com/book-a-demo-form-test,book-a-demo-form-test.html,0,11302099,18.6,saved
https://www.flocksafety.com/book-a-demo-homeowners,book-a-demo-homeowners.html,0,11300264,24.0,saved
https://www.flocksafety.com/book-a-demo-layout,book-a-demo-layout.html,0,11303148,20.7,saved
https://www.flocksafety.com/book-a-demo-multistep,book-a-demo-multistep.html,0,10436298,18.2,saved
https://www.flocksafety.com/book-a-demo-neighborhoods,book-a-demo-neighborhoods.html,0,11800966,57.4,saved
https://www.flocksafety.com/book-a-demo-paid,book-a-demo-paid.html,0,13315667,19.3,saved
https://www.flocksafety.com/book-a-demo-paid-copy,book-a-demo-paid-copy.html,0,11965923,17.4,saved
https://www.flocksafety.com/book-a-demo-short-form,book-a-demo-short-form.html,0,10435581,15.3,saved
https://www.flocksafety.com/book-a-demo-short-form-paid,book-a-demo-short-form-paid.html,0,12448289,18.6,saved
https://www.flocksafety.com/book-a-demo-short-form-test,book-a-demo-short-form-test.html,0,12445514,17.4,saved
https://www.flocksafety.com/book-a-demo-test,book-a-demo-test.html,0,10234753,18.1,saved
https://www.flocksafety.com/book-a-mobile-security-trailers-demo,book-a-mobile-security-trailers-demo.html,0,11169832,17.1,saved
https://www.flocksafety.com/brand-partner-guide,brand-partner-guide.html,0,9172716,0.0,skipped-existing
https://www.flocksafety.com/business-template,business-template.html,0,11294479,18.7,saved
https://www.flocksafety.com/careers,careers.html,0,11822375,17.8,saved
https://www.flocksafety.com/careers/engineering,careers/engineering.html,0,10846595,20.2,saved
https://www.flocksafety.com/careers/experience,careers/experience.html,0,11276845,16.4,saved
https://www.flocksafety.com/careers/positions,careers/positions.html,0,10191633,19.0,saved
https://www.flocksafety.com/chilipiper-2,chilipiper-2.html,0,10413997,17.3,saved
https://www.flocksafety.com/choose-your-bundle,choose-your-bundle.html,0,11442902,20.9,saved
https://www.flocksafety.com/city-leadership-direct,city-leadership-direct.html,0,10735016,18.8,saved
https://www.flocksafety.com/connected-workflows-demo,connected-workflows-demo.html,0,10995101,26.5,saved
https://www.flocksafety.com/contact,contact.html,0,10189313,18.1,saved
https://www.flocksafety.com/crash-detection,crash-detection.html,0,11229122,21.0,saved
https://www.flocksafety.com/customers,customers.html,0,28682355,0.0,skipped-existing
https://www.flocksafety.com/customers/academy-sports-tackles-organized-retail-crime-with-flock-safety,customers/academy-sports-tackles-organized-retail-crime-with-flock-safety.html,0,12027770,19.6,saved
https://www.flocksafety.com/customers/amplifying-intelligence-led-policing-with-fort-worth-pd,customers/amplifying-intelligence-led-policing-with-fort-worth-pd.html,0,16540271,18.4,saved
https://www.flocksafety.com/customers/assessing-the-accuracy-of-computer-vision-methods-for-traffic-data-collection,customers/assessing-the-accuracy-of-computer-vision-methods-for-traffic-data-collection.html,0,12306679,17.8,saved
https://www.flocksafety.com/customers/empowering-small-city-policing-in-martinsville-va,customers/empowering-small-city-policing-in-martinsville-va.html,0,14096671,19.9,saved
https://www.flocksafety.com/customers/flock-safety-cameras-aid-police-in-arrest-just-30-minutes-after-going-live,customers/flock-safety-cameras-aid-police-in-arrest-just-30-minutes-after-going-live.html,0,12288435,23.7,saved
https://www.flocksafety.com/customers/flock-safety-helps-dierbergs-market-solve-orc-case-of-20k-in-stolen-merchandise,customers/flock-safety-helps-dierbergs-market-solve-orc-case-of-20k-in-stolen-merchandise.html,0,17538145,22.6,saved
https://www.flocksafety.com/customers/flock-safety-raven-and-falcon-help-morgan-hill-pd-solve-aggravated-assault,customers/flock-safety-raven-and-falcon-help-morgan-hill-pd-solve-aggravated-assault.html,0,15420218,18.4,saved
https://www.flocksafety.com/customers/flock-safety-raven-gives-albany-police-department-actionable-crime-data,customers/flock-safety-raven-gives-albany-police-department-actionable-crime-data.html,0,18789329,18.6,saved
https://www.flocksafety.com/customers/from-risk-to-resolution-ldg-developments-case-closures-with-flock-safety,customers/from-risk-to-resolution-ldg-developments-case-closures-with-flock-safety.html,0,11862011,18.4,saved
https://www.flocksafety.com/customers/future-honda-deploys-flock-safety-cameras-to-deter-criminals-and-shape-a-safer-future,customers/future-honda-deploys-flock-safety-cameras-to-deter-criminals-and-shape-a-safer-future.html,0,17223146,21.3,saved
https://www.flocksafety.com/customers/georgia-hospital-cuts-theft-by-55-percent,customers/georgia-hospital-cuts-theft-by-55-percent.html,0,18841950,20.7,saved
https://www.flocksafety.com/customers/georgia-school-system-sees-improved-crime-deterrence,customers/georgia-school-system-sees-improved-crime-deterrence.html,0,16562976,18.9,saved
https://www.flocksafety.com/customers/gwinnett-county-pd-uses-flock-lpr-to-reduce-and-solve-crime-across-diverse-roadways,customers/gwinnett-county-pd-uses-flock-lpr-to-reduce-and-solve-crime-across-diverse-roadways.html,0,13915039,17.3,saved
https://www.flocksafety.com/customers/healthcare-clinic-enhances-security-and-reduces-crime-with-flock-perimeter-protection-solution,customers/healthcare-clinic-enhances-security-and-reduces-crime-with-flock-perimeter-protection-solution.html,0,12852363,18.3,saved
https://www.flocksafety.com/customers/helping-a-utility-company-deter-violent-crime-and-keep-employees-safe,customers/helping-a-utility-company-deter-violent-crime-and-keep-employees-safe.html,0,15534716,20.1,saved
https://www.flocksafety.com/customers/hoa-board-president-enhances-community-safety-while-navigating-tight-budgets-and-local-restrictions-with-flock-safety,customers/hoa-board-president-enhances-community-safety-while-navigating-tight-budgets-and-local-restrictions-with-flock-safety.html,0,11696847,18.6,saved
https://www.flocksafety.com/customers/how-a-logistics-company-stopped-8-figures-losses-from-organized-crime-protected-millions-in-freight-with-flock-lpr-cameras-56tgx,customers/how-a-logistics-company-stopped-8-figures-losses-from-organized-crime-protected-millions-in-freight-with-flock-lpr-cameras-56tgx.html,0,11772908,17.5,saved
https://www.flocksafety.com/customers/how-castle-rock-police-department-extended-visibility-with-flock-dual-lens-ptz,customers/how-castle-rock-police-department-extended-visibility-with-flock-dual-lens-ptz.html,0,11699916,23.8,saved
https://www.flocksafety.com/customers/how-columbus-is-harnessesing-flock-lpr-and-audio-detection-for-crime-resolution,customers/how-columbus-is-harnessesing-flock-lpr-and-audio-detection-for-crime-resolution.html,0,11944878,18.8,saved
https://www.flocksafety.com/customers/how-many-crimes-do-automated-license-plate-readers-alprs-solve-anyway,customers/how-many-crimes-do-automated-license-plate-readers-alprs-solve-anyway.html,0,14876836,19.2,saved
https://www.flocksafety.com/customers/how-spring-branch-independent-school-district-is-stopping-crime-with-a-flock-safety-falcon-and-raven-system,customers/how-spring-branch-independent-school-district-is-stopping-crime-with-a-flock-safety-falcon-and-raven-system.html,0,22663377,18.9,saved
https://www.flocksafety.com/customers/how-tulsa-pd-empowered-their-force-with-real-time-intelligence-via-flockos,customers/how-tulsa-pd-empowered-their-force-with-real-time-intelligence-via-flockos.html,0,12769064,18.3,saved
https://www.flocksafety.com/customers/licking-heights-local-school-district-enhances-learning-with-flock-safety-falcon-perimeter,customers/licking-heights-local-school-district-enhances-learning-with-flock-safety-falcon-perimeter.html,0,13789085,25.7,saved
https://www.flocksafety.com/customers/licking-heights-school-proactively-leveled-up-security-with-flock-safety-falcon-cameras,customers/licking-heights-school-proactively-leveled-up-security-with-flock-safety-falcon-cameras.html,0,13165341,27.4,saved
https://www.flocksafety.com/customers/los-angeles-community-solves-high-profile-neighborhood-crime-with-flock-safety-license-plate-recognition-lpr-cameras,customers/los-angeles-community-solves-high-profile-neighborhood-crime-with-flock-safety-license-plate-recognition-lpr-cameras.html,0,11639549,18.7,saved
https://www.flocksafety.com/customers/pacific-ridge-hoa-from-four-break-ins-a-year-to-zero-with-flock-safety,customers/pacific-ridge-hoa-from-four-break-ins-a-year-to-zero-with-flock-safety.html,0,11723908,17.4,saved
https://www.flocksafety.com/customers/pet-food-manufacturer-reduces-property-damage-costs-and-deters-threats-from-disgruntled-employees-with-lpr-cameras,customers/pet-food-manufacturer-reduces-property-damage-costs-and-deters-threats-from-disgruntled-employees-with-lpr-cameras.html,0,12156941,16.9,saved
https://www.flocksafety.com/customers/reducing-crime-at-gwinnett-place-with-flock-safety,customers/reducing-crime-at-gwinnett-place-with-flock-safety.html,0,11579234,25.9,saved
https://www.flocksafety.com/customers/revolutionizing-response-flock-safetys-impact-in-scottsdale,customers/revolutionizing-response-flock-safetys-impact-in-scottsdale.html,0,17404480,15.6,saved
https://www.flocksafety.com/customers/san-antonio-community-considered-one-of-the-safest-communities-since-implementing-flock-safety,customers/san-antonio-community-considered-one-of-the-safest-communities-since-implementing-flock-safety.html,0,11765384,16.6,saved
https://www.flocksafety.com/customers/san-bruno-ca-community-leverages-flock-safety-technology-to-help-solve-100-crimes,customers/san-bruno-ca-community-leverages-flock-safety-technology-to-help-solve-100-crimes.html,0,11721705,16.4,saved
https://www.flocksafety.com/customers/sanibel-flock-traffic-analytics,customers/sanibel-flock-traffic-analytics.html,0,11481929,16.8,saved
https://www.flocksafety.com/customers/southeastern-metro-agency-quickly-responds-to-gun-related-crimes,customers/southeastern-metro-agency-quickly-responds-to-gun-related-crimes.html,0,20583023,19.9,saved
https://www.flocksafety.com/customers/spokane-county-sheriffs-office-experience-rapid-case-resolution,customers/spokane-county-sheriffs-office-experience-rapid-case-resolution.html,0,18416131,20.3,saved
https://www.flocksafety.com/customers/spokane-county-sheriffs-office-improves-investigative-efficiency-with-flockos,customers/spokane-county-sheriffs-office-improves-investigative-efficiency-with-flockos.html,0,14188166,17.7,saved
https://www.flocksafety.com/customers/state-dot-validation-shows-reliable-traffic-data-at-scale,customers/state-dot-validation-shows-reliable-traffic-data-at-scale.html,0,11596868,17.5,saved
https://www.flocksafety.com/customers/tulsa-oklahoma-shopping-center-sees-nearly-70-drop-in-retail-theft-incidents-with-flock-safety,customers/tulsa-oklahoma-shopping-center-sees-nearly-70-drop-in-retail-theft-incidents-with-flock-safety.html,0,12899135,21.8,saved
https://www.flocksafety.com/customers/university-of-iowa-transformed-campus-safety-with-a-flock-safety-falcon-lpr-perimeter,customers/university-of-iowa-transformed-campus-safety-with-a-flock-safety-falcon-lpr-perimeter.html,0,17442073,20.1,saved
https://www.flocksafety.com/customers/west-cancer-center-reduces-parking-lot-crime-with-flock-safety-cameras,customers/west-cancer-center-reduces-parking-lot-crime-with-flock-safety-cameras.html,0,18419583,19.5,saved
https://www.flocksafety.com/dir-contract,dir-contract.html,0,10305379,18.6,saved
https://www.flocksafety.com/drones-demo,drones-demo.html,0,11191031,17.6,saved
https://www.flocksafety.com/dual-lens-ptz-video,dual-lens-ptz-video.html,0,11214722,27.1,saved
https://www.flocksafety.com/ebooks/13-fall-hotspots-to-secure-with-a-mobile-security-trailer,ebooks/13-fall-hotspots-to-secure-with-a-mobile-security-trailer.html,0,17939893,22.3,saved
https://www.flocksafety.com/ebooks/2023-back-to-school-safety-kit,ebooks/2023-back-to-school-safety-kit.html,0,26572106,22.6,saved
https://www.flocksafety.com/ebooks/2023-guide-to-community-security,ebooks/2023-guide-to-community-security.html,0,11747051,18.6,saved
https://www.flocksafety.com/ebooks/2025-community-safety-guide,ebooks/2025-community-safety-guide.html,0,15767729,19.0,saved
https://www.flocksafety.com/ebooks/3-proven-strategies-to-boost-patient-physician-and-staff-safety,ebooks/3-proven-strategies-to-boost-patient-physician-and-staff-safety.html,0,12077603,19.3,saved
https://www.flocksafety.com/ebooks/5-ways-to-mitigate-retail-risk-for-black-friday-beyond,ebooks/5-ways-to-mitigate-retail-risk-for-black-friday-beyond.html,0,16499204,19.5,saved
https://www.flocksafety.com/ebooks/7-security-strategies-from-law-enforcement-investigators-to-better-protect-your-assets-and-employees,ebooks/7-security-strategies-from-law-enforcement-investigators-to-better-protect-your-assets-and-employees.html,0,11952775,19.9,saved
https://www.flocksafety.com/ebooks/7-security-strategies-from-law-enforcement-investigators-to-better-protect-your-business-from-crime,ebooks/7-security-strategies-from-law-enforcement-investigators-to-better-protect-your-business-from-crime.html,0,11797392,22.6,saved
https://www.flocksafety.com/ebooks/7-security-strategies-to-protect-nurses-doctors-patients-from-violence-in-your-healthcare-campus-facilities,ebooks/7-security-strategies-to-protect-nurses-doctors-patients-from-violence-in-your-healthcare-campus-facilities.html,0,11811884,21.9,saved
https://www.flocksafety.com/ebooks/a-complete-guide-to-layered-security-technology-for-commercial-businesses,ebooks/a-complete-guide-to-layered-security-technology-for-commercial-businesses.html,0,11833868,22.4,saved
https://www.flocksafety.com/ebooks/a-guide-to-benchmarking-fixed-lpr-solutions,ebooks/a-guide-to-benchmarking-fixed-lpr-solutions.html,0,11493949,20.0,saved
https://www.flocksafety.com/ebooks/apartment-security,ebooks/apartment-security.html,0,37260988,22.9,saved
https://www.flocksafety.com/ebooks/build-a-stronger-defense-for-your-jobsite,ebooks/build-a-stronger-defense-for-your-jobsite.html,0,11930757,22.0,saved
https://www.flocksafety.com/ebooks/building-safer-communities-from-the-ground-up,ebooks/building-safer-communities-from-the-ground-up.html,0,11843969,20.7,saved
https://www.flocksafety.com/ebooks/building-safer-communities-from-the-ground-up-ebook,ebooks/building-safer-communities-from-the-ground-up-ebook.html,0,11807988,20.5,saved
https://www.flocksafety.com/ebooks/checklist-secure-advanced-technology-with-a-small-budget,ebooks/checklist-secure-advanced-technology-with-a-small-budget.html,0,12017862,26.2,saved
https://www.flocksafety.com/ebooks/city-officials-build-community-partnerships-technology,ebooks/city-officials-build-community-partnerships-technology.html,0,14267028,22.4,saved
https://www.flocksafety.com/ebooks/commercial-property-management-security-a-buyers-guide-use-cases,ebooks/commercial-property-management-security-a-buyers-guide-use-cases.html,0,12020969,21.8,saved
https://www.flocksafety.com/ebooks/community-safety-use-case-guide,ebooks/community-safety-use-case-guide.html,0,11746382,20.9,saved
https://www.flocksafety.com/ebooks/connecting-the-dots-a-step-by-step-template-for-orc-case-building,ebooks/connecting-the-dots-a-step-by-step-template-for-orc-case-building.html,0,12360622,28.2,saved
https://www.flocksafety.com/ebooks/coverage-where-it-counts,ebooks/coverage-where-it-counts.html,0,11899010,24.4,saved
https://www.flocksafety.com/ebooks/discover-4-proactive-strategies-to-deter-and-solve-more-crime-in-your-neighborhood,ebooks/discover-4-proactive-strategies-to-deter-and-solve-more-crime-in-your-neighborhood.html,0,12361055,25.6,saved
https://www.flocksafety.com/ebooks/doing-more-with-less,ebooks/doing-more-with-less.html,0,12262459,24.7,saved
https://www.flocksafety.com/ebooks/drone-as-first-responder-programs-how-to-build-them-right-from-day-one,ebooks/drone-as-first-responder-programs-how-to-build-them-right-from-day-one.html,0,11747344,25.0,saved
https://www.flocksafety.com/ebooks/elevating-retail-security,ebooks/elevating-retail-security.html,0,12166347,27.2,saved
https://www.flocksafety.com/ebooks/empowering-communities-to-keep-their-residents-safe,ebooks/empowering-communities-to-keep-their-residents-safe.html,0,17434876,23.1,saved
https://www.flocksafety.com/ebooks/from-fear-to-confidence-how-technology-restores-the-retail-experience,ebooks/from-fear-to-confidence-how-technology-restores-the-retail-experience.html,0,23138121,26.2,saved
https://www.flocksafety.com/ebooks/from-instinct-to-evidence-modern-approaches-to-human-trafficking-investigations,ebooks/from-instinct-to-evidence-modern-approaches-to-human-trafficking-investigations.html,0,18093288,22.5,saved
https://www.flocksafety.com/ebooks/from-reactive-to-ready-a-playbook-for-the-new-era-of-crisis-response,ebooks/from-reactive-to-ready-a-playbook-for-the-new-era-of-crisis-response.html,0,18093441,25.7,saved
https://www.flocksafety.com/ebooks/frost-sullivan-names-flock-safety-a-2025-new-product-innovator,ebooks/frost-sullivan-names-flock-safety-a-2025-new-product-innovator.html,0,18093889,22.7,saved
https://www.flocksafety.com/ebooks/hotel-emergency-response-guide,ebooks/hotel-emergency-response-guide.html,0,12046464,23.5,saved
https://www.flocksafety.com/ebooks/how-to-develop-a-level-1-real-time-crime-center,ebooks/how-to-develop-a-level-1-real-time-crime-center.html,0,12147066,18.4,saved
https://www.flocksafety.com/ebooks/how-to-proactively-address-organized-retail-crime,ebooks/how-to-proactively-address-organized-retail-crime.html,0,16709999,18.1,saved
https://www.flocksafety.com/ebooks/how-to-speak-to-city-councils-about-public-safety-technology,ebooks/how-to-speak-to-city-councils-about-public-safety-technology.html,0,16941581,20.2,saved
https://www.flocksafety.com/ebooks/is-your-tech-ready-for-the-next-crisis,ebooks/is-your-tech-ready-for-the-next-crisis.html,0,12057152,21.6,saved
https://www.flocksafety.com/ebooks/license-plate-reader-cameras-overview,ebooks/license-plate-reader-cameras-overview.html,0,12208836,20.3,saved
https://www.flocksafety.com/ebooks/lpr-funding-guide,ebooks/lpr-funding-guide.html,0,11823713,20.0,saved
https://www.flocksafety.com/ebooks/mobile-safety-tech-can-make-your-campus-safer,ebooks/mobile-safety-tech-can-make-your-campus-safer.html,0,29227582,24.3,saved
https://www.flocksafety.com/ebooks/neighborhood-security-guide,ebooks/neighborhood-security-guide.html,0,26767890,22.4,saved
https://www.flocksafety.com/ebooks/organized-retail-crime-case-template,ebooks/organized-retail-crime-case-template.html,0,11956139,22.0,saved
https://www.flocksafety.com/ebooks/property-safety-guide-2,ebooks/property-safety-guide-2.html,0,10897233,18.8,saved
https://www.flocksafety.com/ebooks/property-safety-guide-3,ebooks/property-safety-guide-3.html,0,11890272,21.9,saved
https://www.flocksafety.com/ebooks/property-safety-guide-4,ebooks/property-safety-guide-4.html,0,11799632,22.1,saved
https://www.flocksafety.com/ebooks/property-safety-guide-7,ebooks/property-safety-guide-7.html,0,11841592,26.9,saved
https://www.flocksafety.com/ebooks/property-safety-guide-8,ebooks/property-safety-guide-8.html,0,11077716,23.0,saved
https://www.flocksafety.com/ebooks/property-safety-guide-9,ebooks/property-safety-guide-9.html,0,11029047,19.5,saved
https://www.flocksafety.com/ebooks/protect-people-and-profits-this-holiday-season,ebooks/protect-people-and-profits-this-holiday-season.html,0,18093878,22.4,saved
https://www.flocksafety.com/ebooks/protecting-sacred-spaces-a-modern-guide-to-safety-for-houses-of-worship,ebooks/protecting-sacred-spaces-a-modern-guide-to-safety-for-houses-of-worship.html,0,11769994,24.4,saved
https://www.flocksafety.com/ebooks/rapid-reliable-ready-a-smarter-approach-to-crisis-response,ebooks/rapid-reliable-ready-a-smarter-approach-to-crisis-response.html,0,14548305,29.2,saved
https://www.flocksafety.com/ebooks/retail-security-strategies-from-law-enforcement-investigators,ebooks/retail-security-strategies-from-law-enforcement-investigators.html,0,17273067,24.3,saved
https://www.flocksafety.com/ebooks/school-safety-game-day-game-plan,ebooks/school-safety-game-day-game-plan.html,0,16079462,23.3,saved
https://www.flocksafety.com/ebooks/secure-your-home-21-tips-to-keep-you-and-your-home-safe,ebooks/secure-your-home-21-tips-to-keep-you-and-your-home-safe.html,0,14476946,21.1,saved
https://www.flocksafety.com/ebooks/security-solutions-to-keep-your-multi-family-community-safe,ebooks/security-solutions-to-keep-your-multi-family-community-safe.html,0,11783507,19.8,saved
https://www.flocksafety.com/ebooks/security-strategies-from-former-law-enforcement-investigators,ebooks/security-strategies-from-former-law-enforcement-investigators.html,0,15696671,23.8,saved
https://www.flocksafety.com/ebooks/security-strategies-to-protect-nurses-doctors-and-patients-from-violence,ebooks/security-strategies-to-protect-nurses-doctors-and-patients-from-violence.html,0,11810954,23.1,saved
https://www.flocksafety.com/ebooks/take-campus-safety-to-the-next-level,ebooks/take-campus-safety-to-the-next-level.html,0,18095126,20.9,saved
https://www.flocksafety.com/ebooks/the-2025-alpr-buyers-checklist--and-how-flock-measures-up,ebooks/the-2025-alpr-buyers-checklist--and-how-flock-measures-up.html,0,11861379,20.7,saved
https://www.flocksafety.com/ebooks/the-evolving-landscape-of-retail-consumer-attitudes-crime-trends-and-the-technology-leading-the-fight,ebooks/the-evolving-landscape-of-retail-consumer-attitudes-crime-trends-and-the-technology-leading-the-fight.html,0,11978624,24.8,saved
https://www.flocksafety.com/ebooks/the-evolving-landscape-of-retail-consumer-attitudes-crime-trends-and-the-technology-leading-the-fight-infographic,ebooks/the-evolving-landscape-of-retail-consumer-attitudes-crime-trends-and-the-technology-leading-the-fight-infographic.html,0,13281881,24.5,saved
https://www.flocksafety.com/ebooks/the-power-of-integration-unifying-dispatch-and-rtic-operations,ebooks/the-power-of-integration-unifying-dispatch-and-rtic-operations.html,0,11872743,22.0,saved
https://www.flocksafety.com/ebooks/your-plan-for-tech-enhanced-public-safety,ebooks/your-plan-for-tech-enhanced-public-safety.html,0,33112136,25.3,saved
https://www.flocksafety.com/email-exclusions-test,email-exclusions-test.html,0,10435609,21.5,saved
https://www.flocksafety.com/enhanced-lpr-stop-crime-patterns-that-standard-lprs-cant-see,enhanced-lpr-stop-crime-patterns-that-standard-lprs-cant-see.html,0,11835651,26.8,saved
https://www.flocksafety.com/faq,faq.html,0,10456690,22.0,saved
https://www.flocksafety.com/fb-click-id,fb-click-id.html,0,10453556,21.1,saved
https://www.flocksafety.com/flock-ecosystem,flock-ecosystem.html,0,14330603,22.5,saved
https://www.flocksafety.com/flock-forward,flock-forward.html,0,13606012,38.9,saved
https://www.flocksafety.com/flockone-sensors-software-stronger-together,flockone-sensors-software-stronger-together.html,0,11074172,27.0,saved
https://www.flocksafety.com/form-test,form-test.html,0,9685818,25.7,saved
https://www.flocksafety.com/gdot,gdot.html,0,10249722,24.4,saved
https://www.flocksafety.com/gsx,gsx.html,0,16292537,75.9,saved
https://www.flocksafety.com/implementation-guide,implementation-guide.html,0,10321105,21.9,saved
https://www.flocksafety.com/industries/builders-developers,industries/builders-developers.html,0,21493378,20.9,saved
https://www.flocksafety.com/industries/corporate-security,industries/corporate-security.html,0,21546650,21.8,saved
https://www.flocksafety.com/industries/corrections,industries/corrections.html,0,16260207,20.4,saved
https://www.flocksafety.com/industries/education-campus,industries/education-campus.html,0,15991777,20.7,saved
https://www.flocksafety.com/industries/federal,industries/federal.html,0,16932502,19.8,saved
https://www.flocksafety.com/industries/fire-ems,industries/fire-ems.html,0,19154530,23.9,saved
https://www.flocksafety.com/industries/healthcare,industries/healthcare.html,0,19766100,21.3,saved
https://www.flocksafety.com/industries/hoas,industries/hoas.html,0,21660341,19.5,saved
https://www.flocksafety.com/industries/hospitality,industries/hospitality.html,0,17592547,18.8,saved
https://www.flocksafety.com/industries/law-enforcement,industries/law-enforcement.html,0,20327723,21.3,saved
https://www.flocksafety.com/industries/logistics,industries/logistics.html,0,17624062,21.8,saved
https://www.flocksafety.com/industries/manufacturing,industries/manufacturing.html,0,17532237,20.0,saved
https://www.flocksafety.com/industries/multifamily-communities,industries/multifamily-communities.html,0,21335727,18.4,saved
https://www.flocksafety.com/industries/parks-public-spaces,industries/parks-public-spaces.html,0,24246154,22.6,saved
https://www.flocksafety.com/industries/places-of-worship,industries/places-of-worship.html,0,20321724,23.5,saved
https://www.flocksafety.com/industries/property-management,industries/property-management.html,0,17497859,21.8,saved
https://www.flocksafety.com/industries/public-works,industries/public-works.html,0,19093355,19.7,saved
https://www.flocksafety.com/industries/retail,industries/retail.html,0,17445727,0.0,skipped-existing
https://www.flocksafety.com/industries/retail-banking,industries/retail-banking.html,0,17781304,23.2,saved
https://www.flocksafety.com/industries/transportation,industries/transportation.html,0,16672767,20.2,saved
https://www.flocksafety.com/kb-tickets,kb-tickets.html,0,10581402,22.0,saved
https://www.flocksafety.com/launch-your-rtcc-with-confidence,launch-your-rtcc-with-confidence.html,0,11094388,18.6,saved
https://www.flocksafety.com/legal,legal.html,0,10034731,16.9,saved
https://www.flocksafety.com/legal/api-integration-terms,legal/api-integration-terms.html,0,10142984,18.9,saved
https://www.flocksafety.com/legal/customer-infosec-addendum,legal/customer-infosec-addendum.html,0,10142919,19.1,saved
https://www.flocksafety.com/legal/data-ownership,legal/data-ownership.html,0,10136169,17.1,saved
https://www.flocksafety.com/legal/flock-evidence-policy,legal/flock-evidence-policy.html,0,10146361,18.0,saved
https://www.flocksafety.com/legal/flock-group-inc-standard-purchase-order-terms-and-conditions,legal/flock-group-inc-standard-purchase-order-terms-and-conditions.html,0,10152411,17.2,saved
https://www.flocksafety.com/legal/flock-safety-ethical-creed,legal/flock-safety-ethical-creed.html,0,10130977,18.4,saved
https://www.flocksafety.com/legal/lpr-policy,legal/lpr-policy.html,0,10136101,18.0,saved
https://www.flocksafety.com/legal/part91-operational-agreement,legal/part91-operational-agreement.html,0,10135996,16.8,saved
https://www.flocksafety.com/legal/privacy-policy,legal/privacy-policy.html,0,10155458,0.0,skipped-existing
https://www.flocksafety.com/legal/product-specific-terms,legal/product-specific-terms.html,0,10162956,17.5,saved
https://www.flocksafety.com/legal/social-impact-and-inclusive-procurement-policy,legal/social-impact-and-inclusive-procurement-policy.html,0,10131811,17.6,saved
https://www.flocksafety.com/legal/state-required-provisions,legal/state-required-provisions.html,0,10139206,16.7,saved
https://www.flocksafety.com/legal/terms-and-conditions,legal/terms-and-conditions.html,0,10173702,17.1,saved
https://www.flocksafety.com/legal/third-party-terms,legal/third-party-terms.html,0,10134797,18.2,saved
https://www.flocksafety.com/legal/trademark-notice,legal/trademark-notice.html,0,10178045,17.2,saved
https://www.flocksafety.com/legal/vendor-baa,legal/vendor-baa.html,0,10143242,17.6,saved
https://www.flocksafety.com/legal/vendor-compliance-addendum,legal/vendor-compliance-addendum.html,0,10134019,16.9,saved
https://www.flocksafety.com/legal/vendor-dpa,legal/vendor-dpa.html,0,10175801,18.6,saved
https://www.flocksafety.com/legal/vendor-infosec-addendum,legal/vendor-infosec-addendum.html,0,10141360,18.7,saved
https://www.flocksafety.com/legal/vulnerability-disclosure-policy,legal/vulnerability-disclosure-policy.html,0,10144647,17.6,saved
https://www.flocksafety.com/lp/flockos-waitlist,lp/flockos-waitlist.html,0,11070303,21.1,saved
https://www.flocksafety.com/lp/lpr-pro-early-access,lp/lpr-pro-early-access.html,0,11807976,29.1,saved
https://www.flocksafety.com/lp/lpr-pro-waitlist,lp/lpr-pro-waitlist.html,0,11809062,28.7,saved
https://www.flocksafety.com/lp/perimeter-pro-demo,lp/perimeter-pro-demo.html,0,11555327,26.2,saved
https://www.flocksafety.com/lp/proven-where-it-matters,lp/proven-where-it-matters.html,0,12189657,22.8,saved
https://www.flocksafety.com/lp/rapid-response-shield,lp/rapid-response-shield.html,0,11661699,33.1,saved
https://www.flocksafety.com/lp/retail-software,lp/retail-software.html,0,11963500,26.7,saved
https://www.flocksafety.com/madd,madd.html,0,11084635,21.7,saved
https://www.flocksafety.com/mobile-security-trailers-are-the-ultimate-seasonal-sidekick,mobile-security-trailers-are-the-ultimate-seasonal-sidekick.html,0,11399681,23.2,saved
https://www.flocksafety.com/mobile-security-trailers-turn-deterrence-into-actionable-evidence,mobile-security-trailers-turn-deterrence-into-actionable-evidence.html,0,11109888,23.5,saved
https://www.flocksafety.com/newsletter,newsletter.html,0,11071354,0.0,skipped-existing
https://www.flocksafety.com/partner-inquiry,partner-inquiry.html,0,10298043,18.8,saved
https://www.flocksafety.com/partner-program,partner-program.html,0,10510502,17.7,saved
https://www.flocksafety.com/podcast,podcast.html,0,10723067,25.9,saved
https://www.flocksafety.com/press-center,press-center.html,0,11442659,0.0,skipped-existing
https://www.flocksafety.com/pricing,pricing.html,0,12023253,20.5,saved
https://www.flocksafety.com/privacy-ethics-copy,privacy-ethics-copy.html,0,10262587,22.1,saved
https://www.flocksafety.com/private-sector-drone,private-sector-drone.html,0,11542605,19.4,saved
https://www.flocksafety.com/products,products.html,0,11187416,19.1,saved
https://www.flocksafety.com/products/flock-aerodome-drone-as-automated-security,products/flock-aerodome-drone-as-automated-security.html,0,13743667,22.5,saved
https://www.flocksafety.com/products/flock-dfr,products/flock-dfr.html,0,11436283,40.3,saved
https://www.flocksafety.com/products/flock-freeform,products/flock-freeform.html,0,13972061,16.1,saved
https://www.flocksafety.com/products/flock-os,products/flock-os.html,0,16566512,0.0,skipped-existing
https://www.flocksafety.com/products/flock-safety-platform,products/flock-safety-platform.html,0,15862459,19.2,saved
https://www.flocksafety.com/products/flock911,products/flock911.html,0,11444190,19.3,saved
https://www.flocksafety.com/products/gunshot-detection,products/gunshot-detection.html,0,31750665,21.4,saved
https://www.flocksafety.com/products/license-plate-readers,products/license-plate-readers.html,0,11456212,24.4,saved
https://www.flocksafety.com/products/mobile-security-trailer,products/mobile-security-trailer.html,0,10863944,19.5,saved
https://www.flocksafety.com/products/video-cameras,products/video-cameras.html,0,27258186,20.8,saved
https://www.flocksafety.com/refer,refer.html,0,11104160,19.3,saved
https://www.flocksafety.com/reinstall-fee-schedule,reinstall-fee-schedule.html,0,10306670,22.2,saved
https://www.flocksafety.com/resources,resources.html,0,29795624,0.0,skipped-existing
https://www.flocksafety.com/safe-cities,safe-cities.html,0,12078411,21.2,saved
https://www.flocksafety.com/safety-without-overtime-flock-safety-fifa-2026,safety-without-overtime-flock-safety-fifa-2026.html,0,11155266,21.0,saved
https://www.flocksafety.com/solved-stories-awards,solved-stories-awards.html,0,10744034,20.1,saved
https://www.flocksafety.com/solvedstories-private-sector,solvedstories-private-sector.html,0,10199769,15.9,saved
https://www.flocksafety.com/solvedstories-public-sector,solvedstories-public-sector.html,0,10363950,19.9,saved
https://www.flocksafety.com/stop-wrong-way-crashes-before-they-start,stop-wrong-way-crashes-before-they-start.html,0,11302965,17.3,saved
https://www.flocksafety.com/supplier-registration,supplier-registration.html,0,10326196,17.0,saved
https://www.flocksafety.com/thank-you,thank-you.html,0,10680507,17.4,saved
https://www.flocksafety.com/thank-you-download-asset,thank-you-download-asset.html,0,10751668,18.0,saved
https://www.flocksafety.com/thank-you-freeform,thank-you-freeform.html,0,10751651,19.5,saved
https://www.flocksafety.com/thank-you-hoa,thank-you-hoa.html,0,10751795,19.6,saved
https://www.flocksafety.com/thank-you-le-ss,thank-you-le-ss.html,0,10751723,15.8,saved
https://www.flocksafety.com/thank-you-on-demand-webinar,thank-you-on-demand-webinar.html,0,10751753,15.9,saved
https://www.flocksafety.com/thank-you-webinar,thank-you-webinar.html,0,10750907,16.9,saved
https://www.flocksafety.com/thank-you/gsx2024-thankyou,thank-you/gsx2024-thankyou.html,0,10750814,19.5,saved
https://www.flocksafety.com/thank-you/product-overview-series-thankyou,thank-you/product-overview-series-thankyou.html,0,10751070,16.3,saved
https://www.flocksafety.com/thank-you/thank-you,thank-you/thank-you.html,0,10751043,16.8,saved
https://www.flocksafety.com/thank-you/thank-you-2,thank-you/thank-you-2.html,0,10750933,16.7,saved
https://www.flocksafety.com/thank-you/thank-you-3,thank-you/thank-you-3.html,0,10750916,17.0,saved
https://www.flocksafety.com/thank-you/thank-you-4,thank-you/thank-you-4.html,0,10750908,18.2,saved
https://www.flocksafety.com/thank-you/thank-you-5,thank-you/thank-you-5.html,0,10751033,16.1,saved
https://www.flocksafety.com/thank-you/thank-you-download-asset,thank-you/thank-you-download-asset.html,0,10750913,15.7,saved
https://www.flocksafety.com/thank-you/thank-you-for-your-referral,thank-you/thank-you-for-your-referral.html,0,10750908,17.3,saved
https://www.flocksafety.com/thank-you/thank-you-freeform,thank-you/thank-you-freeform.html,0,10751036,17.5,saved
https://www.flocksafety.com/thank-you/thank-you-hoa,thank-you/thank-you-hoa.html,0,10751016,18.6,saved
https://www.flocksafety.com/thank-you/thank-you-le-ss,thank-you/thank-you-le-ss.html,0,10750900,18.1,saved
https://www.flocksafety.com/thank-you/thank-you-webinar,thank-you/thank-you-webinar.html,0,10751069,21.2,saved
https://www.flocksafety.com/thank-you/thank-you-webinar-flock-forward,thank-you/thank-you-webinar-flock-forward.html,0,10751331,21.5,saved
https://www.flocksafety.com/thank-you/thanks-meeting,thank-you/thanks-meeting.html,0,10750978,21.3,saved
https://www.flocksafety.com/thank-you/thanks-meeting-hv,thank-you/thanks-meeting-hv.html,0,10751634,55.9,saved
https://www.flocksafety.com/thank-you/webinar-thankyou,thank-you/webinar-thankyou.html,0,10751041,20.9,saved
https://www.flocksafety.com/thanks-meeting,thanks-meeting.html,0,10751654,18.2,saved
https://www.flocksafety.com/thanks-meeting-hv,thanks-meeting-hv.html,0,10752380,55.8,saved
https://www.flocksafety.com/traffic-analytics-for-city-managers,traffic-analytics-for-city-managers.html,0,11478845,18.7,saved
https://www.flocksafety.com/trust,trust.html,0,11130505,0.0,skipped-existing
https://www.flocksafety.com/trust/compliance-tools,trust/compliance-tools.html,0,11072760,23.7,saved
https://www.flocksafety.com/trust/data-privacy,trust/data-privacy.html,0,11422600,15.0,saved
https://www.flocksafety.com/trust/law-enforcement-access,trust/law-enforcement-access.html,0,11087953,15.3,saved
https://www.flocksafety.com/trust/myths-facts,trust/myths-facts.html,0,11106324,26.5,saved
https://www.flocksafety.com/trust/rights-safeguards,trust/rights-safeguards.html,0,11373251,16.3,saved
https://www.flocksafety.com/upcoming-events,upcoming-events.html,0,66542365,71.6,saved
https://www.flocksafety.com/use-case/emergency-response,use-case/emergency-response.html,0,17565923,30.1,saved
https://www.flocksafety.com/use-case/event-security,use-case/event-security.html,0,17680008,28.3,saved
https://www.flocksafety.com/use-case/organized-retail-crime,use-case/organized-retail-crime.html,0,17493942,35.7,saved
https://www.flocksafety.com/use-case/package-theft,use-case/package-theft.html,0,16977296,32.6,saved
https://www.flocksafety.com/use-case/parking-lot-security,use-case/parking-lot-security.html,0,17453009,31.5,saved
https://www.flocksafety.com/use-case/real-time-crime-center,use-case/real-time-crime-center.html,0,14415029,33.5,saved
https://www.flocksafety.com/use-case/transportation,use-case/transportation.html,0,23128980,36.5,saved
https://www.flocksafety.com/use-case/trespassing-burglary,use-case/trespassing-burglary.html,0,16801487,32.9,saved
https://www.flocksafety.com/use-case/vehicle-catalytic-converter-theft,use-case/vehicle-catalytic-converter-theft.html,0,16381682,32.2,saved
https://www.flocksafety.com/video-form,video-form.html,0,11231826,27.1,saved
https://www.flocksafety.com/video/alpha-is-built-different,video/alpha-is-built-different.html,0,11397420,34.9,saved
https://www.flocksafety.com/video/dekalb-county-safe-city,video/dekalb-county-safe-city.html,0,11285524,25.4,saved
https://www.flocksafety.com/video/drone-as-automated-security-eyes-on-threats-in-seconds,video/drone-as-automated-security-eyes-on-threats-in-seconds.html,0,11588446,27.7,saved
https://www.flocksafety.com/video/flock-alpha,video/flock-alpha.html,0,8613528,26.7,saved
https://www.flocksafety.com/video/flock-alpha-arrive-first-see-everything,video/flock-alpha-arrive-first-see-everything.html,0,10629188,25.9,saved
https://www.flocksafety.com/video/flock-stories-your-voice-a-pinecrest-family-finds-safety-after-the-terror-of-a-home-invasion,video/flock-stories-your-voice-a-pinecrest-family-finds-safety-after-the-terror-of-a-home-invasion.html,0,10631534,27.9,saved
https://www.flocksafety.com/video/how-alphas-parachute-system-enables-safe-drone-recovery,video/how-alphas-parachute-system-enables-safe-drone-recovery.html,0,10629218,27.3,saved
https://www.flocksafety.com/video/how-castle-rock-police-department-extended-visibility-with-flock-dual-lens-ptz,video/how-castle-rock-police-department-extended-visibility-with-flock-dual-lens-ptz.html,0,11750868,22.5,saved
https://www.flocksafety.com/video/not-all-lprs-are-created-equal,video/not-all-lprs-are-created-equal.html,0,11606166,24.6,saved
https://www.flocksafety.com/video/providence-police-chief-credits-flock-with-helping-solve-mit-brown-murders,video/providence-police-chief-credits-flock-with-helping-solve-mit-brown-murders.html,0,10820369,19.3,saved
https://www.flocksafety.com/video/real-time-policing-in-action,video/real-time-policing-in-action.html,0,11613796,24.2,saved
https://www.flocksafety.com/video/two-families-one-frightening-night-and-how-flock-helped-bring-answers,video/two-families-one-frightening-night-and-how-flock-helped-bring-answers.html,0,10629236,26.2,saved
https://www.flocksafety.com/vs/axon,vs/axon.html,0,12857348,24.0,saved
https://www.flocksafety.com/vs/lvt,vs/lvt.html,0,11222987,24.7,saved
https://www.flocksafety.com/webinar-thankyou,webinar-thankyou.html,0,10751755,15.8,saved
https://www.flocksafety.com/webinar/ask-the-experts-how-to-prevent-crime-not-just-respond-to-it,webinar/ask-the-experts-how-to-prevent-crime-not-just-respond-to-it.html,0,11107675,19.5,saved
https://www.flocksafety.com/webinar/beyond-the-plate-real-time-video-intelligence-for-police-operations,webinar/beyond-the-plate-real-time-video-intelligence-for-police-operations.html,0,11731294,20.3,saved
https://www.flocksafety.com/webinar/boost-your-crime-solving-capabilities-with-lpr-video-bundles,webinar/boost-your-crime-solving-capabilities-with-lpr-video-bundles.html,0,10872241,18.4,saved
https://www.flocksafety.com/webinar/bridging-the-gap-dispatch-and-real-time-centers,webinar/bridging-the-gap-dispatch-and-real-time-centers.html,0,12986467,20.5,saved
https://www.flocksafety.com/webinar/bridging-the-gap-dispatch-and-real-time-centerson-demand,webinar/bridging-the-gap-dispatch-and-real-time-centerson-demand.html,0,11868469,29.0,saved
https://www.flocksafety.com/webinar/building-safer-communities-how-to-secure-your-neighborhoods,webinar/building-safer-communities-how-to-secure-your-neighborhoods.html,0,11759055,31.5,saved
https://www.flocksafety.com/webinar/catch-threats-early-resolve-them-quickly-stronger-protection-for-businesses-and-communities,webinar/catch-threats-early-resolve-them-quickly-stronger-protection-for-businesses-and-communities.html,0,11714875,32.8,saved
https://www.flocksafety.com/webinar/catch-threats-early-resolve-them-quickly-stronger-protection-for-businesses-and-communities-on-demand,webinar/catch-threats-early-resolve-them-quickly-stronger-protection-for-businesses-and-communities-on-demand.html,0,11634536,35.9,saved
https://www.flocksafety.com/webinar/catch-threats-early-resolve-them-quickly-stronger-protection-for-businesses-and-communities-video,webinar/catch-threats-early-resolve-them-quickly-stronger-protection-for-businesses-and-communities-video.html,0,11051910,26.8,saved
https://www.flocksafety.com/webinar/crisis-proof-your-public-safety-tech,webinar/crisis-proof-your-public-safety-tech.html,0,11825314,23.8,saved
https://www.flocksafety.com/webinar/de-risk-your-response-with-ai-powered-audio-detection,webinar/de-risk-your-response-with-ai-powered-audio-detection.html,0,11028397,18.5,saved
https://www.flocksafety.com/webinar/designing-safer-spaces-how-layout-lighting-and-visibility-reduce-crime,webinar/designing-safer-spaces-how-layout-lighting-and-visibility-reduce-crime.html,0,12836431,20.5,saved
https://www.flocksafety.com/webinar/drone-as-automated-security-faa-compliance-whats-required,webinar/drone-as-automated-security-faa-compliance-whats-required.html,0,10984795,19.9,saved
https://www.flocksafety.com/webinar/elevate-your-response-with-flockos-r-911,webinar/elevate-your-response-with-flockos-r-911.html,0,10839773,20.0,saved
https://www.flocksafety.com/webinar/elevate-your-rtcc-operations,webinar/elevate-your-rtcc-operations.html,0,11715720,20.2,saved
https://www.flocksafety.com/webinar/empowering-communities-and-law-enforcement-with-flock-safety-video,webinar/empowering-communities-and-law-enforcement-with-flock-safety-video.html,0,11073957,19.6,saved
https://www.flocksafety.com/webinar/expanding-your-healthcare-security-perimeter-beyond-four-walls,webinar/expanding-your-healthcare-security-perimeter-beyond-four-walls.html,0,11034212,19.8,saved
https://www.flocksafety.com/webinar/extending-threat-awareness-beyond-store-entry,webinar/extending-threat-awareness-beyond-store-entry.html,0,11047589,17.2,saved
https://www.flocksafety.com/webinar/extending-threat-awareness-beyond-store-entry-lpm,webinar/extending-threat-awareness-beyond-store-entry-lpm.html,0,11715980,23.5,saved
https://www.flocksafety.com/webinar/faster-after-hours-response-with-drone-as-automated-security,webinar/faster-after-hours-response-with-drone-as-automated-security.html,0,10986720,18.8,saved
https://www.flocksafety.com/webinar/fewer-incidents-faster-response-unifying-mobile-security-trailers-and-license-plate-readers,webinar/fewer-incidents-faster-response-unifying-mobile-security-trailers-and-license-plate-readers.html,0,11750069,18.6,saved
https://www.flocksafety.com/webinar/flock-for-neighborhoods-demo-and-ask-us-anything,webinar/flock-for-neighborhoods-demo-and-ask-us-anything.html,0,8735854,16.4,saved
https://www.flocksafety.com/webinar/flock-safety-for-neighborhoods-live-demo-and-ask-us-anything,webinar/flock-safety-for-neighborhoods-live-demo-and-ask-us-anything.html,0,11715502,21.0,saved
https://www.flocksafety.com/webinar/how-campus-safety-can-boost-student-enrollment-trust,webinar/how-campus-safety-can-boost-student-enrollment-trust.html,0,11997721,21.8,saved
https://www.flocksafety.com/webinar/how-does-drone-as-automated-security-work,webinar/how-does-drone-as-automated-security-work.html,0,10985308,20.2,saved
https://www.flocksafety.com/webinar/how-law-enforcement-can-afford-modern-tech-with-limited-budget-and-staff,webinar/how-law-enforcement-can-afford-modern-tech-with-limited-budget-and-staff.html,0,11715936,24.1,saved
https://www.flocksafety.com/webinar/how-proactive-technology-creates-safer-multifamily-communities,webinar/how-proactive-technology-creates-safer-multifamily-communities.html,0,11716614,31.4,saved
https://www.flocksafety.com/webinar/how-to-build-a-dfr-program-right-from-day-one,webinar/how-to-build-a-dfr-program-right-from-day-one.html,0,11868824,27.1,saved
https://www.flocksafety.com/webinar/how-to-create-a-community-wide-safety-platform,webinar/how-to-create-a-community-wide-safety-platform.html,0,11027338,25.0,saved
https://www.flocksafety.com/webinar/how-to-speak-to-city-councils,webinar/how-to-speak-to-city-councils.html,0,10839033,19.1,saved
https://www.flocksafety.com/webinar/introducing-flock-os,webinar/introducing-flock-os.html,0,10839993,24.9,saved
https://www.flocksafety.com/webinar/introducing-flockos-911-demo,webinar/introducing-flockos-911-demo.html,0,10875390,27.7,saved
https://www.flocksafety.com/webinar/keeping-healthcare-workers-safe-reducing-the-risk-of-workplace-violence,webinar/keeping-healthcare-workers-safe-reducing-the-risk-of-workplace-violence.html,0,11818490,28.7,saved
https://www.flocksafety.com/webinar/limited-staff-big-expectations-how-small-agencies-use-lpr,webinar/limited-staff-big-expectations-how-small-agencies-use-lpr.html,0,11754046,26.5,saved
https://www.flocksafety.com/webinar/lp-product-launch-may-2024-on-demand,webinar/lp-product-launch-may-2024-on-demand.html,0,11001334,27.7,saved
https://www.flocksafety.com/webinar/prepared-for-anything-how-cities-prepare-for-planned-and-unplanned-events,webinar/prepared-for-anything-how-cities-prepare-for-planned-and-unplanned-events.html,0,12983078,30.9,saved
https://www.flocksafety.com/webinar/prepared-for-anything-how-cities-prepare-for-planned-and-unplanned-events-on-demand,webinar/prepared-for-anything-how-cities-prepare-for-planned-and-unplanned-events-on-demand.html,0,11786769,30.9,saved
https://www.flocksafety.com/webinar/prepared-for-anything-how-cities-prepare-for-planned-and-unplanned-events-video,webinar/prepared-for-anything-how-cities-prepare-for-planned-and-unplanned-events-video.html,0,10839366,25.9,saved
https://www.flocksafety.com/webinar/preventing-crime-at-your-properties,webinar/preventing-crime-at-your-properties.html,0,11644835,29.8,saved
https://www.flocksafety.com/webinar/preventing-school-violence,webinar/preventing-school-violence.html,0,11037297,26.6,saved
https://www.flocksafety.com/webinar/proactive-approach-to-safety-for-houses-of-worship,webinar/proactive-approach-to-safety-for-houses-of-worship.html,0,12856355,26.1,saved
https://www.flocksafety.com/webinar/product-launch,webinar/product-launch.html,0,10998614,26.1,saved
https://www.flocksafety.com/webinar/product-launch-feb-2024,webinar/product-launch-feb-2024.html,0,10874370,26.3,saved
https://www.flocksafety.com/webinar/product-launch-may-2024,webinar/product-launch-may-2024.html,0,10874762,21.7,saved
https://www.flocksafety.com/webinar/product-launch-no-cost-apis-ai-for-faster-investigations,webinar/product-launch-no-cost-apis-ai-for-faster-investigations.html,0,11932520,25.2,saved
https://www.flocksafety.com/webinar/product-launch-webinar,webinar/product-launch-webinar.html,0,11867055,23.4,saved
https://www.flocksafety.com/webinar/q-a-get-to-know-the-mobile-security-trailer,webinar/q-a-get-to-know-the-mobile-security-trailer.html,0,11088708,18.8,saved
https://www.flocksafety.com/webinar/q1-2024-flock-safety-quarterly-product-update,webinar/q1-2024-flock-safety-quarterly-product-update.html,0,11058276,20.4,saved
https://www.flocksafety.com/webinar/real-time-road-safety-detect-crashes-sooner-reconstruct-scenes-faster-and-improve-your-streets,webinar/real-time-road-safety-detect-crashes-sooner-reconstruct-scenes-faster-and-improve-your-streets.html,0,12841264,23.0,saved
https://www.flocksafety.com/webinar/reduce-crime-and-increase-safety-why-communities-choose-flock-safety,webinar/reduce-crime-and-increase-safety-why-communities-choose-flock-safety.html,0,11715183,23.7,saved
https://www.flocksafety.com/webinar/reducing-retail-crime-webinar,webinar/reducing-retail-crime-webinar.html,0,11789472,25.1,saved
https://www.flocksafety.com/webinar/reducing-traffic-deaths-and-building-a-safer-city,webinar/reducing-traffic-deaths-and-building-a-safer-city.html,0,11044846,20.5,saved
https://www.flocksafety.com/webinar/respond-to-incidents-faster-with-the-security-cameras-you-already-have,webinar/respond-to-incidents-faster-with-the-security-cameras-you-already-have.html,0,11867925,24.2,saved
https://www.flocksafety.com/webinar/retail-threat-awareness,webinar/retail-threat-awareness.html,0,11712791,27.2,saved
https://www.flocksafety.com/webinar/safer-together-video,webinar/safer-together-video.html,0,11010258,21.7,saved
https://www.flocksafety.com/webinar/safety-strategies-to-beat-the-holiday-crime-surge,webinar/safety-strategies-to-beat-the-holiday-crime-surge.html,0,12832523,23.2,saved
https://www.flocksafety.com/webinar/thank-you-uncover-and-connect-taking-human-trafficking-investigations-to-the-next-level-on-demand,webinar/thank-you-uncover-and-connect-taking-human-trafficking-investigations-to-the-next-level-on-demand.html,0,11073017,19.6,saved
https://www.flocksafety.com/webinar/the-case-for-lpr-gunshot-detection,webinar/the-case-for-lpr-gunshot-detection.html,0,11007408,20.9,saved
https://www.flocksafety.com/webinar/the-future-of-policing-is-real-time,webinar/the-future-of-policing-is-real-time.html,0,10840255,23.7,saved
https://www.flocksafety.com/webinar/the-next-frontier-in-policing-introducing-flock-safetys-drones-for-rapid-response,webinar/the-next-frontier-in-policing-introducing-flock-safetys-drones-for-rapid-response.html,0,11764397,25.5,saved
https://www.flocksafety.com/webinar/the-safety-blueprint-security-strategies-to-elevate-residential-communities,webinar/the-safety-blueprint-security-strategies-to-elevate-residential-communities.html,0,11145341,24.7,saved
https://www.flocksafety.com/webinar/the-shift-to-proactive-security-new-tools-to-deter-crime-and-hold-offenders-accountable,webinar/the-shift-to-proactive-security-new-tools-to-deter-crime-and-hold-offenders-accountable.html,0,12009401,23.1,saved
https://www.flocksafety.com/webinar/the-value-of-security-demonstrating-roi-and-business-impact,webinar/the-value-of-security-demonstrating-roi-and-business-impact.html,0,11733292,19.8,saved
https://www.flocksafety.com/webinar/this-is-a-test,webinar/this-is-a-test.html,0,11711575,21.8,saved
https://www.flocksafety.com/webinar/uncover-and-connect-taking-human-trafficking-investigations-to-the-next-level-on-demand,webinar/uncover-and-connect-taking-human-trafficking-investigations-to-the-next-level-on-demand.html,0,11915925,20.2,saved
https://www.flocksafety.com/webinar/video-without-limitations,webinar/video-without-limitations.html,0,10839175,20.1,saved
https://www.flocksafety.com/webinar/video-without-limitations-flock-safetys-newest-solutions-for-law-enforcement,webinar/video-without-limitations-flock-safetys-newest-solutions-for-law-enforcement.html,0,11715570,19.6,saved
https://www.flocksafety.com/webinar/webinar-combating-orc-and-theft,webinar/webinar-combating-orc-and-theft.html,0,11719613,19.5,saved
https://www.flocksafety.com/webinar/webinar-test-evens-page,webinar/webinar-test-evens-page.html,0,10835747,20.0,saved
https://www.flocksafety.com/webinar/webinar-test-evens-page-copy,webinar/webinar-test-evens-page-copy.html,0,10835714,17.0,saved
https://www.flocksafety.com/webinar/webinar-test-evens-page-copy-10,webinar/webinar-test-evens-page-copy-10.html,0,10835785,16.3,saved
https://www.flocksafety.com/webinar/webinar-test-evens-page-copy-11,webinar/webinar-test-evens-page-copy-11.html,0,10835772,21.1,saved
https://www.flocksafety.com/webinar/webinar-test-evens-page-copy-2,webinar/webinar-test-evens-page-copy-2.html,0,10835745,19.2,saved
https://www.flocksafety.com/webinar/webinar-test-evens-page-copy-3,webinar/webinar-test-evens-page-copy-3.html,0,10835786,21.7,saved
https://www.flocksafety.com/webinar/webinar-test-evens-page-copy-4,webinar/webinar-test-evens-page-copy-4.html,0,10835833,19.9,saved
https://www.flocksafety.com/webinar/webinar-test-evens-page-copy-5,webinar/webinar-test-evens-page-copy-5.html,0,10835752,19.1,saved
https://www.flocksafety.com/webinar/webinar-test-evens-page-copy-6,webinar/webinar-test-evens-page-copy-6.html,0,10835751,19.0,saved
https://www.flocksafety.com/webinar/webinar-test-evens-page-copy-7,webinar/webinar-test-evens-page-copy-7.html,0,10835766,17.7,saved
https://www.flocksafety.com/webinar/webinar-test-evens-page-copy-8,webinar/webinar-test-evens-page-copy-8.html,0,10835785,18.6,saved
https://www.flocksafety.com/webinar/webinar-test-evens-page-copy-9,webinar/webinar-test-evens-page-copy-9.html,0,10835753,17.1,saved
https://www.flocksafety.com/webinar/webinar-test-evens-page-past,webinar/webinar-test-evens-page-past.html,0,10835729,18.5,saved
https://www.flocksafety.com/webinar/you-asked-we-listened-q4-public-safety-product-updates,webinar/you-asked-we-listened-q4-public-safety-product-updates.html,0,11306330,20.9,saved
https://www.flocksafety.com/what-is-flock,what-is-flock.html,0,12868081,16.6,saved
