path,title,nav,type,status,redirect_target,url
/,Flock Safety,header+footer,index,200,,https://www.flocksafety.com/
/abm,Not Found,crawl-only [not-in-sitemap],dead,404,,https://www.flocksafety.com/abm
/abm/amazon,Amazon,sitemap-only,marketing (campaign LP),200,,https://www.flocksafety.com/abm/amazon
/abm/burlington,Burlington,sitemap-only,marketing (campaign LP),200,,https://www.flocksafety.com/abm/burlington
/abm/disney,Disney,sitemap-only,marketing (campaign LP),200,,https://www.flocksafety.com/abm/disney
/abm/edison,Edison,sitemap-only,marketing (campaign LP),200,,https://www.flocksafety.com/abm/edison
/abm/international-paper,International Paper,sitemap-only,marketing (campaign LP),200,,https://www.flocksafety.com/abm/international-paper
/abm/national-grid,National Grid,sitemap-only,marketing (campaign LP),200,,https://www.flocksafety.com/abm/national-grid
/abm/nike,Nike,sitemap-only,marketing (campaign LP),200,,https://www.flocksafety.com/abm/nike
/abm/publix,Publix,sitemap-only,marketing (campaign LP),200,,https://www.flocksafety.com/abm/publix
/abm/unitedhealth-group,UnitedHealth Group,sitemap-only,marketing (campaign LP),200,,https://www.flocksafety.com/abm/unitedhealth-group
/abm/walmart,Walmart,sitemap-only,marketing (campaign LP),200,,https://www.flocksafety.com/abm/walmart
/accessibility-plan,Flock Safety Accessibility Plan | WCAG 2.1 Commitment,footer,utility,200,,https://www.flocksafety.com/accessibility-plan
/accessibility-statement,Digital Accessibility Statement | Flock Safety,footer,utility,200,,https://www.flocksafety.com/accessibility-statement
/are-you-ready-for-the-new-budget-year,Are You Ready for the New Budget Year?,sitemap-only,marketing,200,,https://www.flocksafety.com/are-you-ready-for-the-new-budget-year
/big-city-ai-tools-on-a-budget,Big City AI Tools on a Budget,sitemap-only,marketing,200,,https://www.flocksafety.com/big-city-ai-tools-on-a-budget
/blog,"Flock Safety Blog: Public Safety News, Insights & Tips",header,index,200,,https://www.flocksafety.com/blog
/blog/10-of-reported-crime-in-the-u-s-is-solved-using-flock-technology,10% of All Reported U.S. Crime Is Solved Using Flock,sitemap-only,post,200,,https://www.flocksafety.com/blog/10-of-reported-crime-in-the-u-s-is-solved-using-flock-technology
/blog/10-safety-tips-for-the-holiday-season,10 Holiday Safety Tips: Protect Your Home and Family,sitemap-only,post,200,,https://www.flocksafety.com/blog/10-safety-tips-for-the-holiday-season
/blog/1000-missing-persons-reunited,"1,000 Missing Persons Reunited Through Flock Safety",sitemap-only,post,200,,https://www.flocksafety.com/blog/1000-missing-persons-reunited
/blog/1000-worth-of-property-damage-recovered,How One HOA Cut Crime From Biweekly to Once a Year,sitemap-only,post,200,,https://www.flocksafety.com/blog/1000-worth-of-property-damage-recovered
/blog/17-powerful-ways-to-utilize-a-mobile-camera-trailer,17 Powerful Ways to Use a Mobile Camera Trailer for Security,sitemap-only,post,200,,https://www.flocksafety.com/blog/17-powerful-ways-to-utilize-a-mobile-camera-trailer
/blog/20-million-gift-card-scheme-exposed-by-video-cameras,How Video Cameras Helped Expose a $20M Gift Card Scheme,sitemap-only,post,200,,https://www.flocksafety.com/blog/20-million-gift-card-scheme-exposed-by-video-cameras
/blog/20-tips-to-deter-crime-and-foster-peace-of-mind-in-your-community,20 Tips to Deter Crime and Boost Community Safety,sitemap-only,post,200,,https://www.flocksafety.com/blog/20-tips-to-deter-crime-and-foster-peace-of-mind-in-your-community
/blog/200-vs-400-feet-dfr,"Why Drone as First Responder Needs 400 Feet, Not 200",sitemap-only,post,200,,https://www.flocksafety.com/blog/200-vs-400-feet-dfr
/blog/2022-solved-awards,Meet the 2022 Flock #SolvedAwards Winners and Cases,sitemap-only,post,200,,https://www.flocksafety.com/blog/2022-solved-awards
/blog/2022-yc-top-private-company,Flock Safety Named #25 on 2022 YC Top Companies List,sitemap-only,post,200,,https://www.flocksafety.com/blog/2022-yc-top-private-company
/blog/2023-solved-awards,2023 Flock #Solved Awards: See This Year's 8 Winners,sitemap-only,post,200,,https://www.flocksafety.com/blog/2023-solved-awards
/blog/24-7-schools-how-to-best-protect-your-campus-when-youre-not-there,24/7 School Security: Protecting Campuses After Hours,sitemap-only,post,200,,https://www.flocksafety.com/blog/24-7-schools-how-to-best-protect-your-campus-when-youre-not-there
/blog/3-lessons-we-learned-from-law-enforcement-building-flock-safety-falcon-camera,3 Lessons From Officers That Shaped Flock's ALPR Camera,sitemap-only,post,200,,https://www.flocksafety.com/blog/3-lessons-we-learned-from-law-enforcement-building-flock-safety-falcon-camera
/blog/3-month-old-kidnapped-located-safely-michigan,3-Month-Old Located 25 Minutes After Kidnapping in Michigan,sitemap-only,post,200,,https://www.flocksafety.com/blog/3-month-old-kidnapped-located-safely-michigan
/blog/3-ways-license-plate-readers-really-reduce-crime,3 Ways License Plate Readers Really Reduce Crime Rates,sitemap-only,post,200,,https://www.flocksafety.com/blog/3-ways-license-plate-readers-really-reduce-crime
/blog/3-ways-your-asset-protection-and-loss-prevention-teams-can-reduce-organized-retail-crime,3 Ways to Reduce Organized Retail Crime With LPR Cameras,sitemap-only,post,200,,https://www.flocksafety.com/blog/3-ways-your-asset-protection-and-loss-prevention-teams-can-reduce-organized-retail-crime
/blog/4-ways-flocks-mobile-security-trailer-delivers-a-smarter-way-to-secure-your-property,4 Ways Flock's Mobile Security Trailer Protects Property,sitemap-only,post,200,,https://www.flocksafety.com/blog/4-ways-flocks-mobile-security-trailer-delivers-a-smarter-way-to-secure-your-property
/blog/5-crime-prevention-tips-from-police-for-hoas,"5 Crime Prevention Tips for HOA Boards, From Police",sitemap-only,post,200,,https://www.flocksafety.com/blog/5-crime-prevention-tips-from-police-for-hoas
/blog/5-key-insights-on-tackling-organized-retail-crime-from-law-enforcement-leaders,5 ORC Insights From Law Enforcement Leaders at IACP,sitemap-only,post,200,,https://www.flocksafety.com/blog/5-key-insights-on-tackling-organized-retail-crime-from-law-enforcement-leaders
/blog/5-keys-to-hiring-for-drive-and-building-in-the-gray-how-two-rtic-leaders-are-shaping-real-time-policing,5 Hiring Keys From Two Real-Time Crime Center Leaders,sitemap-only,post,200,,https://www.flocksafety.com/blog/5-keys-to-hiring-for-drive-and-building-in-the-gray-how-two-rtic-leaders-are-shaping-real-time-policing
/blog/5-lessons-on-transitioning-from-law-enforcement-to-the-private-sector,5 Lessons on Moving from Law Enforcement to Private Sector,sitemap-only,post,200,,https://www.flocksafety.com/blog/5-lessons-on-transitioning-from-law-enforcement-to-the-private-sector
/blog/5-places-your-community-may-need-better-coverage,5 Places Your Community May Need Better Coverage,sitemap-only,post,200,,https://www.flocksafety.com/blog/5-places-your-community-may-need-better-coverage
/blog/5-safety-tips-for-house-hunting,5 Safety Tips for House Hunting in a New Neighborhood,sitemap-only,post,200,,https://www.flocksafety.com/blog/5-safety-tips-for-house-hunting
/blog/5-steps-to-establish-a-real-time-crime-center,How to Build a Real-Time Crime Center: 5 Steps for Any Agency,sitemap-only,post,200,,https://www.flocksafety.com/blog/5-steps-to-establish-a-real-time-crime-center
/blog/5-strategies-for-smarter-parking-lot-security-with-alpr-solar-solutions,5 Parking Lot Security Strategies Using ALPR & Solar Cameras,sitemap-only,post,200,,https://www.flocksafety.com/blog/5-strategies-for-smarter-parking-lot-security-with-alpr-solar-solutions
/blog/5-times-license-plate-readers-saved-the-day,5 Real Cases Where License Plate Reader Data Saved the Day,sitemap-only,post,200,,https://www.flocksafety.com/blog/5-times-license-plate-readers-saved-the-day
/blog/5-tips-keeping-your-neighborhood-safe,5 Neighborhood Security Tips for Safer Communities,sitemap-only,post,200,,https://www.flocksafety.com/blog/5-tips-keeping-your-neighborhood-safe
/blog/5-tips-to-virtually-engage-your-community-during-covid-19,5 Ways Police Departments Can Engage Communities Virtually,sitemap-only,post,200,,https://www.flocksafety.com/blog/5-tips-to-virtually-engage-your-community-during-covid-19
/blog/5-ways-flock-safety-is-transforming-school-campus-safety----starting-with-a-smarter-dismissal-line,School Dismissal Line Safety: 5 Ways Flock Helps Schools,sitemap-only,post,200,,https://www.flocksafety.com/blog/5-ways-flock-safety-is-transforming-school-campus-safety----starting-with-a-smarter-dismissal-line
/blog/5-ways-host-cities-can-prepare-for-a-safe-and-successful-2026-fifa-world-cup,5 Ways Host Cities Can Prep for the 2026 World Cup,sitemap-only,post,200,,https://www.flocksafety.com/blog/5-ways-host-cities-can-prepare-for-a-safe-and-successful-2026-fifa-world-cup
/blog/5-ways-to-use-virtual-tools-for-neighborhood-safety,5 Virtual Tools to Keep Your Neighborhood Safe,sitemap-only,post,200,,https://www.flocksafety.com/blog/5-ways-to-use-virtual-tools-for-neighborhood-safety
/blog/6-benefits-of-lpr-for-law-enforcement,6 Benefits of License Plate Readers for Law Enforcement,sitemap-only,post,200,,https://www.flocksafety.com/blog/6-benefits-of-lpr-for-law-enforcement
/blog/6-career-tips-for-security-professionals-from-oscar-arango,6 Career Tips for Security Pros from Ex-Target VP Arango,sitemap-only,post,200,,https://www.flocksafety.com/blog/6-career-tips-for-security-professionals-from-oscar-arango
/blog/6-myths-license-plate-readers-security-systems,"6 Myths About License Plate Readers, Debunked With Facts",sitemap-only,post,200,,https://www.flocksafety.com/blog/6-myths-license-plate-readers-security-systems
/blog/6-safety-tips-your-2023-back-to-school-safety-kit,6 Back-to-School Safety Tips Every Parent Should Know,sitemap-only,post,200,,https://www.flocksafety.com/blog/6-safety-tips-your-2023-back-to-school-safety-kit
/blog/7-questions-with-police-chief-thompson-of-elizabethtown-kentucky,"7 Questions with Elizabethtown, KY Police Chief Thompson",sitemap-only,post,200,,https://www.flocksafety.com/blog/7-questions-with-police-chief-thompson-of-elizabethtown-kentucky
/blog/8-rules-hoa-boards-can-follow-to-keep-residents-safe,8 Rules HOA Boards Can Follow to Keep Residents Safe,sitemap-only,post,200,,https://www.flocksafety.com/blog/8-rules-hoa-boards-can-follow-to-keep-residents-safe
/blog/8-security-tips-for-property-managers-save-time-and-money,8 Security Tips to Save Property Managers Time & Money,sitemap-only,post,200,,https://www.flocksafety.com/blog/8-security-tips-for-property-managers-save-time-and-money
/blog/a-5-step-plan-safety-plan-for-houses-worship,A 5-Step Plan to Build a Safety Plan for Houses of Worship,sitemap-only,post,200,,https://www.flocksafety.com/blog/a-5-step-plan-safety-plan-for-houses-worship
/blog/a-chiefs-guide-to-evaluating-license-plate-readers-9-questions-to-ask-before-investing-in-lpr,A Chief's Guide: 9 Questions Before Investing in LPR,sitemap-only,post,200,,https://www.flocksafety.com/blog/a-chiefs-guide-to-evaluating-license-plate-readers-9-questions-to-ask-before-investing-in-lpr
/blog/a-connected-future-how-elk-grove-pd-is-redefining-public-safety-with-drone-technology,Elk Grove PD's Drone Program: 30-Second Response Times,sitemap-only,post,200,,https://www.flocksafety.com/blog/a-connected-future-how-elk-grove-pd-is-redefining-public-safety-with-drone-technology
/blog/a-conversation-with-safe-house-projects-brittany-dunn,Brittany Dunn on Ending Child Trafficking with Safe House,sitemap-only,post,200,,https://www.flocksafety.com/blog/a-conversation-with-safe-house-projects-brittany-dunn
/blog/a-practical-guide-to-ai-policy-and-policing,A Practical Guide to AI Policy and Policing,sitemap-only,post,200,,https://www.flocksafety.com/blog/a-practical-guide-to-ai-policy-and-policing
/blog/a-practical-lpr-and-video-strategy-for-small-patrol-teams,A Practical LPR and Video Strategy for Small Patrol Teams,sitemap-only,post,200,,https://www.flocksafety.com/blog/a-practical-lpr-and-video-strategy-for-small-patrol-teams
/blog/a-smarter-path-to-help-prosecute-offenders-why-choose-flocks-mobile-security-trailer-vs-lvt,Flock Mobile Security Trailers vs. LVT: Which Wins?,sitemap-only,post,200,,https://www.flocksafety.com/blog/a-smarter-path-to-help-prosecute-offenders-why-choose-flocks-mobile-security-trailer-vs-lvt
/blog/a-smarter-path-to-real-crime-reduction-why-choose-flocks-mobile-security-trailer-vs-lvt,Flock vs. LVT: Which Mobile Security Trailer Wins?,sitemap-only,post,200,,https://www.flocksafety.com/blog/a-smarter-path-to-real-crime-reduction-why-choose-flocks-mobile-security-trailer-vs-lvt
/blog/a-tale-of-two-cities-how-a-flock-safe-city-subscription-transforms-operations-budgets-and-outcomes,A Tale of Two Cities: The Case for a Safe City Plan,sitemap-only,post,200,,https://www.flocksafety.com/blog/a-tale-of-two-cities-how-a-flock-safe-city-subscription-transforms-operations-budgets-and-outcomes
/blog/a-wider-lens-on-justice-from-quick-ids-to-long-term-impact,From Quick IDs to Life Sentences: 6 Real Cases Solved,sitemap-only,post,200,,https://www.flocksafety.com/blog/a-wider-lens-on-justice-from-quick-ids-to-long-term-impact
/blog/academy-reduces-orc-with-flock-safety,Academy Sports Tackles Organized Retail Crime With Flock Safety,crawl-only [not-in-sitemap],redirect,200 (redirect),/customers/academy-sports-tackles-organized-retail-crime-with-flock-safety,https://www.flocksafety.com/blog/academy-reduces-orc-with-flock-safety
/blog/acg-atl-names-flock-safety-number-one-on-georgias-top-40-fastest-growing-companies,Flock Safety Named Georgia's #1 Fastest-Growing Company,sitemap-only,post,200,,https://www.flocksafety.com/blog/acg-atl-names-flock-safety-number-one-on-georgias-top-40-fastest-growing-companies
/blog/addressing-unauthorized-access-on-your-healthcare-campus,Addressing Unauthorized Access on Your Healthcare Campus,sitemap-only,post,200,,https://www.flocksafety.com/blog/addressing-unauthorized-access-on-your-healthcare-campus
/blog/aerodome-and-flock-safety-forge-strategic-partnership-to-expand-drone-as-first-responder-technology-for-public-safety-agencies,Flock Safety and Aerodome Partner on Drone Response,sitemap-only,post,200,,https://www.flocksafety.com/blog/aerodome-and-flock-safety-forge-strategic-partnership-to-expand-drone-as-first-responder-technology-for-public-safety-agencies
/blog/affordable-cameras,Affordable License Plate Cameras: A Memphis-Area Test,sitemap-only,post,200,,https://www.flocksafety.com/blog/affordable-cameras
/blog/after-public-debate-these-cities-chose-safety-and-privacy-with-flock,These Cities Chose Flock After Public Privacy Debates,sitemap-only,post,200,,https://www.flocksafety.com/blog/after-public-debate-these-cities-chose-safety-and-privacy-with-flock
/blog/ai-video-search-for-retail-theft-investigations,AI Video Search Cuts Retail Theft Investigation Time,sitemap-only,post,200,,https://www.flocksafety.com/blog/ai-video-search-for-retail-theft-investigations
/blog/airsight-and-flock-bring-airspace-intelligence-into-one-operating-picture,AirSight and Flock Unite Drone Detection with FlockOS,sitemap-only,post,200,,https://www.flocksafety.com/blog/airsight-and-flock-bring-airspace-intelligence-into-one-operating-picture
/blog/albany-pd-announces-the-addition-of-120-flock-cameras,Albany Police Department Adds 120 Flock LPR Cameras,sitemap-only,post,200,,https://www.flocksafety.com/blog/albany-pd-announces-the-addition-of-120-flock-cameras
/blog/alert-respond-resolve-officers-move-fast-with-the-right-signal,"Alert, Respond, Resolve: How Officers Move Faster Now",sitemap-only,post,200,,https://www.flocksafety.com/blog/alert-respond-resolve-officers-move-fast-with-the-right-signal
/blog/allentown-pennsylvania-is-partnering-with-flock-to-shape-a-safer-community,"Allentown, PA Partners With Flock Safety on Public Safety",sitemap-only,post,200,,https://www.flocksafety.com/blog/allentown-pennsylvania-is-partnering-with-flock-to-shape-a-safer-community
/blog/alpr-program-community-relations,Starting an ALPR Program? Get Your Community On Board,sitemap-only,post,200,,https://www.flocksafety.com/blog/alpr-program-community-relations
/blog/alpr-technology-gun-violence,How ALPR Technology Helps Reduce Gun Violence,sitemap-only,post,200,,https://www.flocksafety.com/blog/alpr-technology-gun-violence
/blog/amber-alerts-partnership,How Flock Broadcasts AMBER Alerts to Help Find Missing Kids,sitemap-only,post,200,,https://www.flocksafety.com/blog/amber-alerts-partnership
/blog/an-asset-protection-experts-pov-on-drones-and-the-future-of-security,Ex-Target Exec on Drones: The Future of Asset Protection,sitemap-only,post,200,,https://www.flocksafety.com/blog/an-asset-protection-experts-pov-on-drones-and-the-future-of-security
/blog/an-update-on-ring-partnership,Flock and Ring Cancel Planned Community Requests Tool,sitemap-only,post,200,,https://www.flocksafety.com/blog/an-update-on-ring-partnership
/blog/anderson-police-bridge-people-policing-technology,How Anderson PD Bridges Staffing Gaps With Technology,sitemap-only,post,200,,https://www.flocksafety.com/blog/anderson-police-bridge-people-policing-technology
/blog/announcing-the-2024-flock-safety-physical-security-awards,Announcing the 2024 Flock Safety Physical Security Awards,sitemap-only,post,200,,https://www.flocksafety.com/blog/announcing-the-2024-flock-safety-physical-security-awards
/blog/announcing-the-2024-flock-safety-solved-awards-winners,2024 Flock Safety #Solved Awards: Meet the Winners,sitemap-only,post,200,,https://www.flocksafety.com/blog/announcing-the-2024-flock-safety-solved-awards-winners
/blog/apartment-safety-tips,Apartment Safety Tips: 5 Ways for Renters to Stay Safe,sitemap-only,post,200,,https://www.flocksafety.com/blog/apartment-safety-tips
/blog/apartment-security-camera-flock-safety,Multifamily Property Security: License Plate Cameras,sitemap-only,post,200,,https://www.flocksafety.com/blog/apartment-security-camera-flock-safety
/blog/apartment-security-flock-lpr-cameras,Top 3 Benefits of Flock LPR Cameras for Apartment Security,sitemap-only,post,200,,https://www.flocksafety.com/blog/apartment-security-flock-lpr-cameras
/blog/are-flock-products-discriminatory,Are Flock Products Discriminatory?,sitemap-only,post,200,,https://www.flocksafety.com/blog/are-flock-products-discriminatory
/blog/around-the-events-involving-george-floyd-minneapolis,Flock Safety's Statement on George Floyd and Policing,sitemap-only,post,200,,https://www.flocksafety.com/blog/around-the-events-involving-george-floyd-minneapolis
/blog/automated-license-plate-readers-and-the-fourth-amendment-a-public-safety-by-design-perspective-from-flock,Are License Plate Readers Constitutional? The Case Law,sitemap-only,post,200,,https://www.flocksafety.com/blog/automated-license-plate-readers-and-the-fourth-amendment-a-public-safety-by-design-perspective-from-flock
/blog/awareness-on-arrival-when-the-right-lead-comes-early,Awareness on Arrival: When Early Leads Solve Crime Fast,sitemap-only,post,200,,https://www.flocksafety.com/blog/awareness-on-arrival-when-the-right-lead-comes-early
/blog/axon-plans-to-sever-apis-with-flock,Axon Plans to Sever API Ties With Flock Safety,sitemap-only,post,200,,https://www.flocksafety.com/blog/axon-plans-to-sever-apis-with-flock
/blog/balancing-safety-and-experience-how-technology-is-shaping-the-future-of-retail-security,Retail Security Tech: Stop Theft Without the Hassle,sitemap-only,post,200,,https://www.flocksafety.com/blog/balancing-safety-and-experience-how-technology-is-shaping-the-future-of-retail-security
/blog/best-hoa-perimeter-security,HOA Perimeter Security: 8 Best Practices That Work,sitemap-only,post,200,,https://www.flocksafety.com/blog/best-hoa-perimeter-security
/blog/best-lpr-camera-crime-center-solution,How a Real-Time Crime Center Improves Public Safety,sitemap-only,post,200,,https://www.flocksafety.com/blog/best-lpr-camera-crime-center-solution
/blog/best-places-to-use-mobile-security-trailers,Best Places to Use Mobile Security Trailers for Deterrence,sitemap-only,post,200,,https://www.flocksafety.com/blog/best-places-to-use-mobile-security-trailers
/blog/best-public-safety-drone,Best Public Safety Drones for Faster Emergency Response,sitemap-only,post,200,,https://www.flocksafety.com/blog/best-public-safety-drone
/blog/best-public-safety-drones-for-law-enforcement-and-emergency,5 Best Public Safety Drones for Law Enforcement and Emergency Teams,sitemap-only,post,200,,https://www.flocksafety.com/blog/best-public-safety-drones-for-law-enforcement-and-emergency
/blog/better-together-how-lprs-and-mobile-security-trailers-strengthen-security-across-your-commercial-properties,How LPRs and Mobile Trailers Strengthen Property Security,sitemap-only,post,200,,https://www.flocksafety.com/blog/better-together-how-lprs-and-mobile-security-trailers-strengthen-security-across-your-commercial-properties
/blog/beyond-crime-reduction-how-flock-forward-2025-redefined-public-safety,How Flock Forward 2025 Redefined Public Safety Strategy,sitemap-only,post,200,,https://www.flocksafety.com/blog/beyond-crime-reduction-how-flock-forward-2025-redefined-public-safety
/blog/beyond-kubeflow-why-we-built-traintrack,Why Flock Built Traintrack: Beyond Kubeflow for ML,sitemap-only,post,200,,https://www.flocksafety.com/blog/beyond-kubeflow-why-we-built-traintrack
/blog/birds-of-a-feather-dennis-segovia,Birds of a Feather: Meet Field Tech Dennis Segovia,sitemap-only,post,200,,https://www.flocksafety.com/blog/birds-of-a-feather-dennis-segovia
/blog/birds-of-a-feather-jasmine-flock-safety,Birds of a Feather: Meet Jasmine Ellis in Atlanta,sitemap-only,post,200,,https://www.flocksafety.com/blog/birds-of-a-feather-jasmine-flock-safety
/blog/blogsuspicious-activity-stopped,How a Nashville Neighborhood Stopped Suspicious Activity,sitemap-only,post,200,,https://www.flocksafety.com/blog/blogsuspicious-activity-stopped
/blog/boston-globe-opinion-editor-on-flocks-value-for-community-safety,Boston Globe Editor on Why Flock's LPR Cameras Matter,sitemap-only,post,200,,https://www.flocksafety.com/blog/boston-globe-opinion-editor-on-flocks-value-for-community-safety
/blog/brandon-simins-joins-flock-safety-as-chief-financial-officer,Brandon Simins Joins Flock Safety as Chief Financial Officer,sitemap-only,post,200,,https://www.flocksafety.com/blog/brandon-simins-joins-flock-safety-as-chief-financial-officer
/blog/building-a-culture-of-empowerment-women-of-flocks-impact-and-vision,Women of Flock: Building Community and Career Growth,sitemap-only,post,200,,https://www.flocksafety.com/blog/building-a-culture-of-empowerment-women-of-flocks-impact-and-vision
/blog/building-a-real-time-crime-center-the-right-way-insights-from-industry-experts,How to Build a Real-Time Crime Center the Right Way,sitemap-only,post,200,,https://www.flocksafety.com/blog/building-a-real-time-crime-center-the-right-way-insights-from-industry-experts
/blog/building-a-safer-stronger-allentown-a-conversation-with-mayor-matt-tuerk,Allentown's Mayor on Cutting Crime to a 35-Year Low,sitemap-only,post,200,,https://www.flocksafety.com/blog/building-a-safer-stronger-allentown-a-conversation-with-mayor-matt-tuerk
/blog/building-on-trust-updates-to-flocks-terms-and-conditions,Building on Trust: Updates to Flock’s Terms and Conditions,sitemap-only,post,200,,https://www.flocksafety.com/blog/building-on-trust-updates-to-flocks-terms-and-conditions
/blog/building-public-trust-through-transparency-how-flock-helps-communities--and-why-youll-want-to-be-part-of-it,How Flock Safety Builds Public Trust Through Transparency,sitemap-only,post,200,,https://www.flocksafety.com/blog/building-public-trust-through-transparency-how-flock-helps-communities--and-why-youll-want-to-be-part-of-it
/blog/building-smarter-not-just-bigger-how-flock-safety-thinks-about-product-integrations-and-the-future-of-ai,"Flock's Chief Strategy Officer on Product, AI, Integrations",sitemap-only,post,200,,https://www.flocksafety.com/blog/building-smarter-not-just-bigger-how-flock-safety-thinks-about-product-integrations-and-the-future-of-ai
/blog/building-stronger-cases-with-layered-security-technology-using-license-plate-reader-cameras,Building Stronger Cases With Layered Security Tech,sitemap-only,post,200,,https://www.flocksafety.com/blog/building-stronger-cases-with-layered-security-technology-using-license-plate-reader-cameras
/blog/building-the-future-inside-flock-safetys-2025-intern-experience,Inside Flock Safety's 2025 Software Intern Experience,sitemap-only,post,200,,https://www.flocksafety.com/blog/building-the-future-inside-flock-safetys-2025-intern-experience
/blog/building-trust-through-tech-and-heart-how-chief-bobby-davis-is-redefining-public-safety-leadership-lsenb,Chief Bobby Davis: Elk Grove PD's Real-Time Policing Model,sitemap-only,post,200,,https://www.flocksafety.com/blog/building-trust-through-tech-and-heart-how-chief-bobby-davis-is-redefining-public-safety-leadership-lsenb
/blog/california-sb34-what-private-organizations-using-alpr-need-to-know,California SB34: What Private Organizations Using ALPR Need to Know,header,post,200,,https://www.flocksafety.com/blog/california-sb34-what-private-organizations-using-alpr-need-to-know
/blog/cameras-installed-around-port-isabel,Port Isabel Installs 5 License Plate Reader Cameras,sitemap-only,post,200,,https://www.flocksafety.com/blog/cameras-installed-around-port-isabel
/blog/capture-evidence-that-matters-for-solving-crime,Capture the Evidence That Matters for Solving Crime,sitemap-only,post,200,,https://www.flocksafety.com/blog/capture-evidence-that-matters-for-solving-crime
/blog/castle-rock-police-launch-flock-dfr-for-faster-and-safer-response-time,Castle Rock PD Launches Flock Drone First Responder,sitemap-only,post,200,,https://www.flocksafety.com/blog/castle-rock-police-launch-flock-dfr-for-faster-and-safer-response-time
/blog/catalytic-converter-theft,Catalytic Converter Theft Up 8X: How Police Fight Back,sitemap-only,post,200,,https://www.flocksafety.com/blog/catalytic-converter-theft
/blog/catch-crooks,Irondale Police Recover Stolen Vehicle in Under 5 Minutes,sitemap-only,post,200,,https://www.flocksafety.com/blog/catch-crooks
/blog/city-leaders-choose-flock-safety-a-proven-community-focused-public-safety-solution,Why City Leaders Are Choosing Flock Safety's Platform,sitemap-only,post,200,,https://www.flocksafety.com/blog/city-leaders-choose-flock-safety-a-proven-community-focused-public-safety-solution
/blog/city-of-el-cajon-honored-with-golden-watchdog-award-for-public-safety-innovation,El Cajon Wins Golden Watchdog Award for LPR Program,sitemap-only,post,200,,https://www.flocksafety.com/blog/city-of-el-cajon-honored-with-golden-watchdog-award-for-public-safety-innovation
/blog/close-the-campus-police-response-gap-with-drone-as-first-responder,Drone as First Responder: Closing the Campus Police Gap,sitemap-only,post,200,,https://www.flocksafety.com/blog/close-the-campus-police-response-gap-with-drone-as-first-responder
/blog/cobb-based-cids-tactic-catch-criminals-with-tag-scanning-cameras,Marietta CID Deploys Tag-Scanning Cameras to Deter Crime,sitemap-only,post,200,,https://www.flocksafety.com/blog/cobb-based-cids-tactic-catch-criminals-with-tag-scanning-cameras
/blog/cobb-county-communities-invest-in-crime-fighting-camera,Cobb County Neighborhoods Add LPR Cameras to Fight Crime,sitemap-only,post,200,,https://www.flocksafety.com/blog/cobb-county-communities-invest-in-crime-fighting-camera
/blog/collierville-cameras-scanning-license-plates-to-prevent-crime,Collierville Neighborhood Adds License Plate Cameras,sitemap-only,post,200,,https://www.flocksafety.com/blog/collierville-cameras-scanning-license-plates-to-prevent-crime
/blog/collierville-memphis-neighborhood-crime-streak,How Collierville Stopped a Neighborhood Crime Streak,sitemap-only,post,200,,https://www.flocksafety.com/blog/collierville-memphis-neighborhood-crime-streak
/blog/colorado-hoa-chose-flock-neighborhood-security-cameras,HOA Security: Why Boards Choose License Plate Reader Cameras,sitemap-only,post,200,,https://www.flocksafety.com/blog/colorado-hoa-chose-flock-neighborhood-security-cameras
/blog/colorado-neighborhoods-using-flock-safety-to-reduce-crime,Colorado Neighborhoods Turn to License Plate Cameras,sitemap-only,post,200,,https://www.flocksafety.com/blog/colorado-neighborhoods-using-flock-safety-to-reduce-crime
/blog/combating-retail-fraud-with-data-driven-security,Retail Fraud Prevention: Data-Driven Security Tactics,sitemap-only,post,200,,https://www.flocksafety.com/blog/combating-retail-fraud-with-data-driven-security
/blog/community-and-technology-unite-to-shape-a-safer-south-downtown-atlanta,South Downtown Atlanta Boosts Safety with New Tech,sitemap-only,post,200,,https://www.flocksafety.com/blog/community-and-technology-unite-to-shape-a-safer-south-downtown-atlanta
/blog/community-camera-for-safe-neighborhoods,Best Tips and Technology to Keep Your Neighborhood Safe,sitemap-only,post,200,,https://www.flocksafety.com/blog/community-camera-for-safe-neighborhoods
/blog/community-manager-security-options,"HOA Security Options Compared: Cost, Ease, Effectiveness",sitemap-only,post,200,,https://www.flocksafety.com/blog/community-manager-security-options
/blog/congratulations-to-the-flock-safety-award-winners-at-iacp-2022,IACP 2022: Flock Honors Lt. Shaw & Constable Agha-Razi,sitemap-only,post,200,,https://www.flocksafety.com/blog/congratulations-to-the-flock-safety-award-winners-at-iacp-2022
/blog/context-on-your-terms-why-public-safety-is-no-longer-one-size-fits-all,One Unified Platform for Real-Time Public Safety Data,sitemap-only,post,200,,https://www.flocksafety.com/blog/context-on-your-terms-why-public-safety-is-no-longer-one-size-fits-all
/blog/convenience-store-shooting-suspects-brought-to-justice-with-help-from-flock-cameras,Convenience Store Shooting Suspects Identified via Camera,sitemap-only,post,200,,https://www.flocksafety.com/blog/convenience-store-shooting-suspects-brought-to-justice-with-help-from-flock-cameras
/blog/coordinated-located-safer-flock-safety-helps-law-enforcement-close-cases-nationwide,"Coordinated, Located, Safer: Flock Helps Close Cases",sitemap-only,post,200,,https://www.flocksafety.com/blog/coordinated-located-safer-flock-safety-helps-law-enforcement-close-cases-nationwide
/blog/corporate-executive-protection,Corporate Executive Protection: Strategies That Work,sitemap-only,post,200,,https://www.flocksafety.com/blog/corporate-executive-protection
/blog/corporate-security-101-flock-safetys-guide-for-business-leaders,Corporate Security 101: A Guide for Business Leaders,sitemap-only,post,200,,https://www.flocksafety.com/blog/corporate-security-101-flock-safetys-guide-for-business-leaders
/blog/correcting-the-record-flock-nova-will-not-supply-dark-web-data,Flock Nova Will Not Supply Dark Web Data: The Facts,sitemap-only,post,200,,https://www.flocksafety.com/blog/correcting-the-record-flock-nova-will-not-supply-dark-web-data
/blog/could-kentuckys-hb58-change-how-alpr-data-is-used-across-the-state,Kentucky HB58: How the New ALPR Law Changes Data Rules,sitemap-only,post,200,,https://www.flocksafety.com/blog/could-kentuckys-hb58-change-how-alpr-data-is-used-across-the-state
/blog/crime-rates-rise-during-the-summer-heres-what-this-means-for-you,"Why Crime Rises Every Summer, and How to Stay Safe",sitemap-only,post,200,,https://www.flocksafety.com/blog/crime-rates-rise-during-the-summer-heres-what-this-means-for-you
/blog/criminal-plans-disrupted-how-fast-alerts-led-to-faster-justice,Fast Flock Alerts Lead to Faster Justice: 6 Cases Solved,sitemap-only,post,200,,https://www.flocksafety.com/blog/criminal-plans-disrupted-how-fast-alerts-led-to-faster-justice
/blog/customer-story-citrus-heights-police-department,Citrus Heights PD Customer Story: Flock Safety in Action,sitemap-only,post,200,,https://www.flocksafety.com/blog/customer-story-citrus-heights-police-department
/blog/customer-story-elk-grove-pd-flockos,Elk Grove PD's Real-Time Intelligence Center + FlockOS,sitemap-only,post,200,,https://www.flocksafety.com/blog/customer-story-elk-grove-pd-flockos
/blog/customers-own-and-control-their-flock-data,Customers Own and Control Their Flock Data,sitemap-only,post,200,,https://www.flocksafety.com/blog/customers-own-and-control-their-flock-data
/blog/dan-haley-joins-flock-safety-as-chief-legal-officer,Dan Haley Joins Flock Safety as Chief Legal Officer,sitemap-only,post,200,,https://www.flocksafety.com/blog/dan-haley-joins-flock-safety-as-chief-legal-officer
/blog/data-at-the-curb-how-traffic-analytics-is-transforming-safety-and-success-for-commercial-businesses,Traffic Analytics: How Curb Data Boosts Business Safety,sitemap-only,post,200,,https://www.flocksafety.com/blog/data-at-the-curb-how-traffic-analytics-is-transforming-safety-and-success-for-commercial-businesses
/blog/dekalb-county-police-partner-with-flock-and-private-citizens,How DeKalb County Police Partner With Flock Safety Cameras,sitemap-only,post,200,,https://www.flocksafety.com/blog/dekalb-county-police-partner-with-flock-and-private-citizens
/blog/dekalb-county-votes-to-partner-with-police-department-on-crime-solving-initiative,DeKalb County Votes to Share Flock Camera Data With Police,sitemap-only,post,200,,https://www.flocksafety.com/blog/dekalb-county-votes-to-partner-with-police-department-on-crime-solving-initiative
/blog/dekalb-police-using-new-crime-fighting-tool-to-protect-public,DeKalb Police Add New Crime-Fighting Tool at No Cost,sitemap-only,post,200,,https://www.flocksafety.com/blog/dekalb-police-using-new-crime-fighting-tool-to-protect-public
/blog/denver-residents-helping-police-protect-community,Aurora Neighborhood Cuts Break-Ins With LPR Cameras,sitemap-only,post,200,,https://www.flocksafety.com/blog/denver-residents-helping-police-protect-community
/blog/designing-safer-streets-how-connected-technologies-are-reimagining-roadway-and-biking-safety,"Designing Safer Streets for Drivers, Bikers, Pedestrians",sitemap-only,post,200,,https://www.flocksafety.com/blog/designing-safer-streets-how-connected-technologies-are-reimagining-roadway-and-biking-safety
/blog/dfr-1-0-vs-dfr-2-0-the-evolution-of-drone-as-first-responder,DFR 1.0 vs. DFR 2.0: How Drone as First Responder Evolved,sitemap-only,post,200,,https://www.flocksafety.com/blog/dfr-1-0-vs-dfr-2-0-the-evolution-of-drone-as-first-responder
/blog/dfr-in-action-how-corona-pd-uses-drones-for-life-saving-rescues,Corona PD Drones: How DFR Saves Lives in the Field,sitemap-only,post,200,,https://www.flocksafety.com/blog/dfr-in-action-how-corona-pd-uses-drones-for-life-saving-rescues
/blog/dfr-need-for-speed,DFR Response Speed: Why Seconds Matter in the Field,sitemap-only,post,200,,https://www.flocksafety.com/blog/dfr-need-for-speed
/blog/discover-the-steps-hardin-county-ky-is-taking-to-shape-a-safer-community,"Hardin County, KY: Cameras Add Officers, Not Budget",sitemap-only,post,200,,https://www.flocksafety.com/blog/discover-the-steps-hardin-county-ky-is-taking-to-shape-a-safer-community
/blog/does-flock-enable-mass-surveillance,Is Flock Mass Surveillance? Here's What 30 Courts Decided,sitemap-only,post,200,,https://www.flocksafety.com/blog/does-flock-enable-mass-surveillance
/blog/does-flock-share-data-with-ice,Does Flock Share Data With ICE? Here's Flock's Answer,sitemap-only,post,200,,https://www.flocksafety.com/blog/does-flock-share-data-with-ice
/blog/does-new-jerseys-privacy-protection-act-affect-alpr-data-sharing-across-state-lines,Does NJ's Privacy Act Limit ALPR Data Sharing Across Lines?,sitemap-only,post,200,,https://www.flocksafety.com/blog/does-new-jerseys-privacy-protection-act-affect-alpr-data-sharing-across-state-lines
/blog/dont-just-watch-crime-solve-it-with-license-plate-readers,Doorbell Cameras Alone Won't Solve Crime -- LPR Can,sitemap-only,post,200,,https://www.flocksafety.com/blog/dont-just-watch-crime-solve-it-with-license-plate-readers
/blog/donut-shop-employee-held-at-gunpoint-during-armed-robbery-flock-cameras-helped-find-suspects,Berkeley PD IDs Suspects After Armed Donut Shop Robbery,sitemap-only,post,200,,https://www.flocksafety.com/blog/donut-shop-employee-held-at-gunpoint-during-armed-robbery-flock-cameras-helped-find-suspects
/blog/drones-take-flight-how-long-island-is-leading-the-way-in-community-safety,How Long Island Is Leading the Way With Drone Response,sitemap-only,post,200,,https://www.flocksafety.com/blog/drones-take-flight-how-long-island-is-leading-the-way-in-community-safety
/blog/dunwoody-detective-utilizes-flock-data-to-prevent-potentially-dangerous-heist,How a Dunwoody Detective Stopped a Jewelry Heist Crew,sitemap-only,post,200,,https://www.flocksafety.com/blog/dunwoody-detective-utilizes-flock-data-to-prevent-potentially-dangerous-heist
/blog/dunwoody-pd-flock-aerodome-dfr,Dunwoody PD Uses a Drone to Safely Apprehend Armed Suspect,sitemap-only,post,200,,https://www.flocksafety.com/blog/dunwoody-pd-flock-aerodome-dfr
/blog/dunwoody-police-department-unveils-real-time-crime-center-powered-by-flock,Dunwoody PD Launches Real-Time Crime Center Powered by Flock,sitemap-only,post,200,,https://www.flocksafety.com/blog/dunwoody-police-department-unveils-real-time-crime-center-powered-by-flock
/blog/eastvale-is-shaping-a-safer-community-with-license-plate-recognition-cameras,"Eastvale, CA Launches LPR Camera Grant for Local Businesses",sitemap-only,post,200,,https://www.flocksafety.com/blog/eastvale-is-shaping-a-safer-community-with-license-plate-recognition-cameras
/blog/eighborhood-purchases-personal-license-plate-reading-camera,Nashville Neighborhood Adds Its Own LPR Camera System,sitemap-only,post,200,,https://www.flocksafety.com/blog/eighborhood-purchases-personal-license-plate-reading-camera
/blog/eliminate-crime-principled-framework,Flock's Privacy-First Framework for Solving Crime,sitemap-only,post,200,,https://www.flocksafety.com/blog/eliminate-crime-principled-framework
/blog/elizabethtown-pd-sees-great-success-and-multiple-solvedstories-with-flock-lpr,Elizabethtown PD Recovers Kidnapped Infant With Flock LPR,sitemap-only,post,200,,https://www.flocksafety.com/blog/elizabethtown-pd-sees-great-success-and-multiple-solvedstories-with-flock-lpr
/blog/emergency-response-drone,How Emergency Response Drones Improve Public Safety,sitemap-only,post,200,,https://www.flocksafety.com/blog/emergency-response-drone
/blog/empowering-smaller-law-enforcement-agencies-the-role-of-technology-in-maximizing-your-force,How Small Police Agencies Do More With Fewer Officers,sitemap-only,post,200,,https://www.flocksafety.com/blog/empowering-smaller-law-enforcement-agencies-the-role-of-technology-in-maximizing-your-force
/blog/enhance-campus-security-with-flock-safety,Closing Campus Security Gaps in Parking Lots & Paths,sitemap-only,post,200,,https://www.flocksafety.com/blog/enhance-campus-security-with-flock-safety
/blog/enhancing-employee-safety-with-license-plate-recognition-cameras,How License Plate Cameras Improve Retail Employee Safety,sitemap-only,post,200,,https://www.flocksafety.com/blog/enhancing-employee-safety-with-license-plate-recognition-cameras
/blog/ensuring-local-compliance,Flock Safety: Ensuring Local Compliance on Data Sharing,sitemap-only,post,200,,https://www.flocksafety.com/blog/ensuring-local-compliance
/blog/et-the-police-take-care-of-possible-thieves,Bellevue Neighbors Let Police Handle Car Break-In Leads,sitemap-only,post,200,,https://www.flocksafety.com/blog/et-the-police-take-care-of-possible-thieves
/blog/every-second-counts-how-faster-crash-response-saves-lives,Faster Crash Response Could Save 244 Lives a Year,sitemap-only,post,200,,https://www.flocksafety.com/blog/every-second-counts-how-faster-crash-response-saves-lives
/blog/everything-has-changed-and-nothing-has-changed-flock-safety-raised-47m-to-solve-more-crime-and-protect-privacy,Flock Safety Raises $47M to Expand Crime-Fighting Tech,sitemap-only,post,200,,https://www.flocksafety.com/blog/everything-has-changed-and-nothing-has-changed-flock-safety-raised-47m-to-solve-more-crime-and-protect-privacy
/blog/evidence-management-best-practices-for-law-enforcement,Evidence Management Best Practices for Law Enforcement,sitemap-only,post,200,,https://www.flocksafety.com/blog/evidence-management-best-practices-for-law-enforcement
/blog/evidence-management-for-law-enforcement,How Police Departments Are Upgrading Evidence Management,sitemap-only,post,200,,https://www.flocksafety.com/blog/evidence-management-for-law-enforcement
/blog/explore-how-white-settlement-pd-uses-flock-technology-to-protect-officers-boost-collaboration-and-solve-more-crimes,"How White Settlement PD, TX Uses Flock to Solve Crime",sitemap-only,post,200,,https://www.flocksafety.com/blog/explore-how-white-settlement-pd-uses-flock-technology-to-protect-officers-boost-collaboration-and-solve-more-crimes
/blog/fairfax-county-police-harness-license-plate-reader-technology-to-transform-crime-fighting,Fairfax County Police: LPR Helped Solve Nearly 500 Cases,sitemap-only,post,200,,https://www.flocksafety.com/blog/fairfax-county-police-harness-license-plate-reader-technology-to-transform-crime-fighting
/blog/fast-intel-real-impact-this-weeks-wins-with-flock-safety,This Week's #SolvedStories: 6 Wins With Flock Safety,sitemap-only,post,200,,https://www.flocksafety.com/blog/fast-intel-real-impact-this-weeks-wins-with-flock-safety
/blog/federal-court-confirms-license-plate-readers-are-constitutional,Federal Court: License Plate Readers Are Constitutional,sitemap-only,post,200,,https://www.flocksafety.com/blog/federal-court-confirms-license-plate-readers-are-constitutional
/blog/fewer-victims-stronger-safeguards-the-case-for-principled-federal-collaboration,"Federal LPR Data Sharing: Local Control, Strict Safeguards",sitemap-only,post,200,,https://www.flocksafety.com/blog/fewer-victims-stronger-safeguards-the-case-for-principled-federal-collaboration
/blog/fighting-what-hides-in-the-shadows-how-flock-is-helping-communities-combat-human-trafficking,How Flock Safety Technology Helps Fight Human Trafficking,sitemap-only,post,200,,https://www.flocksafety.com/blog/fighting-what-hides-in-the-shadows-how-flock-is-helping-communities-combat-human-trafficking
/blog/fill-your-campus-safety-gaps---no-power-no-problem,Fill Campus Safety Gaps With Solar-Powered LPR Cameras,sitemap-only,post,200,,https://www.flocksafety.com/blog/fill-your-campus-safety-gaps---no-power-no-problem
/blog/fireside-chat-josh-thomas-chief-communications-officer,Josh Thomas on Building Trust in Public Safety Tech,sitemap-only,post,200,,https://www.flocksafety.com/blog/fireside-chat-josh-thomas-chief-communications-officer
/blog/first-responder-drone-use-cases,First Responder Drone Use Cases: 8 Real-World Examples,sitemap-only,post,200,,https://www.flocksafety.com/blog/first-responder-drone-use-cases
/blog/fixed-license-plate-reader-in-marietta-leads-to-first-arrest,Marietta's First Arrest From a Fixed License Plate Reader,sitemap-only,post,200,,https://www.flocksafety.com/blog/fixed-license-plate-reader-in-marietta-leads-to-first-arrest
/blog/flock-911-flock-aerodome-integration,Flock911 + DFR: Drones on Scene Before Dispatch Logs In,sitemap-only,post,200,,https://www.flocksafety.com/blog/flock-911-flock-aerodome-integration
/blog/flock-aerodome-automated-security-for-retail-shopping-centers,Flock DAS: Automated Security for Retail Shopping Centers,sitemap-only,post,200,,https://www.flocksafety.com/blog/flock-aerodome-automated-security-for-retail-shopping-centers
/blog/flock-aerodome-software-updates-fall--2025,Flock Aerodome Fall 2025 Update: 4 New Drone Features,sitemap-only,post,200,,https://www.flocksafety.com/blog/flock-aerodome-software-updates-fall--2025
/blog/flock-aligns-license-plate-reader-technology-with-state-specific-legal-frameworks,How Flock Aligns License Plate Reader Tech to State Law,sitemap-only,post,200,,https://www.flocksafety.com/blog/flock-aligns-license-plate-reader-technology-with-state-specific-legal-frameworks
/blog/flock-alpha-in-action-saving-lives-across-crime-response-fire-emergencies-and-search-rescue,Flock Alpha in Action: Drone Response for Public Safety,sitemap-only,post,200,,https://www.flocksafety.com/blog/flock-alpha-in-action-saving-lives-across-crime-response-fire-emergencies-and-search-rescue
/blog/flock-applauds-virginia-court-of-appeals-ruling-affirming-constitutionality-of-lpr-cameras,Flock Applauds Virginia Court of Appeals Ruling Affirming Constitutionality of LPR Cameras,sitemap-only,post,200,,https://www.flocksafety.com/blog/flock-applauds-virginia-court-of-appeals-ruling-affirming-constitutionality-of-lpr-cameras
/blog/flock-cameras-enhance-crime-fighting-efforts-in-albany,How Flock Cameras Help Albany PD Solve Crimes Faster,sitemap-only,post,200,,https://www.flocksafety.com/blog/flock-cameras-enhance-crime-fighting-efforts-in-albany
/blog/flock-commends-legislators-on-introduction-of-drone-act-of-2025,Flock Safety Backs the Bipartisan DRONE Act of 2025,sitemap-only,post,200,,https://www.flocksafety.com/blog/flock-commends-legislators-on-introduction-of-drone-act-of-2025
/blog/flock-expands-georgia-footprint-with-new-manufacturing-facility,"Flock Opens 97,000-Sq-Ft Manufacturing Facility in Georgia",sitemap-only,post,200,,https://www.flocksafety.com/blog/flock-expands-georgia-footprint-with-new-manufacturing-facility
/blog/flock-forward-2025-tackled-the-toughest-problems-in-public-safety--heres-what-we-learned,Flock Forward 2025: What We Learned About Public Safety,sitemap-only,post,200,,https://www.flocksafety.com/blog/flock-forward-2025-tackled-the-toughest-problems-in-public-safety--heres-what-we-learned
/blog/flock-guardrails-address-lpr-privacy-concerns-and-police-transparency,"Flock Updates Privacy, Accountability, Security, and Transparency Safeguards",sitemap-only,post,200,,https://www.flocksafety.com/blog/flock-guardrails-address-lpr-privacy-concerns-and-police-transparency
/blog/flock-honors-employees-who-bravely-served-veterans-day-2023,Flock Safety Honors Employee Veterans for Veterans Day,sitemap-only,post,200,,https://www.flocksafety.com/blog/flock-honors-employees-who-bravely-served-veterans-day-2023
/blog/flock-implements-enhanced-guardrails-across-california-to-ensure-lawful-and-responsible-use-of-lprs,Flock's New California License Plate Data Guardrails,sitemap-only,post,200,,https://www.flocksafety.com/blog/flock-implements-enhanced-guardrails-across-california-to-ensure-lawful-and-responsible-use-of-lprs
/blog/flock-innovates-to-help-agencies-tackle-sideshows,How Flock's Raven Tech Helps Police Stop Sideshows,sitemap-only,post,200,,https://www.flocksafety.com/blog/flock-innovates-to-help-agencies-tackle-sideshows
/blog/flock-license-plate-reader-cameras-protect-seniors,How License Plate Readers Help Locate Missing Seniors,sitemap-only,post,200,,https://www.flocksafety.com/blog/flock-license-plate-reader-cameras-protect-seniors
/blog/flock-lpr-cameras-drive-major-security-improvements-at-academy-sports,How Academy Sports Cut Theft to Zero With LPR Cameras,sitemap-only,post,200,,https://www.flocksafety.com/blog/flock-lpr-cameras-drive-major-security-improvements-at-academy-sports
/blog/flock-lpr-vs-fixed-video-same-camera-body-two-different-jobs,"Flock LPR vs. Fixed Video: Same Camera Body, Two Different Jobs",sitemap-only,post,200,,https://www.flocksafety.com/blog/flock-lpr-vs-fixed-video-same-camera-body-two-different-jobs
/blog/flock-offers-no-cost-core-apis-to-law-enforcement,Flock Safety Offers Free Core APIs to Law Enforcement,sitemap-only,post,200,,https://www.flocksafety.com/blog/flock-offers-no-cost-core-apis-to-law-enforcement
/blog/flock-provides-terms-conditions-update-to-make-definitions-simpler-and-provide-customer-clarity,Flock's Terms & Conditions Update: What Actually Changed,sitemap-only,post,200,,https://www.flocksafety.com/blog/flock-provides-terms-conditions-update-to-make-definitions-simpler-and-provide-customer-clarity
/blog/flock-ranks-fourth-overall-on-atlanta-business-chronicles-2024-pacesetter-list,Flock Safety Ranks #4 on Atlanta Business Chronicle List,sitemap-only,post,200,,https://www.flocksafety.com/blog/flock-ranks-fourth-overall-on-atlanta-business-chronicles-2024-pacesetter-list
/blog/flock-safety-2022-atl-startup-award-winners,Flock Safety Named Best Growth Stage Startup of 2022,sitemap-only,post,200,,https://www.flocksafety.com/blog/flock-safety-2022-atl-startup-award-winners
/blog/flock-safety-2022-atl-startup-awards,Flock Safety Named 2022 Atlanta Startup Awards Finalist,sitemap-only,post,200,,https://www.flocksafety.com/blog/flock-safety-2022-atl-startup-awards
/blog/flock-safety-2022-deloitte-technology-fast-500,Flock Safety Ranks #7 on 2022 Deloitte Technology Fast 500,sitemap-only,post,200,,https://www.flocksafety.com/blog/flock-safety-2022-deloitte-technology-fast-500
/blog/flock-safety-2024-physical-safety-awards,Flock Safety's 2024 Physical Safety Awards Explained,sitemap-only,post,200,,https://www.flocksafety.com/blog/flock-safety-2024-physical-safety-awards
/blog/flock-safety-2025-consumer-shopping-survey,Survey: 58% of Shoppers Avoid Stores Over Retail Crime,sitemap-only,post,200,,https://www.flocksafety.com/blog/flock-safety-2025-consumer-shopping-survey
/blog/flock-safety-and-forcemetrics-team-up-to-improve-community-and-officer-safety,Flock Safety and ForceMetrics Team Up for Officer Safety,sitemap-only,post,200,,https://www.flocksafety.com/blog/flock-safety-and-forcemetrics-team-up-to-improve-community-and-officer-safety
/blog/flock-safety-and-homegrown-launch-the-thriving-cities-fund,Flock and Homegrown Launch $10M Thriving Cities Fund,sitemap-only,post,200,,https://www.flocksafety.com/blog/flock-safety-and-homegrown-launch-the-thriving-cities-fund
/blog/flock-safety-announces-partnership-with-innovia-co-op,Flock Safety Partners With Innovia to Serve HOA Managers,sitemap-only,post,200,,https://www.flocksafety.com/blog/flock-safety-announces-partnership-with-innovia-co-op
/blog/flock-safety-appoints-chris-castaldo-as-chief-information-security-officer,Flock Safety Appoints Chris Castaldo as Security Chief,sitemap-only,post,200,,https://www.flocksafety.com/blog/flock-safety-appoints-chris-castaldo-as-chief-information-security-officer
/blog/flock-safety-appoints-jennifer-ceran,Flock Safety Appoints Jennifer Ceran as Audit Chair,sitemap-only,post,200,,https://www.flocksafety.com/blog/flock-safety-appoints-jennifer-ceran
/blog/flock-safety-appoints-julie-herendeen,Flock Safety Appoints Julie Herendeen to Board,sitemap-only,post,200,,https://www.flocksafety.com/blog/flock-safety-appoints-julie-herendeen
/blog/flock-safety-appoints-matthew-webster-as-cmo,Flock Names Ex-Activision Exec Matthew Webster CMO,sitemap-only,post,200,,https://www.flocksafety.com/blog/flock-safety-appoints-matthew-webster-as-cmo
/blog/flock-safety-birds-of-a-feather-meet-jay-marquez-in-atlanta-georgia,Birds of a Feather: Meet Jay Marquez of Flock Safety,sitemap-only,post,200,,https://www.flocksafety.com/blog/flock-safety-birds-of-a-feather-meet-jay-marquez-in-atlanta-georgia
/blog/flock-safety-calls-on-mobile-network-operators-to-help-accelerate-drone-public-safety-operations,Flock Calls on Telecoms to Power Drone First Responders,sitemap-only,post,200,,https://www.flocksafety.com/blog/flock-safety-calls-on-mobile-network-operators-to-help-accelerate-drone-public-safety-operations
/blog/flock-safety-cameras-fulton-county-schools,Fulton County Schools Add Flock License Plate Readers,sitemap-only,post,200,,https://www.flocksafety.com/blog/flock-safety-cameras-fulton-county-schools
/blog/flock-safety-cameras-north-carolina-neighborhoods,How Flock Cameras Protect North Carolina Neighborhoods,sitemap-only,post,200,,https://www.flocksafety.com/blog/flock-safety-cameras-north-carolina-neighborhoods
/blog/flock-safety-cameras-play-role-in-apprehending-suspect-linked-to-fatal-shooting,How Flock LPR Cameras Helped Solve a Fatal Shooting in PA,sitemap-only,post,200,,https://www.flocksafety.com/blog/flock-safety-cameras-play-role-in-apprehending-suspect-linked-to-fatal-shooting
/blog/flock-safety-cameras-provide-information-needed-to-locate-suspects-connected-to-bank-heist,How Flock LPR Cameras Helped Solve a $488K Bank Heist,sitemap-only,post,200,,https://www.flocksafety.com/blog/flock-safety-cameras-provide-information-needed-to-locate-suspects-connected-to-bank-heist
/blog/flock-safety-cameras-purdue-university-campus,Purdue University Installs Flock LPR Cameras on Campus,sitemap-only,post,200,,https://www.flocksafety.com/blog/flock-safety-cameras-purdue-university-campus
/blog/flock-safety-ceo-garrett-langley-ted2026,Flock Safety CEO at TED2026: Safety Should Be a Right,sitemap-only,post,200,,https://www.flocksafety.com/blog/flock-safety-ceo-garrett-langley-ted2026
/blog/flock-safety-ceo-principled-framework,Garrett Langley on Flock's Principled Privacy Framework,sitemap-only,post,200,,https://www.flocksafety.com/blog/flock-safety-ceo-principled-framework
/blog/flock-safety-cybersecurity-how-we-protect-customer-community-data,Flock Safety Cybersecurity: How We Protect Customer Data,sitemap-only,post,200,,https://www.flocksafety.com/blog/flock-safety-cybersecurity-how-we-protect-customer-community-data
/blog/flock-safety-does-my-neighborhood-need-flock-security-cameras,Does Your Neighborhood Need a License Plate Reader?,sitemap-only,post,200,,https://www.flocksafety.com/blog/flock-safety-does-my-neighborhood-need-flock-security-cameras
/blog/flock-safety-expands-into-drones-for-law-enforcement-with-acquisition-of-aerodome,"Flock Safety Acquires Aerodome, Expands Into Drones",sitemap-only,post,200,,https://www.flocksafety.com/blog/flock-safety-expands-into-drones-for-law-enforcement-with-acquisition-of-aerodome
/blog/flock-safety-helps-boost-oaklands-violent-crime-clearance-rate,Flock Cameras Helped Boost Oakland's Clearance Rate 11%,sitemap-only,post,200,,https://www.flocksafety.com/blog/flock-safety-helps-boost-oaklands-violent-crime-clearance-rate
/blog/flock-safety-helps-solve-and-stop-crime-through-partnerships-with-community-and-police,How Flock Cameras Help Neighbors and Police Solve Crime,sitemap-only,post,200,,https://www.flocksafety.com/blog/flock-safety-helps-solve-and-stop-crime-through-partnerships-with-community-and-police
/blog/flock-safety-helps-storefront-boost-case-closure-rate-to-an-impressive-97,How a Retailer Hit 97% Case Closure Rate with Flock LPR,sitemap-only,post,200,,https://www.flocksafety.com/blog/flock-safety-helps-storefront-boost-case-closure-rate-to-an-impressive-97
/blog/flock-safety-identifies-suspects-behind-190-000-crime-ring,How Flock Helped Identify Suspects in $190K Theft Ring,sitemap-only,post,200,,https://www.flocksafety.com/blog/flock-safety-identifies-suspects-behind-190-000-crime-ring
/blog/flock-safety-is-the-clear-proven-choice-for-law-enforcement-looking-to-use-lpr,Why Flock Is the Clear Choice for Law Enforcement LPR,sitemap-only,post,200,,https://www.flocksafety.com/blog/flock-safety-is-the-clear-proven-choice-for-law-enforcement-looking-to-use-lpr
/blog/flock-safety-launches-flock-aerodome-drone-as-automated-security,Flock Launches Drone as Automated Security for Businesses,sitemap-only,post,200,,https://www.flocksafety.com/blog/flock-safety-launches-flock-aerodome-drone-as-automated-security
/blog/flock-safety-launches-mobile-app-to-revolutionize-patrol-efficiency-and-law-enforcement-fieldwork,Flock Safety Launches Mobile App for Patrol Officers,sitemap-only,post,200,,https://www.flocksafety.com/blog/flock-safety-launches-mobile-app-to-revolutionize-patrol-efficiency-and-law-enforcement-fieldwork
/blog/flock-safety-license-plate-reader-solves-miami-grand-theft-auto-residential-burglary-case,How LPR Cameras Solved a Miami Grand Theft Auto Case,sitemap-only,post,200,,https://www.flocksafety.com/blog/flock-safety-license-plate-reader-solves-miami-grand-theft-auto-residential-burglary-case
/blog/flock-safety-locates-suspects-behind-a-12-million-heist-why-ai-is-revolutionizing-security,$12 Million Heist: How Flock Safety Helped Locate Suspects,sitemap-only,post,200,,https://www.flocksafety.com/blog/flock-safety-locates-suspects-behind-a-12-million-heist-why-ai-is-revolutionizing-security
/blog/flock-safety-lpr-cameras-help-bust-massive-retail-theft-fencing-operation-in-portland,Flock LPR Cameras Help Dismantle Portland Fencing Ring,sitemap-only,post,200,,https://www.flocksafety.com/blog/flock-safety-lpr-cameras-help-bust-massive-retail-theft-fencing-operation-in-portland
/blog/flock-safety-neighborhood-crime-camera-helps-identify-burglary-suspect,Cobb County Neighborhood Camera Identifies Burglary Suspect,sitemap-only,post,200,,https://www.flocksafety.com/blog/flock-safety-neighborhood-crime-camera-helps-identify-burglary-suspect
/blog/flock-safety-nrtcca-foundational-sponsor,Flock Safety Becomes Foundational Sponsor of the NRTCCA,sitemap-only,post,200,,https://www.flocksafety.com/blog/flock-safety-nrtcca-foundational-sponsor
/blog/flock-safety-one-of-built-ins-2024-best-places-to-work,Flock Safety Named a Built In 2024 Best Place to Work,sitemap-only,post,200,,https://www.flocksafety.com/blog/flock-safety-one-of-built-ins-2024-best-places-to-work
/blog/flock-safety-opens-new-boston-office-plans-to-bring-150-jobs-to-the-city,"Flock Safety Opens Boston Office, Adding 150 New Jobs",sitemap-only,post,200,,https://www.flocksafety.com/blog/flock-safety-opens-new-boston-office-plans-to-bring-150-jobs-to-the-city
/blog/flock-safety-pacesetter-award-2022,Flock Safety Named a 2022 Atlanta Pacesetter Award Winner,sitemap-only,post,200,,https://www.flocksafety.com/blog/flock-safety-pacesetter-award-2022
/blog/flock-safety-pacesetter-award-2023,Flock Safety Named a 2023 Atlanta Pacesetter Award Winner,sitemap-only,post,200,,https://www.flocksafety.com/blog/flock-safety-pacesetter-award-2023
/blog/flock-safety-partners-with-blue-eye-to-deliver-next-generation-alert-responding,Flock Safety & Blue Eye Partner on Remote Video Monitoring,sitemap-only,post,200,,https://www.flocksafety.com/blog/flock-safety-partners-with-blue-eye-to-deliver-next-generation-alert-responding
/blog/flock-safety-partners-with-tuskegee-next,Flock Safety Donates $10K to Tuskegee NEXT Aviation Program,sitemap-only,post,200,,https://www.flocksafety.com/blog/flock-safety-partners-with-tuskegee-next
/blog/flock-safety-ranked-number-58-on-2023-deloitte-technology-fast-500,Flock Ranks #58 on Deloitte's 2023 Technology Fast 500,sitemap-only,post,200,,https://www.flocksafety.com/blog/flock-safety-ranked-number-58-on-2023-deloitte-technology-fast-500
/blog/flock-safety-raven-helps-albany-pd-uncover-30-percent-more-gunfire,Flock Raven Audio Detection Uncovers 30% More Gunfire,sitemap-only,post,200,,https://www.flocksafety.com/blog/flock-safety-raven-helps-albany-pd-uncover-30-percent-more-gunfire
/blog/flock-safety-recognized-in-forbes-2024-cloud-100,Flock Safety Named No. 49 on Forbes 2024 Cloud 100,sitemap-only,post,200,,https://www.flocksafety.com/blog/flock-safety-recognized-in-forbes-2024-cloud-100
/blog/flock-safety-recognized-on-2024-deloitte-technology-fast-500-tm,Flock Safety Ranks #89 on 2024 Deloitte Tech Fast 500,sitemap-only,post,200,,https://www.flocksafety.com/blog/flock-safety-recognized-on-2024-deloitte-technology-fast-500-tm
/blog/flock-safety-recognized-on-the-2023-inc-5000,Flock Safety Ranks No. 189 on the 2023 Inc. 5000 List,sitemap-only,post,200,,https://www.flocksafety.com/blog/flock-safety-recognized-on-the-2023-inc-5000
/blog/flock-safety-retrieves-stolen-car-for-victim-what-businesses-can-learn-from-this,Stolen Car Recovered: What Businesses Can Learn From It,sitemap-only,post,200,,https://www.flocksafety.com/blog/flock-safety-retrieves-stolen-car-for-victim-what-businesses-can-learn-from-this
/blog/flock-safety-secures-major-funding,Flock Safety Raises $275M in New Funding at $7.5B Valuation,sitemap-only,post,200,,https://www.flocksafety.com/blog/flock-safety-secures-major-funding
/blog/flock-safety-shares-vision-for-a-safer-future-at-national-anti-human-trafficking-event,Flock Safety Shares Anti-Trafficking Vision at US Forum,sitemap-only,post,200,,https://www.flocksafety.com/blog/flock-safety-shares-vision-for-a-safer-future-at-national-anti-human-trafficking-event
/blog/flock-safety-solved-stories-recap-edition-001,"Solved Stories: 4 Missing Kids Found, Suspects Arrested",sitemap-only,post,200,,https://www.flocksafety.com/blog/flock-safety-solved-stories-recap-edition-001
/blog/flock-safety-solved-stories-recap-edition-002,Flock #SolvedStories 002: Murder Suspect Found Fast,sitemap-only,post,200,,https://www.flocksafety.com/blog/flock-safety-solved-stories-recap-edition-002
/blog/flock-safety-solved-stories-recap-edition-003,#SolvedStories Edition 003: Lafayette Auto Theft Ring,sitemap-only,post,200,,https://www.flocksafety.com/blog/flock-safety-solved-stories-recap-edition-003
/blog/flock-safety-solved-stories-recap-edition-004,#SolvedStories Edition 004: Escaped Inmates Located,sitemap-only,post,200,,https://www.flocksafety.com/blog/flock-safety-solved-stories-recap-edition-004
/blog/flock-safety-solved-stories-recap-edition-005,#SolvedStories Ed. 005: Suspect Found in 22 Minutes,sitemap-only,post,200,,https://www.flocksafety.com/blog/flock-safety-solved-stories-recap-edition-005
/blog/flock-safety-solved-stories-recap-edition-006,"#SolvedStories Ed. 006: Fentanyl Bust, Infant Found Fast",sitemap-only,post,200,,https://www.flocksafety.com/blog/flock-safety-solved-stories-recap-edition-006
/blog/flock-safety-solved-stories-recap-edition-007,Flock #SolvedStories 007: Drug Bust to Bank Robbery,sitemap-only,post,200,,https://www.flocksafety.com/blog/flock-safety-solved-stories-recap-edition-007
/blog/flock-safety-solved-stories-recap-edition-008,Solved Stories Edition 008: 5 Cases Flock Helped Solve,sitemap-only,post,200,,https://www.flocksafety.com/blog/flock-safety-solved-stories-recap-edition-008
/blog/flock-safety-solved-stories-recap-edition-009,License Plate Readers Help Recover $15K in Stolen Goods,sitemap-only,post,200,,https://www.flocksafety.com/blog/flock-safety-solved-stories-recap-edition-009
/blog/flock-safety-solved-stories-recap-edition-010,License Plate Readers Help Solve Road Rage Shooting Fast,sitemap-only,post,200,,https://www.flocksafety.com/blog/flock-safety-solved-stories-recap-edition-010
/blog/flock-safety-solved-stories-recap-edition-011,#SolvedStories Ed. 011: 18-Month Murder Case Solved,sitemap-only,post,200,,https://www.flocksafety.com/blog/flock-safety-solved-stories-recap-edition-011
/blog/flock-safety-solved-stories-recap-edition-012,#SolvedStories Ed. 012: Bank Robbery & Missing Person Case,sitemap-only,post,200,,https://www.flocksafety.com/blog/flock-safety-solved-stories-recap-edition-012
/blog/flock-safety-solved-stories-recap-edition-013,License Plate Readers Help Solve 8 Crimes Nationwide,sitemap-only,post,200,,https://www.flocksafety.com/blog/flock-safety-solved-stories-recap-edition-013
/blog/flock-safety-solved-stories-recap-edition-014,#SolvedStories Edition 014: 59 Arrests with Flock LPR,sitemap-only,post,200,,https://www.flocksafety.com/blog/flock-safety-solved-stories-recap-edition-014
/blog/flock-safety-solved-stories-recap-edition-015,#SolvedStories Edition 015: Identity Theft Ring Arrests,sitemap-only,post,200,,https://www.flocksafety.com/blog/flock-safety-solved-stories-recap-edition-015
/blog/flock-safety-solved-stories-recap-edition-016,#SolvedStories Edition 016: Missing 97-Year-Old Found,sitemap-only,post,200,,https://www.flocksafety.com/blog/flock-safety-solved-stories-recap-edition-016
/blog/flock-safety-solved-stories-recap-edition-017,#SolvedStories Ed. 017: Drug Bust & Carjacking Arrest,sitemap-only,post,200,,https://www.flocksafety.com/blog/flock-safety-solved-stories-recap-edition-017
/blog/flock-safety-solved-stories-recap-edition-018,#SolvedStories Edition 018: Child Reunited After Car Theft,sitemap-only,post,200,,https://www.flocksafety.com/blog/flock-safety-solved-stories-recap-edition-018
/blog/flock-safety-solved-stories-recap-edition-019,Flock #SolvedStories 019: Gary PD's 2-Year Results,sitemap-only,post,200,,https://www.flocksafety.com/blog/flock-safety-solved-stories-recap-edition-019
/blog/flock-safety-solved-stories-recap-edition-020,#SolvedStories Edition 020: Serial Robbery Suspect Held,sitemap-only,post,200,,https://www.flocksafety.com/blog/flock-safety-solved-stories-recap-edition-020
/blog/flock-safety-solved-stories-recap-edition-021,#SolvedStories Edition 021: 7 Crimes Solved with Flock LPR,sitemap-only,post,200,,https://www.flocksafety.com/blog/flock-safety-solved-stories-recap-edition-021
/blog/flock-safety-solved-stories-recap-edition-022,#SolvedStories Edition 022: Baby Found in Stolen Car,sitemap-only,post,200,,https://www.flocksafety.com/blog/flock-safety-solved-stories-recap-edition-022
/blog/flock-safety-solved-stories-recap-edition-024,#SolvedStories | Edition 024,sitemap-only,post,200,,https://www.flocksafety.com/blog/flock-safety-solved-stories-recap-edition-024
/blog/flock-safety-solved-stories-recap-edition-025,#SolvedStories 025: 945 Stolen Vehicle Alerts in a Year,sitemap-only,post,200,,https://www.flocksafety.com/blog/flock-safety-solved-stories-recap-edition-025
/blog/flock-safety-solved-stories-recap-edition-026,Flock #SolvedStories Ed. 026: 50 Stolen Cars Recovered,sitemap-only,post,200,,https://www.flocksafety.com/blog/flock-safety-solved-stories-recap-edition-026
/blog/flock-safety-solved-stories-recap-edition-027,#SolvedStories Edition 027: 28 Vehicles Recovered Fast,sitemap-only,post,200,,https://www.flocksafety.com/blog/flock-safety-solved-stories-recap-edition-027
/blog/flock-safety-solved-stories-recap-edition-028,#SolvedStories Ed. 028: Murder Suspect Arrested in 4 Days,sitemap-only,post,200,,https://www.flocksafety.com/blog/flock-safety-solved-stories-recap-edition-028
/blog/flock-safety-solved-stories-recap-edition-029,License Plate Readers Help Recover 127 Stolen Vehicles,sitemap-only,post,200,,https://www.flocksafety.com/blog/flock-safety-solved-stories-recap-edition-029
/blog/flock-safety-solved-stories-recap-edition-030,Flock #SolvedStories 030: 41 Stolen Vehicles Flagged,sitemap-only,post,200,,https://www.flocksafety.com/blog/flock-safety-solved-stories-recap-edition-030
/blog/flock-safety-solved-stories-recap-edition-031,Flock #SolvedStories Ed. 031: Escaped Inmates Caught,sitemap-only,post,200,,https://www.flocksafety.com/blog/flock-safety-solved-stories-recap-edition-031
/blog/flock-safety-solved-stories-recap-edition-032,#SolvedStories Ed. 032: Yakima PD Solves 11 Homicides,sitemap-only,post,200,,https://www.flocksafety.com/blog/flock-safety-solved-stories-recap-edition-032
/blog/flock-safety-solved-stories-recap-edition-033,#SolvedStories Edition 033: 7 Cases Cracked With Flock,sitemap-only,post,200,,https://www.flocksafety.com/blog/flock-safety-solved-stories-recap-edition-033
/blog/flock-safety-solved-stories-recap-edition-034,Flock #SolvedStories 034: Carjacking Suspect with Baby,sitemap-only,post,200,,https://www.flocksafety.com/blog/flock-safety-solved-stories-recap-edition-034
/blog/flock-safety-solved-stories-recap-edition-035,"#SolvedStories 035: Mail Theft Down 90% in Atherton, CA",sitemap-only,post,200,,https://www.flocksafety.com/blog/flock-safety-solved-stories-recap-edition-035
/blog/flock-safety-solved-stories-recap-edition-037,#SolvedStories Ed. 037: $500K Burglary Crew Identified,sitemap-only,post,200,,https://www.flocksafety.com/blog/flock-safety-solved-stories-recap-edition-037
/blog/flock-safety-solved-stories-recap-edition-038,Flock #SolvedStories 038: Raven Audio Detects Gunfire,sitemap-only,post,200,,https://www.flocksafety.com/blog/flock-safety-solved-stories-recap-edition-038
/blog/flock-safety-solved-stories-recap-edition-039,SolvedStories Ed. 039: Flock Cameras Crack 6 Cases,sitemap-only,post,200,,https://www.flocksafety.com/blog/flock-safety-solved-stories-recap-edition-039
/blog/flock-safety-solved-stories-recap-edition-040,Flock #SolvedStories 040: 70+ Shoplifting Cases Solved,sitemap-only,post,200,,https://www.flocksafety.com/blog/flock-safety-solved-stories-recap-edition-040
/blog/flock-safety-solved-stories-recap-edition-041,#SolvedStories Edition 041: Gunshot Detection at Work,sitemap-only,post,200,,https://www.flocksafety.com/blog/flock-safety-solved-stories-recap-edition-041
/blog/flock-safety-solved-stories-recap-edition-042,6 Crimes Solved with Flock: Solved Stories Edition 42,sitemap-only,post,200,,https://www.flocksafety.com/blog/flock-safety-solved-stories-recap-edition-042
/blog/flock-safety-solved-stories-recap-edition-043,#SolvedStories Edition 043: 6-Month Cold Case Solved,sitemap-only,post,200,,https://www.flocksafety.com/blog/flock-safety-solved-stories-recap-edition-043
/blog/flock-safety-solved-stories-recap-edition-045,"#SolvedStories Ed. 045: 7,000 Stolen Gift Cards Case",sitemap-only,post,200,,https://www.flocksafety.com/blog/flock-safety-solved-stories-recap-edition-045
/blog/flock-safety-solved-stories-recap-edition-046,#SolvedStories Ed. 046: DUI and Assault Arrests in Hours,sitemap-only,post,200,,https://www.flocksafety.com/blog/flock-safety-solved-stories-recap-edition-046
/blog/flock-safety-solved-stories-recap-edition-047,Flock #SolvedStories 047: Armed Robbery Case Solved,sitemap-only,post,200,,https://www.flocksafety.com/blog/flock-safety-solved-stories-recap-edition-047
/blog/flock-safety-solved-stories-recap-edition-048,License Plate Readers Help Solve Double Fatal Shooting,sitemap-only,post,200,,https://www.flocksafety.com/blog/flock-safety-solved-stories-recap-edition-048
/blog/flock-safety-solved-stories-recap-edition-049,#SolvedStories Ed. 049: 3 Alleged Predators Arrested,sitemap-only,post,200,,https://www.flocksafety.com/blog/flock-safety-solved-stories-recap-edition-049
/blog/flock-safety-solved-stories-recap-edition-050,"#SolvedStories Edition 050: Chase Arrest, Gunfire Response",sitemap-only,post,200,,https://www.flocksafety.com/blog/flock-safety-solved-stories-recap-edition-050
/blog/flock-safety-solved-stories-recap-edition-051,#SolvedStories Edition 051: Austin Vehicle Recoveries,sitemap-only,post,200,,https://www.flocksafety.com/blog/flock-safety-solved-stories-recap-edition-051
/blog/flock-safety-solved-stories-recap-edition-052,License Plate Readers Help Locate Multi-State Suspect,sitemap-only,post,200,,https://www.flocksafety.com/blog/flock-safety-solved-stories-recap-edition-052
/blog/flock-safety-solved-stories-recap-edition-053,License Plate Readers Help Arrest 4 Suspects in Milwaukee,sitemap-only,post,200,,https://www.flocksafety.com/blog/flock-safety-solved-stories-recap-edition-053
/blog/flock-safety-solved-stories-recap-edition-054,License Plate Readers Locate Stabbing Suspect in Minutes,sitemap-only,post,200,,https://www.flocksafety.com/blog/flock-safety-solved-stories-recap-edition-054
/blog/flock-safety-solved-stories-recap-edition-055,#SolvedStories Edition 055: Flock LPR Solves 6 Cases,sitemap-only,post,200,,https://www.flocksafety.com/blog/flock-safety-solved-stories-recap-edition-055
/blog/flock-safety-solved-stories-recap-edition-056,#SolvedStories Edition 056: Palm Springs Trafficking Arrest,sitemap-only,post,200,,https://www.flocksafety.com/blog/flock-safety-solved-stories-recap-edition-056
/blog/flock-safety-solved-stories-recap-edition-057,#SolvedStories Ed. 057: 283 Stolen Vehicles Recovered,sitemap-only,post,200,,https://www.flocksafety.com/blog/flock-safety-solved-stories-recap-edition-057
/blog/flock-safety-solved-stories-recap-edition-058,License Plate Readers Help Rescue Kidnapped Child Fast,sitemap-only,post,200,,https://www.flocksafety.com/blog/flock-safety-solved-stories-recap-edition-058
/blog/flock-safety-solved-stories-recap-edition-059,#SolvedStories Ed. 059: $100K Jewelry Theft Arrests,sitemap-only,post,200,,https://www.flocksafety.com/blog/flock-safety-solved-stories-recap-edition-059
/blog/flock-safety-solved-stories-recap-edition-060,#SolvedStories Ed. 060: 170 MPH Chase Ends in Arrest,sitemap-only,post,200,,https://www.flocksafety.com/blog/flock-safety-solved-stories-recap-edition-060
/blog/flock-safety-solved-stories-recap-edition-061,#SolvedStories Edition 061: $1M Felony Warrant Arrest,sitemap-only,post,200,,https://www.flocksafety.com/blog/flock-safety-solved-stories-recap-edition-061
/blog/flock-safety-solved-stories-recap-edition-062,#SolvedStories Ed. 062: $9M Luxury Car Theft Ring Busted,sitemap-only,post,200,,https://www.flocksafety.com/blog/flock-safety-solved-stories-recap-edition-062
/blog/flock-safety-solved-stories-recap-edition-063,License Plate Readers Help Arrest 4 in Stolen Vehicle Case,sitemap-only,post,200,,https://www.flocksafety.com/blog/flock-safety-solved-stories-recap-edition-063
/blog/flock-safety-solved-stories-recap-edition-064,Flock #SolvedStories Ed. 064: Kidnapped Child Recovered,sitemap-only,post,200,,https://www.flocksafety.com/blog/flock-safety-solved-stories-recap-edition-064
/blog/flock-safety-solved-stories-recap-edition-065,#SolvedStories Edition 065: 76 Houston Burglaries Solved,sitemap-only,post,200,,https://www.flocksafety.com/blog/flock-safety-solved-stories-recap-edition-065
/blog/flock-safety-solved-stories-recap-edition-066,"#SolvedStories Ed. 066: Hit-and-Run, Carjacking Arrests",sitemap-only,post,200,,https://www.flocksafety.com/blog/flock-safety-solved-stories-recap-edition-066
/blog/flock-safety-solved-stories-recap-edition-067,#SolvedStories Ed. 067: Double Murder Suspect Arrested,sitemap-only,post,200,,https://www.flocksafety.com/blog/flock-safety-solved-stories-recap-edition-067
/blog/flock-safety-solved-stories-recap-edition-068,Flock #SolvedStories 068: Casino Murder Suspect Held,sitemap-only,post,200,,https://www.flocksafety.com/blog/flock-safety-solved-stories-recap-edition-068
/blog/flock-safety-solved-stories-recap-edition-069,#SolvedStories 069: Denver's 142 Arrests in One Month,sitemap-only,post,200,,https://www.flocksafety.com/blog/flock-safety-solved-stories-recap-edition-069
/blog/flock-safety-solved-stories-recap-edition-070,Flock #SolvedStories 070: 800+ Fentanyl Pills Seized,sitemap-only,post,200,,https://www.flocksafety.com/blog/flock-safety-solved-stories-recap-edition-070
/blog/flock-safety-solved-stories-recap-edition-071,"#SolvedStories 071: 465 Cameras Connected in Emporia, VA",sitemap-only,post,200,,https://www.flocksafety.com/blog/flock-safety-solved-stories-recap-edition-071
/blog/flock-safety-solved-stories-recap-edition-072,Flock #SolvedStories 072: Robbery Suspect Held in an Hour,sitemap-only,post,200,,https://www.flocksafety.com/blog/flock-safety-solved-stories-recap-edition-072
/blog/flock-safety-solved-stories-recap-edition-073,#SolvedStories Ed. 073: Fatal Hit-and-Run Case Solved,sitemap-only,post,200,,https://www.flocksafety.com/blog/flock-safety-solved-stories-recap-edition-073
/blog/flock-safety-solved-stories-recap-edition-074,#SolvedStories Ed. 074: Road Rage Suspect Located at Ferry,sitemap-only,post,200,,https://www.flocksafety.com/blog/flock-safety-solved-stories-recap-edition-074
/blog/flock-safety-solved-stories-recap-edition-075,#SolvedStories 075: A $50K Robbery and 5 More Cases,sitemap-only,post,200,,https://www.flocksafety.com/blog/flock-safety-solved-stories-recap-edition-075
/blog/flock-safety-solved-stories-recap-edition-076,"Flock #SolvedStories Ed. 076: 26% Drop in Crime, Real Cases",sitemap-only,post,200,,https://www.flocksafety.com/blog/flock-safety-solved-stories-recap-edition-076
/blog/flock-safety-solved-stories-recap-edition-077,#SolvedStories Edition 077: Multi-State Vehicle Pursuit,sitemap-only,post,200,,https://www.flocksafety.com/blog/flock-safety-solved-stories-recap-edition-077
/blog/flock-safety-solved-stories-recap-edition-078,#SolvedStories Ed. 078: Pharmacy Theft & Robbery Arrests,sitemap-only,post,200,,https://www.flocksafety.com/blog/flock-safety-solved-stories-recap-edition-078
/blog/flock-safety-solved-stories-recap-edition-079,#SolvedStories Edition 079: 6 Cases Solved With Flock Safety,sitemap-only,post,200,,https://www.flocksafety.com/blog/flock-safety-solved-stories-recap-edition-079
/blog/flock-safety-solved-stories-recap-edition-080,#SolvedStories Ed. 080: Carjacking Solved in 45 Minutes,sitemap-only,post,200,,https://www.flocksafety.com/blog/flock-safety-solved-stories-recap-edition-080
/blog/flock-safety-solved-stories-recap-edition-081,6 Real Crimes Solved with LPR Cameras -- #SolvedStories,sitemap-only,post,200,,https://www.flocksafety.com/blog/flock-safety-solved-stories-recap-edition-081
/blog/flock-safety-solved-stories-recap-edition-082,Flock #SolvedStories 082: Murder Fugitive Found in KY,sitemap-only,post,200,,https://www.flocksafety.com/blog/flock-safety-solved-stories-recap-edition-082
/blog/flock-safety-solved-stories-recap-edition-083,Flock #SolvedStories Ed. 083: Suspect Caught in 13 Hours,sitemap-only,post,200,,https://www.flocksafety.com/blog/flock-safety-solved-stories-recap-edition-083
/blog/flock-safety-solved-stories-recap-edition-084,#SolvedStories Edition 084: $100K Theft Case Solved,sitemap-only,post,200,,https://www.flocksafety.com/blog/flock-safety-solved-stories-recap-edition-084
/blog/flock-safety-solved-stories-recap-edition-085,#SolvedStories Ed. 085: Kidnapped Child Found at Walmart,sitemap-only,post,200,,https://www.flocksafety.com/blog/flock-safety-solved-stories-recap-edition-085
/blog/flock-safety-solved-stories-recap-edition-086,Flock #SolvedStories Ed. 086: 100+ Storage Units Hit,sitemap-only,post,200,,https://www.flocksafety.com/blog/flock-safety-solved-stories-recap-edition-086
/blog/flock-safety-solved-stories-recap-edition-087,SolvedStories Ed. 087: 6 Cases From Murder to Burglary,sitemap-only,post,200,,https://www.flocksafety.com/blog/flock-safety-solved-stories-recap-edition-087
/blog/flock-safety-solved-stories-recap-edition-088,Flock #SolvedStories 088: 6 Crime Cases Across 4 States,sitemap-only,post,200,,https://www.flocksafety.com/blog/flock-safety-solved-stories-recap-edition-088
/blog/flock-safety-solved-stories-recap-edition-089,#SolvedStories 089: Triple Murder Suspects Apprehended,sitemap-only,post,200,,https://www.flocksafety.com/blog/flock-safety-solved-stories-recap-edition-089
/blog/flock-safety-solved-stories-recap-edition-090,#SolvedStories Edition 090: Tulsa's 100% Clearance Rate,sitemap-only,post,200,,https://www.flocksafety.com/blog/flock-safety-solved-stories-recap-edition-090
/blog/flock-safety-solved-stories-recap-edition-091,Flock #SolvedStories Ed. 091: $250K Retail Theft Ring Busted,sitemap-only,post,200,,https://www.flocksafety.com/blog/flock-safety-solved-stories-recap-edition-091
/blog/flock-safety-solved-stories-recap-edition-092,"#SolvedStories Ed. 092: $1M Mail Theft Ring, 11 Cars Stolen",sitemap-only,post,200,,https://www.flocksafety.com/blog/flock-safety-solved-stories-recap-edition-092
/blog/flock-safety-solved-stories-recap-edition-093,"Flock #SolvedStories Ed. 093: 238 Cases, 25+ Arrests in CO",sitemap-only,post,200,,https://www.flocksafety.com/blog/flock-safety-solved-stories-recap-edition-093
/blog/flock-safety-solved-stories-recap-edition-094,Flock #SolvedStories Ed. 094: Missing Child Found in Ohio,sitemap-only,post,200,,https://www.flocksafety.com/blog/flock-safety-solved-stories-recap-edition-094
/blog/flock-safety-solved-stories-recap-edition-095,#SolvedStories Edition 095: 6 Real Cases Flock Helped Solve,sitemap-only,post,200,,https://www.flocksafety.com/blog/flock-safety-solved-stories-recap-edition-095
/blog/flock-safety-solved-stories-recap-edition-096,#SolvedStories Edition 096: 6 Real Cases Flock Helped Solve,sitemap-only,post,200,,https://www.flocksafety.com/blog/flock-safety-solved-stories-recap-edition-096
/blog/flock-safety-solved-stories-recap-edition-098,#SolvedStories Edition 098: 6 Real Cases Flock Helped Solve,sitemap-only,post,200,,https://www.flocksafety.com/blog/flock-safety-solved-stories-recap-edition-098
/blog/flock-safety-solved-stories-recap-edition-099,"Flock Helps Solve 6 Cases, Reunite Missing Persons",sitemap-only,post,200,,https://www.flocksafety.com/blog/flock-safety-solved-stories-recap-edition-099
/blog/flock-safety-solved-stories-recap-edition-100,Solved Stories: How Flock Cameras Helped Solve These Cases,sitemap-only,post,200,,https://www.flocksafety.com/blog/flock-safety-solved-stories-recap-edition-100
/blog/flock-safety-solved-stories-recap-edition-101,Flock LPR Alerts Help Locate 6 Missing People This Week,sitemap-only,post,200,,https://www.flocksafety.com/blog/flock-safety-solved-stories-recap-edition-101
/blog/flock-safety-solved-stories-recap-edition-102,Safety at Speed: 6 Solved Stories From Police Nationwide,sitemap-only,post,200,,https://www.flocksafety.com/blog/flock-safety-solved-stories-recap-edition-102
/blog/flock-safety-solved-stories-recap-edition-103,#SolvedStories: 8 Cases Flock Safety Helped Police Solve,sitemap-only,post,200,,https://www.flocksafety.com/blog/flock-safety-solved-stories-recap-edition-103
/blog/flock-safety-unveils-alpha-drone-as-first-responder-system,Flock Unveils Alpha: A US-Made Drone First Responder,sitemap-only,post,200,,https://www.flocksafety.com/blog/flock-safety-unveils-alpha-drone-as-first-responder-system
/blog/flock-safety-what-are-my-neighborhood-security-options,Neighborhood Security Camera Systems: Best Practices,sitemap-only,post,200,,https://www.flocksafety.com/blog/flock-safety-what-are-my-neighborhood-security-options
/blog/flock-safety-what-happens-in-the-event-of-a-crime,How Flock Safety Footage Gets to Police After a Crime,sitemap-only,post,200,,https://www.flocksafety.com/blog/flock-safety-what-happens-in-the-event-of-a-crime
/blog/flock-safety-what-its-like-to-be-a-flock-customer,What It's Really Like to Be a Flock Safety Customer,sitemap-only,post,200,,https://www.flocksafety.com/blog/flock-safety-what-its-like-to-be-a-flock-customer
/blog/flock-safety-why-does-license-plate-recognition-matter,Why Does License Plate Recognition Matter for Crime?,sitemap-only,post,200,,https://www.flocksafety.com/blog/flock-safety-why-does-license-plate-recognition-matter
/blog/flock-safetys-gun-violence-reduction-plan-a-multi-faceted-approach-to-a-complex-issue,"Flock's Gun Violence Reduction Plan: Raven, Condor, Falcon",sitemap-only,post,200,,https://www.flocksafety.com/blog/flock-safetys-gun-violence-reduction-plan-a-multi-faceted-approach-to-a-complex-issue
/blog/flock-safetys-response-to-illinois-lpr-data-use-and-out-of-state-sharing-concerns,Flock's Response to Illinois LPR Data-Sharing Concerns,sitemap-only,post,200,,https://www.flocksafety.com/blog/flock-safetys-response-to-illinois-lpr-data-use-and-out-of-state-sharing-concerns
/blog/flock-security-testing-bishop-fox-privacy,Why Flock Partners With Bishop Fox for Security Testing,sitemap-only,post,200,,https://www.flocksafety.com/blog/flock-security-testing-bishop-fox-privacy
/blog/flock-solves-homicide-investigation,How a Detective Solved a Homicide Case in 12 Hours,sitemap-only,post,200,,https://www.flocksafety.com/blog/flock-solves-homicide-investigation
/blog/flock-stories-your-voice-a-pinecrest-family-finds-safety-after-the-terror-of-a-home-invasion,“We went to bed knowing they were off the street.”,sitemap-only,post,200,,https://www.flocksafety.com/blog/flock-stories-your-voice-a-pinecrest-family-finds-safety-after-the-terror-of-a-home-invasion
/blog/flock-together-2025-reflecting-on-a-week-of-alignment-and-connection,Flock Together 2025: Inside Flock Safety's Company Week,sitemap-only,post,200,,https://www.flocksafety.com/blog/flock-together-2025-reflecting-on-a-week-of-alignment-and-connection
/blog/flock-together-the-2026-recap,Flock Together: The 2026 Company Kickoff Recap,sitemap-only,post,200,,https://www.flocksafety.com/blog/flock-together-the-2026-recap
/blog/flockos-empowering-tulsas-police-force-with-unprecedented-real-time-intelligence,Tulsa PD's 100% Homicide Clearance Rate with FlockOS,sitemap-only,post,200,,https://www.flocksafety.com/blog/flockos-empowering-tulsas-police-force-with-unprecedented-real-time-intelligence
/blog/flocks-new-podcast-real-time-policing-when-moments-matter,"New Podcast: Real-Time Policing, When Moments Matter",sitemap-only,post,200,,https://www.flocksafety.com/blog/flocks-new-podcast-real-time-policing-when-moments-matter
/blog/fort-worth-police-department-accelerates-emergency-response-with-flock911,Fort Worth PD Speeds 911 Response with Flock911 Live Audio,sitemap-only,post,200,,https://www.flocksafety.com/blog/fort-worth-police-department-accelerates-emergency-response-with-flock911
/blog/fort-worth-police-launch-flock-drone-as-first-responder-program-ahead-of-a-historic-summer-in-north-texas,Fort Worth PD Launches Drone as First Responder Program,sitemap-only,post,200,,https://www.flocksafety.com/blog/fort-worth-police-launch-flock-drone-as-first-responder-program-ahead-of-a-historic-summer-in-north-texas
/blog/four-key-takeaways-from-the-national-retail-federations-2023-retail-security-survey,NRF's 2023 Retail Security Survey: 4 Key Takeaways,sitemap-only,post,200,,https://www.flocksafety.com/blog/four-key-takeaways-from-the-national-retail-federations-2023-retail-security-survey
/blog/from-congestion-to-connection-rethinking-traffic-and-parking-to-improve-daily-life,Rethinking Traffic and Parking to Improve City Life,sitemap-only,post,200,,https://www.flocksafety.com/blog/from-congestion-to-connection-rethinking-traffic-and-parking-to-improve-daily-life
/blog/from-detection-to-coordination-a-new-model-for-law-enforcement-response,From Detection to Coordination: A New Response Model,sitemap-only,post,200,,https://www.flocksafety.com/blog/from-detection-to-coordination-a-new-model-for-law-enforcement-response
/blog/from-flames-to-footage-flock-lpr-cameras-help-locate-arson-suspect,How LPR Footage Helped ID a Walgreens Arson Suspect,sitemap-only,post,200,,https://www.flocksafety.com/blog/from-flames-to-footage-flock-lpr-cameras-help-locate-arson-suspect
/blog/from-intern-to-full-time-building-careers-at-flock-safety,From Intern to Full-Time: Careers at Flock Safety,sitemap-only,post,200,,https://www.flocksafety.com/blog/from-intern-to-full-time-building-careers-at-flock-safety
/blog/from-losses-to-savings-transforming-retail-security-with-lpr,Retail Security: Turn Shrink Losses into Savings with LPR,sitemap-only,post,200,,https://www.flocksafety.com/blog/from-losses-to-savings-transforming-retail-security-with-lpr
/blog/from-lost-to-found-how-alhambra-pds-drone-program-found-a-missing-woman-in-minutes,How a Drone Found a Missing Woman in Minutes | Alhambra PD,sitemap-only,post,200,,https://www.flocksafety.com/blog/from-lost-to-found-how-alhambra-pds-drone-program-found-a-missing-woman-in-minutes
/blog/from-lost-to-found-how-alhambra-pds-drone-program-is-redefining-public-safety,Alhambra PD's Drone Program: From Lost to Found,sitemap-only,post,200,,https://www.flocksafety.com/blog/from-lost-to-found-how-alhambra-pds-drone-program-is-redefining-public-safety
/blog/from-parking-pain-to-public-safety-gain-how-seal-beach-pd-reimagined-parking-with-lpr-technology,Seal Beach PD Cuts Parking Enforcement Costs in Half,sitemap-only,post,200,,https://www.flocksafety.com/blog/from-parking-pain-to-public-safety-gain-how-seal-beach-pd-reimagined-parking-with-lpr-technology
/blog/from-passion-project-to-powerhouse-how-sugarcoat-and-the-thriving-cities-fund-are-shaping-atlantas-future,How Thriving Cities Fund Capital Helped Sugarcoat Expand,sitemap-only,post,200,,https://www.flocksafety.com/blog/from-passion-project-to-powerhouse-how-sugarcoat-and-the-thriving-cities-fund-are-shaping-atlantas-future
/blog/from-pilots-to-purpose-what-state-dots-need-next-to-succeed-with-ai,What State DOTs Need to Move AI Pilots to Real Programs,sitemap-only,post,200,,https://www.flocksafety.com/blog/from-pilots-to-purpose-what-state-dots-need-next-to-succeed-with-ai
/blog/from-the-road-to-resolution-vehicle-data-powers-safer-outcomes,License Plate Reader Cases: 6 Crimes Solved Nationwide,sitemap-only,post,200,,https://www.flocksafety.com/blog/from-the-road-to-resolution-vehicle-data-powers-safer-outcomes
/blog/fulshear-texas-detective-solve-crime,How License Plate Readers Help a 1-Detective Police Dept,sitemap-only,post,200,,https://www.flocksafety.com/blog/fulshear-texas-detective-solve-crime
/blog/future-proof-technology-how-flock-safety-continues-to-evolve-with-public-safety,Flock Safety's Technology: Built to Stay Future-Proof,sitemap-only,post,200,,https://www.flocksafety.com/blog/future-proof-technology-how-flock-safety-continues-to-evolve-with-public-safety
/blog/georgia-hospital-cuts-theft-55-percent,Georgia Hospital Cuts Theft 55% With 6 LPR Cameras,sitemap-only,post,200,,https://www.flocksafety.com/blog/georgia-hospital-cuts-theft-55-percent
/blog/georgia-neighborhood-hands-georgia-neighborhood-hands-car-burglary-evidence-to-police-thanks-to-security-camera-suspect-to-police-thanks-to-security-camera,Sandy Springs Neighborhood Camera Solves Car Break-In,sitemap-only,post,200,,https://www.flocksafety.com/blog/georgia-neighborhood-hands-georgia-neighborhood-hands-car-burglary-evidence-to-police-thanks-to-security-camera-suspect-to-police-thanks-to-security-camera
/blog/getac-and-flock-safety-join-forces-to-enhance-public-safety-solutions-for-law-enforcement,Getac and Flock Safety Join Forces to Enhance Public Safety Solutions for Law Enforcement,sitemap-only,post,200,,https://www.flocksafety.com/blog/getac-and-flock-safety-join-forces-to-enhance-public-safety-solutions-for-law-enforcement
/blog/gun-violence-us-look-like,What Gun Violence in the U.S. Really Looks Like: the Data,sitemap-only,post,200,,https://www.flocksafety.com/blog/gun-violence-us-look-like
/blog/gunshot-detection-and-license-plate-reader-security-alert,Flock Security Alert: Gunshot Detection and LPR Update,sitemap-only,post,200,,https://www.flocksafety.com/blog/gunshot-detection-and-license-plate-reader-security-alert
/blog/gwinnett-and-gateway85cid-install-safety-cameras,Gwinnett's Gateway85 CID Installs 10 Safety Cameras,sitemap-only,post,200,,https://www.flocksafety.com/blog/gwinnett-and-gateway85cid-install-safety-cameras
/blog/gwinnett-county-pd-partners-with-local-business-districts-to-improve-safety-for-everyone,Gwinnett County PD Expands LPR Into Business Districts,sitemap-only,post,200,,https://www.flocksafety.com/blog/gwinnett-county-pd-partners-with-local-business-districts-to-improve-safety-for-everyone
/blog/halloween-safety-13-tips-to-protect-your-family-and-community,Halloween Safety: 13 Tips for Families and Communities,sitemap-only,post,200,,https://www.flocksafety.com/blog/halloween-safety-13-tips-to-protect-your-family-and-community
/blog/hands-off-security-solution-for-property-managers,The Hands-Off Security Fix for Property Managers,sitemap-only,post,200,,https://www.flocksafety.com/blog/hands-off-security-solution-for-property-managers
/blog/has-flock-been-hacked,"Has Flock Been Hacked? No, Here's Flock's Security Record",sitemap-only,post,200,,https://www.flocksafety.com/blog/has-flock-been-hacked
/blog/healthcare-security-strategies-part-1-leveraging-advanced-technology-to-reduce-security-efforts-and-errors,Healthcare Security: Tech to Reduce Workplace Violence,sitemap-only,post,200,,https://www.flocksafety.com/blog/healthcare-security-strategies-part-1-leveraging-advanced-technology-to-reduce-security-efforts-and-errors
/blog/healthcare-security-strategies-part-2-healthcare-security-strategies-part-2-collecting-pertinent-details-with-layered-security-technology,Healthcare Security Part 2: Layered Detection Technology,sitemap-only,post,200,,https://www.flocksafety.com/blog/healthcare-security-strategies-part-2-healthcare-security-strategies-part-2-collecting-pertinent-details-with-layered-security-technology
/blog/healthcare-security-strategies-part-3-use-technology-to-create-overwatch,Healthcare Security: Using Technology to Create Overwatch,sitemap-only,post,200,,https://www.flocksafety.com/blog/healthcare-security-strategies-part-3-use-technology-to-create-overwatch
/blog/healthcare-security-strategies-part-4-better-protect-your-healthcare-campus-with-multiple-layers-of-technology,Healthcare Campus Security: 5 Layers of Protection,sitemap-only,post,200,,https://www.flocksafety.com/blog/healthcare-security-strategies-part-4-better-protect-your-healthcare-campus-with-multiple-layers-of-technology
/blog/healthcare-security-strategies-part-5-prevent-attacks-of-violence-against-your-staff-with-a-virtual-security-perimeter,Protect Hospital Staff with a Virtual Security Perimeter,sitemap-only,post,200,,https://www.flocksafety.com/blog/healthcare-security-strategies-part-5-prevent-attacks-of-violence-against-your-staff-with-a-virtual-security-perimeter
/blog/healthcare-security-strategies-part-6-implement-a-proactive-off-hours-security-plan,Healthcare Security: Build a Proactive Off-Hours Plan,sitemap-only,post,200,,https://www.flocksafety.com/blog/healthcare-security-strategies-part-6-implement-a-proactive-off-hours-security-plan
/blog/healthcare-security-strategies-part-7-safeguard-every-entrance-with-comprehensive-coverage,Healthcare Security: Why Entrance Coverage Matters Most,sitemap-only,post,200,,https://www.flocksafety.com/blog/healthcare-security-strategies-part-7-safeguard-every-entrance-with-comprehensive-coverage
/blog/helping-prevent-crime-with-flock-safetyprevent-crime-with-flock-license-plate-reader-cameras,How License Plate Reader Cameras Deter Neighborhood Crime,sitemap-only,post,200,,https://www.flocksafety.com/blog/helping-prevent-crime-with-flock-safetyprevent-crime-with-flock-license-plate-reader-cameras
/blog/heres-the-data-police-actually-get-from-traditional,What Data Traditional License Plate Readers Collect,sitemap-only,post,200,,https://www.flocksafety.com/blog/heres-the-data-police-actually-get-from-traditional
/blog/hoa-board-member-neighborhood-safety,How One HOA Leader Keeps His Neighborhood Safe as It Grows,sitemap-only,post,200,,https://www.flocksafety.com/blog/hoa-board-member-neighborhood-safety
/blog/hoa-board-members-dont-buy-security-cameras-without-reading-this-first,HOA Board Members: What to Know Before Buying Cameras,sitemap-only,post,200,,https://www.flocksafety.com/blog/hoa-board-members-dont-buy-security-cameras-without-reading-this-first
/blog/hoa-security-license-plate-reader-cameras-reduce-crime,Boosting HOA Security With License Plate Reader Cameras,sitemap-only,post,200,,https://www.flocksafety.com/blog/hoa-security-license-plate-reader-cameras-reduce-crime
/blog/hoa-security-tips,Why Crime Increases During the Holidays & How to Prevent It,sitemap-only,post,200,,https://www.flocksafety.com/blog/hoa-security-tips
/blog/homeowners-associations-are-investing-in-security-cameras-to-monitor-residential-streets,Why HOAs Are Investing in Security Cameras to Deter Crime,sitemap-only,post,200,,https://www.flocksafety.com/blog/homeowners-associations-are-investing-in-security-cameras-to-monitor-residential-streets
/blog/hope-rebuilt-flock-safety-aids-in-bombing-at-healthcare-clinic,Flock Aids Investigation of Palm Springs Clinic Bombing,sitemap-only,post,200,,https://www.flocksafety.com/blog/hope-rebuilt-flock-safety-aids-in-bombing-at-healthcare-clinic
/blog/hospital-campuses-safety,Keeping Patients & Staff Safe on Hospital Campuses,sitemap-only,post,200,,https://www.flocksafety.com/blog/hospital-campuses-safety
/blog/how-a-south-carolina-neighborhood-used-flock-safety-to-catch-a-vandal,West Columbia HOA Solves Vandalism Case With Flock LPR,sitemap-only,post,200,,https://www.flocksafety.com/blog/how-a-south-carolina-neighborhood-used-flock-safety-to-catch-a-vandal
/blog/how-ai-video-search-helps-healthcare-security,How AI Video Search Helps Healthcare Security Teams,sitemap-only,post,200,,https://www.flocksafety.com/blog/how-ai-video-search-helps-healthcare-security
/blog/how-ai-video-search-helps-law-enforcement,Flock FreeForm: AI Video Search for Law Enforcement,sitemap-only,post,200,,https://www.flocksafety.com/blog/how-ai-video-search-helps-law-enforcement
/blog/how-an-automatic-license-plate-recognition-system-works,How an Automatic License Plate Recognition System Works,sitemap-only,post,200,,https://www.flocksafety.com/blog/how-an-automatic-license-plate-recognition-system-works
/blog/how-an-hoa-lpr-camera-helped-identify-a-suspect-in-a-deadly-shooting-spree,HOA Camera Helps Identify Suspect in Shooting Spree,sitemap-only,post,200,,https://www.flocksafety.com/blog/how-an-hoa-lpr-camera-helped-identify-a-suspect-in-a-deadly-shooting-spree
/blog/how-california-neighborhood-caught-footage-of-drive-by-shooting-suspect-1,California Neighborhood Identifies Drive-By Shooting Suspect,sitemap-only,post,200,,https://www.flocksafety.com/blog/how-california-neighborhood-caught-footage-of-drive-by-shooting-suspect-1
/blog/how-can-smarter-technology-help-restore-safety-and-trust-as-the-retail-crime-crisis-deepens,How Smarter Technology Can Help Fight the Retail Crime Crisis,sitemap-only,post,200,,https://www.flocksafety.com/blog/how-can-smarter-technology-help-restore-safety-and-trust-as-the-retail-crime-crisis-deepens
/blog/how-can-your-business-deter-crime-with-technology,How Businesses Can Deter Crime With Security Technology,sitemap-only,post,200,,https://www.flocksafety.com/blog/how-can-your-business-deter-crime-with-technology
/blog/how-communities-can-extend-public-safety-visibility-during-summer,How Communities Can Extend Public Safety Visibility During Summer,sitemap-only,post,200,,https://www.flocksafety.com/blog/how-communities-can-extend-public-safety-visibility-during-summer
/blog/how-community-and-technology-are-shaping-a-safer-future-in-dunwoody-georgia,"Dunwoody, GA: Community and Tech Build a Safer Future",sitemap-only,post,200,,https://www.flocksafety.com/blog/how-community-and-technology-are-shaping-a-safer-future-in-dunwoody-georgia
/blog/how-deputy-chief-dan-kelsos-team-harnesses-lpr-and-audio-detection-for-swift-crime-resolution,Whitehall PD: 600+ Stolen Vehicles Recovered With Flock,sitemap-only,post,200,,https://www.flocksafety.com/blog/how-deputy-chief-dan-kelsos-team-harnesses-lpr-and-audio-detection-for-swift-crime-resolution
/blog/how-do-experts-suggest-reducing-gun-violence,How Experts Suggest Reducing Gun Violence in the U.S.,sitemap-only,post,200,,https://www.flocksafety.com/blog/how-do-experts-suggest-reducing-gun-violence
/blog/how-does-flock-handle-license-plate-data-deletion,How Flock Deletes License Plate Data: 7-day Retention,sitemap-only,post,200,,https://www.flocksafety.com/blog/how-does-flock-handle-license-plate-data-deletion
/blog/how-does-policy-evaluation-shape-new-flock-products,How Policy Evaluation Shapes Every New Flock Product,sitemap-only,post,200,,https://www.flocksafety.com/blog/how-does-policy-evaluation-shape-new-flock-products
/blog/how-does-shared-safety-data-make-neighborhoods-stronger-safer-and-more-connected,How Shared Safety Data Makes Neighborhoods Safer & Connected,sitemap-only,post,200,,https://www.flocksafety.com/blog/how-does-shared-safety-data-make-neighborhoods-stronger-safer-and-more-connected
/blog/how-effective-is-flock,How Effective Is Flock? 2025 Impact Census Results,sitemap-only,post,200,,https://www.flocksafety.com/blog/how-effective-is-flock
/blog/how-flock-aerodome-is-reinventing-public-safety-from-the-sky,How Flock Aerodome Is Reinventing Public Safety From the Sky,sitemap-only,post,200,,https://www.flocksafety.com/blog/how-flock-aerodome-is-reinventing-public-safety-from-the-sky
/blog/how-flock-builds-transparency-into-public-safety-technology,Flock Transparency: How Flock Ensures Accountability | Flock,sitemap-only,post,200,,https://www.flocksafety.com/blog/how-flock-builds-transparency-into-public-safety-technology
/blog/how-flock-helps-address-a-violent-retail-crime-incident,Scottsdale PD Used Live Video During a Retail Stabbing,sitemap-only,post,200,,https://www.flocksafety.com/blog/how-flock-helps-address-a-violent-retail-crime-incident
/blog/how-flock-safety-is-helping-this-neighborhood-prevent-car-break-ins,How a North Carolina Neighborhood Stopped Car Break-Ins,sitemap-only,post,200,,https://www.flocksafety.com/blog/how-flock-safety-is-helping-this-neighborhood-prevent-car-break-ins
/blog/how-flock-safety-is-strengthening-trust-through-transparency-in-illinois,Flock Removes 47 Agencies From Illinois LPR Access,sitemap-only,post,200,,https://www.flocksafety.com/blog/how-flock-safety-is-strengthening-trust-through-transparency-in-illinois
/blog/how-flock-safety-license-plate-readers-helped-police-solve-an-aggravated-assault-case,How License Plate Readers Solved an Aggravated Assault Case,sitemap-only,post,200,,https://www.flocksafety.com/blog/how-flock-safety-license-plate-readers-helped-police-solve-an-aggravated-assault-case
/blog/how-flock-safety-license-plate-readers-keep-parks-safe,How License Plate Readers Help Keep City Parks Safe,sitemap-only,post,200,,https://www.flocksafety.com/blog/how-flock-safety-license-plate-readers-keep-parks-safe
/blog/how-flock-safety-protects-resident-privacy,"Flock Safety: Deterring Crime, Protecting Resident Privacy",sitemap-only,post,200,,https://www.flocksafety.com/blog/how-flock-safety-protects-resident-privacy
/blog/how-flock-safety-stops-crime-in-communities,How Flock Safety Helps Communities Reduce Crime Rates,sitemap-only,post,200,,https://www.flocksafety.com/blog/how-flock-safety-stops-crime-in-communities
/blog/how-flock-safetys-video-team-is-shaping-the-future-of-public-safety,Behind the Lens: Flock Safety's Video Engineering Team,sitemap-only,post,200,,https://www.flocksafety.com/blog/how-flock-safetys-video-team-is-shaping-the-future-of-public-safety
/blog/how-flocks-audio-detection-works,Flock Gunshot Detection: What It Hears and What It Doesn't,sitemap-only,post,200,,https://www.flocksafety.com/blog/how-flocks-audio-detection-works
/blog/how-integrated-policing-platforms-crack-unsolvable-cases,How Integrated Policing Platforms Crack Unsolvable Cases,sitemap-only,post,200,,https://www.flocksafety.com/blog/how-integrated-policing-platforms-crack-unsolvable-cases
/blog/how-lavon-pd-maintains-high-performance-despite-staffing-challenges,How Lavon PD Solves More Cases With Fewer Officers on Staff,sitemap-only,post,200,,https://www.flocksafety.com/blog/how-lavon-pd-maintains-high-performance-despite-staffing-challenges
/blog/how-law-enforcement-agencies-are-funding-modern-technology--without-breaking-the-budget,How Police Departments Fund New Tech Without Overspending,sitemap-only,post,200,,https://www.flocksafety.com/blog/how-law-enforcement-agencies-are-funding-modern-technology--without-breaking-the-budget
/blog/how-licking-heights-local-school-district-levels-up-security-with-flock-safety-falcon-lpr-cameras,Licking Heights Schools Boost Security With LPR Cameras,sitemap-only,post,200,,https://www.flocksafety.com/blog/how-licking-heights-local-school-district-levels-up-security-with-flock-safety-falcon-lpr-cameras
/blog/how-ncmec-and-flock-safety-bring-missing-children-home,How NCMEC and Flock Safety Reunite Missing Children,sitemap-only,post,200,,https://www.flocksafety.com/blog/how-ncmec-and-flock-safety-bring-missing-children-home
/blog/how-one-california-community-came-together-to-advocate-for-a-safer-future,How San Rafael's Canal Neighborhood Funded LPR Cameras,sitemap-only,post,200,,https://www.flocksafety.com/blog/how-one-california-community-came-together-to-advocate-for-a-safer-future
/blog/how-one-police-department-built-community-engagement-around-license-plate-readers,How Marietta PD Built Trust Around License Plate Readers,sitemap-only,post,200,,https://www.flocksafety.com/blog/how-one-police-department-built-community-engagement-around-license-plate-readers
/blog/how-police-work-with-private-communities-to-serve-public,How Police Partner With Communities to Solve Crime,sitemap-only,post,200,,https://www.flocksafety.com/blog/how-police-work-with-private-communities-to-serve-public
/blog/how-porterville-pd-transformed-digital-investigations-with-flock-nova-osint,Porterville PD Cuts Investigation Time With Flock Nova,sitemap-only,post,200,,https://www.flocksafety.com/blog/how-porterville-pd-transformed-digital-investigations-with-flock-nova-osint
/blog/how-property-managers-can-demonstrate-their-value-to-residents,How Property Managers Can Prove Their Value to Residents,sitemap-only,post,200,,https://www.flocksafety.com/blog/how-property-managers-can-demonstrate-their-value-to-residents
/blog/how-residents-appreciate-hoas-that-work-proactively,3 Ways HOA Boards Earn Resident Trust and Appreciation,sitemap-only,post,200,,https://www.flocksafety.com/blog/how-residents-appreciate-hoas-that-work-proactively
/blog/how-san-jose-california-is-utilizing-technology-to-solve-more-crime-and-shape-a-safer-community,How San Jose Uses License Plate Cameras to Solve More Crime,sitemap-only,post,200,,https://www.flocksafety.com/blog/how-san-jose-california-is-utilizing-technology-to-solve-more-crime-and-shape-a-safer-community
/blog/how-scottsdale-pd-is-redefining-response-dfr-transparency-and-tech-in-action,"Scottsdale PD's Drone First Responder Program, Explained",sitemap-only,post,200,,https://www.flocksafety.com/blog/how-scottsdale-pd-is-redefining-response-dfr-transparency-and-tech-in-action
/blog/how-tariffs-may-impact-supply-chains-security,How Tariffs Impact Supply Chains and Security Risk,sitemap-only,post,200,,https://www.flocksafety.com/blog/how-tariffs-may-impact-supply-chains-security
/blog/how-the-city-of-brookhaven-is-leveraging-a-suite-of-technology-to-promote-community-safety,"How Brookhaven, GA Uses Drones and LPR to Fight Crime",sitemap-only,post,200,,https://www.flocksafety.com/blog/how-the-city-of-brookhaven-is-leveraging-a-suite-of-technology-to-promote-community-safety
/blog/how-the-fort-worth-police-department-is-continually-innovating-real-time-policing,How Fort Worth PD Built Its Real-Time Crime Center,sitemap-only,post,200,,https://www.flocksafety.com/blog/how-the-fort-worth-police-department-is-continually-innovating-real-time-policing
/blog/how-the-safe-list-solves-privacy-concerns-in-a-neighborhood,How Flock's SafeList Removes Your Car From Camera Searches,sitemap-only,post,200,,https://www.flocksafety.com/blog/how-the-safe-list-solves-privacy-concerns-in-a-neighborhood
/blog/how-the-university-of-iowa-transformed-campus-safety-with-an-lpr-perimeter,University of Iowa's 28-Camera License Plate Perimeter,sitemap-only,post,200,,https://www.flocksafety.com/blog/how-the-university-of-iowa-transformed-campus-safety-with-an-lpr-perimeter
/blog/how-this-property-manager-sleeps-better-with-neighborhood-security-cameras,How LPR Cameras Help This Florida Property Manager,sitemap-only,post,200,,https://www.flocksafety.com/blog/how-this-property-manager-sleeps-better-with-neighborhood-security-cameras
/blog/how-to-be-proactive-against-crime,Proactive Crime Prevention: How Hot List Alerts Work,sitemap-only,post,200,,https://www.flocksafety.com/blog/how-to-be-proactive-against-crime
/blog/how-to-break-the-cycle-of-recurring-safety-concerns-and-property-damage-at-your-parks,How to Break the Cycle of Recurring Safety Concerns and Property Damage at Your Parks,sitemap-only,post,200,,https://www.flocksafety.com/blog/how-to-break-the-cycle-of-recurring-safety-concerns-and-property-damage-at-your-parks
/blog/how-to-build-a-dfr-program-for-smaller-agencies,How Smaller Police Agencies Can Build a DFR Program,sitemap-only,post,200,,https://www.flocksafety.com/blog/how-to-build-a-dfr-program-for-smaller-agencies
/blog/how-to-choose-a-mobile-security-trailer,How to Choose the Right Mobile Security Trailer,sitemap-only,post,200,,https://www.flocksafety.com/blog/how-to-choose-a-mobile-security-trailer
/blog/how-to-fund-a-license-plate-reader-lpr-program-in-2026-7-funding-sources-police-agencies-are-using,How to Fund a License Plate Reader (LPR) Program in 2026,sitemap-only,post,200,,https://www.flocksafety.com/blog/how-to-fund-a-license-plate-reader-lpr-program-in-2026-7-funding-sources-police-agencies-are-using
/blog/how-to-get-ahead-of-retail-crime-this-holiday-season-with-a-stronger-law-enforcement-partnership,How to Stop Holiday Retail Theft with Police Partnerships,sitemap-only,post,200,,https://www.flocksafety.com/blog/how-to-get-ahead-of-retail-crime-this-holiday-season-with-a-stronger-law-enforcement-partnership
/blog/how-to-handle-a-robbery-in-the-workplace,How To Handle a Robbery in the Workplace: A Safety Guide,sitemap-only,post,200,,https://www.flocksafety.com/blog/how-to-handle-a-robbery-in-the-workplace
/blog/how-to-implement-a-3-step-approach-to-safer-neighborhoods,3 Steps to a Safer Neighborhood: Home to Community,sitemap-only,post,200,,https://www.flocksafety.com/blog/how-to-implement-a-3-step-approach-to-safer-neighborhoods
/blog/how-to-improve-retail-security-with-mobile-solutions,How Mobile Security Trailers Improve Retail Security,sitemap-only,post,200,,https://www.flocksafety.com/blog/how-to-improve-retail-security-with-mobile-solutions
/blog/how-to-maintain-customer-safety-in-retail-stores,How to Maintain Customer Safety in Retail Stores: 5 Tips,sitemap-only,post,200,,https://www.flocksafety.com/blog/how-to-maintain-customer-safety-in-retail-stores
/blog/how-to-mitigate-organized-retail-crime,37% of Retail Shrink Is External Theft: How to Fight ORC,sitemap-only,post,200,,https://www.flocksafety.com/blog/how-to-mitigate-organized-retail-crime
/blog/how-to-prevent-employee-theft-in-retail,How To Prevent and Detect Employee Theft in Retail Stores,sitemap-only,post,200,,https://www.flocksafety.com/blog/how-to-prevent-employee-theft-in-retail
/blog/how-to-prevent-shoplifting-in-supermarkets,5 Effective Ways To Prevent Shoplifting in Supermarkets,sitemap-only,post,200,,https://www.flocksafety.com/blog/how-to-prevent-shoplifting-in-supermarkets
/blog/how-to-prevent-shrinkage-in-retail,6 Effective Methods To Prevent Shrinkage in Retail,sitemap-only,post,200,,https://www.flocksafety.com/blog/how-to-prevent-shrinkage-in-retail
/blog/how-to-prevent-theft-in-retail-store,What Are the Best Strategies To Prevent Retail Theft?,sitemap-only,post,200,,https://www.flocksafety.com/blog/how-to-prevent-theft-in-retail-store
/blog/how-to-solve-crime-without-a-license-plate,How to Find a Car Without a License Plate Number | Flock,sitemap-only,post,200,,https://www.flocksafety.com/blog/how-to-solve-crime-without-a-license-plate
/blog/how-to-use-technology-to-maximize-an-understaffed-department,"""Agencies are losing officers faster than they can hire new ones"" – How to Use Technology to Maximize an Understaffed Department",sitemap-only,post,200,,https://www.flocksafety.com/blog/how-to-use-technology-to-maximize-an-understaffed-department
/blog/how-vehicle-intelligence-helped-recover-a-kidnapped-child,How Vehicle Intelligence Helped Recover a Kidnapped Child,sitemap-only,post,200,,https://www.flocksafety.com/blog/how-vehicle-intelligence-helped-recover-a-kidnapped-child
/blog/how-wynter-lii-turned-setbacks-into-growth-with-the-support-of-the-thriving-cities-fund,How Flock's Thriving Cities Fund Saved Mobay Spice,sitemap-only,post,200,,https://www.flocksafety.com/blog/how-wynter-lii-turned-setbacks-into-growth-with-the-support-of-the-thriving-cities-fund
/blog/illegal-dumping-costs-more-than-you-think,Illegal Dumping Costs More Than You Think - Here's Why,sitemap-only,post,200,,https://www.flocksafety.com/blog/illegal-dumping-costs-more-than-you-think
/blog/illegal-dumping-flock-safetys-solutions-for-businesses,How Businesses Can Stop Illegal Dumping With LPR Cameras,sitemap-only,post,200,,https://www.flocksafety.com/blog/illegal-dumping-flock-safetys-solutions-for-businesses
/blog/im-an-individual-homeowner-and-i-want-security-coverage,How Individual Homeowners Can Get Security Coverage,sitemap-only,post,200,,https://www.flocksafety.com/blog/im-an-individual-homeowner-and-i-want-security-coverage
/blog/improvement-district-success-story,Gwinnett CIDs Recover $1.47M in Stolen Vehicles in 2021,sitemap-only,post,200,,https://www.flocksafety.com/blog/improvement-district-success-story
/blog/independent-grand-jury-report-highlights-flocks-commitment-to-responsible-alpr-technology-through-product-design-and-safeguards,Independent Grand Jury Report Highlights Flock's Commitment to Responsible ALPR,sitemap-only,post,200,,https://www.flocksafety.com/blog/independent-grand-jury-report-highlights-flocks-commitment-to-responsible-alpr-technology-through-product-design-and-safeguards
/blog/independent-study-vehicle-thefts-fell-11-after-flock-cameras-went-live,Independent Study: Vehicle Thefts Fell 11% After Flock Cameras Went Live,sitemap-only,post,200,,https://www.flocksafety.com/blog/independent-study-vehicle-thefts-fell-11-after-flock-cameras-went-live
/blog/infographic-fighting-orc-with-flock-safety,Fighting Organized Retail Crime (ORC) With Flock Safety,sitemap-only,post,200,,https://www.flocksafety.com/blog/infographic-fighting-orc-with-flock-safety
/blog/inside-fairfield-pds-real-time-crime-strategy-with-lt-nick-lt-mcdowell,Inside Fairfield PD's Real-Time Crime Center Strategy,sitemap-only,post,200,,https://www.flocksafety.com/blog/inside-fairfield-pds-real-time-crime-strategy-with-lt-nick-lt-mcdowell
/blog/inside-flocks-boston-office,Inside Flock Safety's Boston Office: Culture & Collaboration,sitemap-only,post,200,,https://www.flocksafety.com/blog/inside-flocks-boston-office
/blog/inside-flocks-top-gun-program,Inside Flock's Top Gun Sales Leadership Program,sitemap-only,post,200,,https://www.flocksafety.com/blog/inside-flocks-top-gun-program
/blog/inside-new-orleans-real-time-crime-center-a-model-of-resilience-innovation-and-public-safety,Inside New Orleans' Real-Time Crime Center Model,sitemap-only,post,200,,https://www.flocksafety.com/blog/inside-new-orleans-real-time-crime-center-a-model-of-resilience-innovation-and-public-safety
/blog/inside-scottsdales-real-time-crime-center-a-model-of-modern-policing,Inside Scottsdale's Real-Time Crime Center: A Policing Model,sitemap-only,post,200,,https://www.flocksafety.com/blog/inside-scottsdales-real-time-crime-center-a-model-of-modern-policing
/blog/installing-a-flock-safety-camera,What to Expect When You Become a Flock Safety Customer,sitemap-only,post,200,,https://www.flocksafety.com/blog/installing-a-flock-safety-camera
/blog/internal-theft-vs-external-theft-in-retail,Internal vs. External Theft: What Retailers Need To Know,sitemap-only,post,200,,https://www.flocksafety.com/blog/internal-theft-vs-external-theft-in-retail
/blog/intown-suites-boosted-guest-safety-expansion-followed-flock-safety,InTown Suites Boosts Guest Safety with License Plate Cameras,sitemap-only,post,200,,https://www.flocksafety.com/blog/intown-suites-boosted-guest-safety-expansion-followed-flock-safety
/blog/introducing-birds-of-a-feather-casey-flock-safety,Birds of a Feather: Meet Casey Howse of Flock Safety,sitemap-only,post,200,,https://www.flocksafety.com/blog/introducing-birds-of-a-feather-casey-flock-safety
/blog/introducing-law-enforcement-network,Flock's National LPR Network: How Agencies Share Leads,sitemap-only,post,200,,https://www.flocksafety.com/blog/introducing-law-enforcement-network
/blog/introducing-the-flock-safety-lpr-trailer,Introducing the Flock Safety LPR Trailer: How It Works,sitemap-only,post,200,,https://www.flocksafety.com/blog/introducing-the-flock-safety-lpr-trailer
/blog/irondale-police-using-new-technology-to-fight-property-crime,Irondale Police Fight Property Crime with Flock Cameras,sitemap-only,post,200,,https://www.flocksafety.com/blog/irondale-police-using-new-technology-to-fight-property-crime
/blog/is-your-unit-safe-11-apartment-safety-tips-for-renters,11 Apartment Safety Tips Every Renter Should Know,sitemap-only,post,200,,https://www.flocksafety.com/blog/is-your-unit-safe-11-apartment-safety-tips-for-renters
/blog/jon-mcbride-joins-flock-safety,Jon McBride Joins Flock Safety's Drone First Responder Team,sitemap-only,post,200,,https://www.flocksafety.com/blog/jon-mcbride-joins-flock-safety
/blog/keep-gifts-safe-from-porch-pirates-holiday-season,How to Keep Gifts Safe From Porch Pirates This Season,sitemap-only,post,200,,https://www.flocksafety.com/blog/keep-gifts-safe-from-porch-pirates-holiday-season
/blog/keeping-our-customers-in-control,Flock Safety: Customers Own and Control Their Data,sitemap-only,post,200,,https://www.flocksafety.com/blog/keeping-our-customers-in-control
/blog/keys-to-leverage-your-community-to-solve-crime,How to Build Community Trust to Help Solve Crime,sitemap-only,post,200,,https://www.flocksafety.com/blog/keys-to-leverage-your-community-to-solve-crime
/blog/knowing-where-to-look-officers-use-smart-signals-to-make-cities-safer,How Officers Use LPR Data to Know Where to Look Next,sitemap-only,post,200,,https://www.flocksafety.com/blog/knowing-where-to-look-officers-use-smart-signals-to-make-cities-safer
/blog/lagrange-to-add-cameras-for-neighborhood-security,LaGrange Launches Citywide License Plate Camera Pilot,sitemap-only,post,200,,https://www.flocksafety.com/blog/lagrange-to-add-cameras-for-neighborhood-security
/blog/law-enforcement-drone-policy,Law Enforcement Drone Policy: Building Community Trust,sitemap-only,post,200,,https://www.flocksafety.com/blog/law-enforcement-drone-policy
/blog/law-enforcement-drones,How Law Enforcement Drones Cut Response Times to Seconds,sitemap-only,post,200,,https://www.flocksafety.com/blog/law-enforcement-drones
/blog/law-enforcement-leaders-choose-lpr,4 Reasons Police Leaders Trust License Plate Readers,sitemap-only,post,200,,https://www.flocksafety.com/blog/law-enforcement-leaders-choose-lpr
/blog/law-enforcement-uses-flock-lpr-cameras-to-make-arrest-after-bomb-threat-targeting-coachella-festival,Flock LPR Cameras Help Police Solve Coachella Bomb Threat,sitemap-only,post,200,,https://www.flocksafety.com/blog/law-enforcement-uses-flock-lpr-cameras-to-make-arrest-after-bomb-threat-targeting-coachella-festival
/blog/layering-technology-for-comprehensive-healthcare-security,Layering Security Technology to Protect Healthcare Staff,sitemap-only,post,200,,https://www.flocksafety.com/blog/layering-technology-for-comprehensive-healthcare-security
/blog/lessons-from-flocks-leadership-panel,Women's History Month: Lessons from Flock's Leaders,sitemap-only,post,200,,https://www.flocksafety.com/blog/lessons-from-flocks-leadership-panel
/blog/lessons-from-isc-west-responsible-technology-and-the-rise-of-dfr,ISC West 2026: 5 Principles for Responsible DFR Programs,sitemap-only,post,200,,https://www.flocksafety.com/blog/lessons-from-isc-west-responsible-technology-and-the-rise-of-dfr
/blog/lessons-from-nrtccas-california-summit,Key Takeaways From NRTCCA's 2026 California Summit,sitemap-only,post,200,,https://www.flocksafety.com/blog/lessons-from-nrtccas-california-summit
/blog/leveraging-advanced-technologies-to-proactively-prevent,Healthcare Security: Stop Violence Before It Reaches Staff,sitemap-only,post,200,,https://www.flocksafety.com/blog/leveraging-advanced-technologies-to-proactively-prevent
/blog/leveraging-ai-powered-technology-to-keep-employees-safe,How AI-Powered Technology Helps Keep Employees Safe,sitemap-only,post,200,,https://www.flocksafety.com/blog/leveraging-ai-powered-technology-to-keep-employees-safe
/blog/leveraging-flock-safety-technology-as-force-multiplier-in-field,Redlands PD Captured a Plate in Under a Minute,sitemap-only,post,200,,https://www.flocksafety.com/blog/leveraging-flock-safety-technology-as-force-multiplier-in-field
/blog/leveraging-technology-to-strengthen-inter-agency-collaboration-and-address-crime-in-albany,Albany PD: Inter-Agency Collaboration Cuts Crime Fast,sitemap-only,post,200,,https://www.flocksafety.com/blog/leveraging-technology-to-strengthen-inter-agency-collaboration-and-address-crime-in-albany
/blog/license-plate-reader-camera-improvement-districts,How LPR Cameras Help Improvement Districts Fight Crime,sitemap-only,post,200,,https://www.flocksafety.com/blog/license-plate-reader-camera-improvement-districts
/blog/license-plate-reader-camera-retail-crime,How License Plate Readers Fight Retail Crime Now,sitemap-only,post,200,,https://www.flocksafety.com/blog/license-plate-reader-camera-retail-crime
/blog/license-plate-reader-camera-school-safety,License Plate Reader Cameras: The Future of School Safety,sitemap-only,post,200,,https://www.flocksafety.com/blog/license-plate-reader-camera-school-safety
/blog/license-plate-reader-cameras-construction-crime,License Plate Reader Cameras Cut Job Site Theft Costs,sitemap-only,post,200,,https://www.flocksafety.com/blog/license-plate-reader-cameras-construction-crime
/blog/license-plate-reader-deployment-strategy,What Is the Right LPR Deployment Strategy for My City?,sitemap-only,post,200,,https://www.flocksafety.com/blog/license-plate-reader-deployment-strategy
/blog/license-plate-reader-improvement-districts,LPR Cameras Cut Crime in Community Improvement Districts,sitemap-only,post,200,,https://www.flocksafety.com/blog/license-plate-reader-improvement-districts
/blog/license-plate-readers-contribute-mariettas-falling-crime-rate,Marietta Neighborhoods With LPR Saw Crime Drop 34%,sitemap-only,post,200,,https://www.flocksafety.com/blog/license-plate-readers-contribute-mariettas-falling-crime-rate
/blog/license-plate-readers-in-fort-mill-neighborhood-installed-to-deter-crime,Fort Mill Neighborhood Deters Crime With LPR Cameras,sitemap-only,post,200,,https://www.flocksafety.com/blog/license-plate-readers-in-fort-mill-neighborhood-installed-to-deter-crime
/blog/license-plate-recognition-cameras-to-be-placed-in-jersey-village,Jersey Village PD Adds 48 License Plate Reader Cameras,sitemap-only,post,200,,https://www.flocksafety.com/blog/license-plate-recognition-cameras-to-be-placed-in-jersey-village
/blog/local-neighborhoods-deploying-new-technology-to-catch-criminals,Neighborhoods Use License Plate Cameras to Deter Crime,sitemap-only,post,200,,https://www.flocksafety.com/blog/local-neighborhoods-deploying-new-technology-to-catch-criminals
/blog/local-neighborhoods-hoping-to-help-solve-crime-with-license-plate-reading-cameras,Duluth Neighborhoods Add License Plate Reading Cameras,sitemap-only,post,200,,https://www.flocksafety.com/blog/local-neighborhoods-hoping-to-help-solve-crime-with-license-plate-reading-cameras
/blog/loss-prevention-strategies-in-retail,What Are the Best Retail Loss Prevention Strategies?,sitemap-only,post,200,,https://www.flocksafety.com/blog/loss-prevention-strategies-in-retail
/blog/loss-prevention-technology,Essential Loss Prevention Technology for Today's Stores,sitemap-only,post,200,,https://www.flocksafety.com/blog/loss-prevention-technology
/blog/lpr-alert-management,LPR Alert Management: How Agencies Reduce Noise Fast,sitemap-only,post,200,,https://www.flocksafety.com/blog/lpr-alert-management
/blog/lpr-camera-4-cases-solved,4 Real Cases Solved With Flock License Plate Readers,sitemap-only,post,200,,https://www.flocksafety.com/blog/lpr-camera-4-cases-solved
/blog/lpr-camera-catalytic-converter,How to Prevent Catalytic Converter Theft From Cars,sitemap-only,post,200,,https://www.flocksafety.com/blog/lpr-camera-catalytic-converter
/blog/lpr-camera-deconfliction,LPR Camera Deconfliction: How Agencies Coordinate Cases,sitemap-only,post,200,,https://www.flocksafety.com/blog/lpr-camera-deconfliction
/blog/lpr-camera-rtcc-affordable,Real-Time Crime Centers Are More Affordable Than You Think,sitemap-only,post,200,,https://www.flocksafety.com/blog/lpr-camera-rtcc-affordable
/blog/lpr-camera-rtcc-internal-intelligence-sharing,Best Practices for RTCCs to Share Internal Intelligence,sitemap-only,post,200,,https://www.flocksafety.com/blog/lpr-camera-rtcc-internal-intelligence-sharing
/blog/lpr-cameras-construction-site-theft,How License Plate Readers Cut Construction Site Theft,sitemap-only,post,200,,https://www.flocksafety.com/blog/lpr-cameras-construction-site-theft
/blog/lpr-cameras-for-law-enforcement,How Police Use LPR Cameras for Real-Time Crime Solving,sitemap-only,post,200,,https://www.flocksafety.com/blog/lpr-cameras-for-law-enforcement
/blog/lpr-for-police-provides-community-wide-coverage-flock-safety-falcon,Falcon LPR Cameras Give Police True City-Wide Coverage,sitemap-only,post,200,,https://www.flocksafety.com/blog/lpr-for-police-provides-community-wide-coverage-flock-safety-falcon
/blog/lpr-vs-video-cameras-why-your-business-needs-dedicated-license-plate-recognition,License Plate Readers vs. Video Cameras: What Businesses Need,sitemap-only,post,200,,https://www.flocksafety.com/blog/lpr-vs-video-cameras-why-your-business-needs-dedicated-license-plate-recognition
/blog/mail-theft-deterred-indianapolis,Indianapolis Neighborhood Goes a Year Without Mail Theft,sitemap-only,post,200,,https://www.flocksafety.com/blog/mail-theft-deterred-indianapolis
/blog/marietta-assault-suspect-caught-by-license-plate-reader,License Plate Reader Leads to Marietta Assault Arrest,sitemap-only,post,200,,https://www.flocksafety.com/blog/marietta-assault-suspect-caught-by-license-plate-reader
/blog/marietta-police-credit-license-plate-reader-for-arrest-of-alleged-domestic-offender,Marietta Police Credit LPR for Domestic Assault Arrest,sitemap-only,post,200,,https://www.flocksafety.com/blog/marietta-police-credit-license-plate-reader-for-arrest-of-alleged-domestic-offender
/blog/marietta-wants-to-buy-license-plate-readers-after-successful-trial-run,Marietta PD Expands License Plate Readers After Crime Drop,sitemap-only,post,200,,https://www.flocksafety.com/blog/marietta-wants-to-buy-license-plate-readers-after-successful-trial-run
/blog/meet-the-flock-ashley-marie-r,"Meet Ashley Marie R., Flock Safety's Fleet Manager",sitemap-only,post,200,,https://www.flocksafety.com/blog/meet-the-flock-ashley-marie-r
/blog/meet-the-flock-ashley-s-customer-success-manager,"Meet Ashley, a Flock Safety Customer Success Manager",sitemap-only,post,200,,https://www.flocksafety.com/blog/meet-the-flock-ashley-s-customer-success-manager
/blog/meet-the-flock-darien-w,Meet the Flock: Darien Watson on Project Management,sitemap-only,post,200,,https://www.flocksafety.com/blog/meet-the-flock-darien-w
/blog/meet-the-flock-esther-r,"Meet the Flock: Esther R., a Flock Safety Product Manager",sitemap-only,post,200,,https://www.flocksafety.com/blog/meet-the-flock-esther-r
/blog/meet-the-flock-ifedayo-j,"Meet the Flock: Ifedayo J., Associate Counsel at Flock",sitemap-only,post,200,,https://www.flocksafety.com/blog/meet-the-flock-ifedayo-j
/blog/meet-the-flock-lois-a,"Meet the Flock: Lois A., Revenue Enablement Manager",sitemap-only,post,200,,https://www.flocksafety.com/blog/meet-the-flock-lois-a
/blog/meet-the-flock-mary-h,"Meet the Flock: Mary H., Software Engineer III, ML",sitemap-only,post,200,,https://www.flocksafety.com/blog/meet-the-flock-mary-h
/blog/meet-the-flock-megan-p,"Meet the Flock: Megan P., Product Manager, Operations",sitemap-only,post,200,,https://www.flocksafety.com/blog/meet-the-flock-megan-p
/blog/meet-the-flock-stephen-j,"Meet the Flock: Stephen J., Customer Success Manager",sitemap-only,post,200,,https://www.flocksafety.com/blog/meet-the-flock-stephen-j
/blog/meet-the-flock-taylor-t-employee-experience-specialist,Meet Taylor T.: Flock's Employee Experience Specialist,sitemap-only,post,200,,https://www.flocksafety.com/blog/meet-the-flock-taylor-t-employee-experience-specialist
/blog/meet-the-flock-tim-s,"Meet the Flock: Tim Shinevare, IT Support Analyst",sitemap-only,post,200,,https://www.flocksafety.com/blog/meet-the-flock-tim-s
/blog/meet-the-new-neighborhood-watch,Meet the New Neighborhood Watch: License Plate Cameras,sitemap-only,post,200,,https://www.flocksafety.com/blog/meet-the-new-neighborhood-watch
/blog/meet-the-new-neighborhood-watch-1,License Plate Readers: A New Safety Tool for City Parks,sitemap-only,post,200,,https://www.flocksafety.com/blog/meet-the-new-neighborhood-watch-1
/blog/megan-adcock-birds-of-a-feather,Birds of a Feather: Meet Megan Adcock in Atlanta,sitemap-only,post,200,,https://www.flocksafety.com/blog/megan-adcock-birds-of-a-feather
/blog/memphis-city-government-safety,Why This Memphis-Area Commissioner Champions Flock,sitemap-only,post,200,,https://www.flocksafety.com/blog/memphis-city-government-safety
/blog/metro-atlanta-hotel-installs-license-plate-readers,InTown Suites Adds License Plate Readers Metro-Wide,sitemap-only,post,200,,https://www.flocksafety.com/blog/metro-atlanta-hotel-installs-license-plate-readers
/blog/mobile-security-camera-trailer-benefits,Mobile Security Camera Trailers: Key Benefits by Site,sitemap-only,post,200,,https://www.flocksafety.com/blog/mobile-security-camera-trailer-benefits
/blog/mobile-security-trailer-cost-to-lease-vs-buy,Mobile Security Trailers: Lease or Buy? Cost Breakdown,sitemap-only,post,200,,https://www.flocksafety.com/blog/mobile-security-trailer-cost-to-lease-vs-buy
/blog/mobile-security-trailer-for-law-enforcement,Mobile Security Trailers: A Force Multiplier for Police,sitemap-only,post,200,,https://www.flocksafety.com/blog/mobile-security-trailer-for-law-enforcement
/blog/mobile-security-trailers-for-parking-lots,Mobile Security Trailers: A Smart Fix for Parking Lots,sitemap-only,post,200,,https://www.flocksafety.com/blog/mobile-security-trailers-for-parking-lots
/blog/modern-safety-solutions-for-places-of-worship,Places of Worship Security: Modern Safety Solutions,sitemap-only,post,200,,https://www.flocksafety.com/blog/modern-safety-solutions-for-places-of-worship
/blog/more-license-plate-reading-cameras-coming-to-marietta,More License Plate Reading Cameras Coming to Marietta,sitemap-only,post,200,,https://www.flocksafety.com/blog/more-license-plate-reading-cameras-coming-to-marietta
/blog/morgan-hill-pd-solves-aggravated-assault,Morgan Hill PD Solves Assault With Raven & Falcon Tech,sitemap-only,post,200,,https://www.flocksafety.com/blog/morgan-hill-pd-solves-aggravated-assault
/blog/most-common-type-of-workplace-violence,4 Common Types of Workplace Violence and How to Prevent Them,sitemap-only,post,200,,https://www.flocksafety.com/blog/most-common-type-of-workplace-violence
/blog/mpd-announces-new-smile-program,Marietta Police Launch SMILE Camera Registry Program,sitemap-only,post,200,,https://www.flocksafety.com/blog/mpd-announces-new-smile-program
/blog/mustang-pd-thwarts-local-business-robbery-using-flock-lpr,Mustang PD Solved a Burglary in Under 3.5 Hours,sitemap-only,post,200,,https://www.flocksafety.com/blog/mustang-pd-thwarts-local-business-robbery-using-flock-lpr
/blog/nashville-community-activists-neighborhood-crime,Nashville Neighbors Fight Crime With License Plate Readers,sitemap-only,post,200,,https://www.flocksafety.com/blog/nashville-community-activists-neighborhood-crime
/blog/nationwide-coalition-unites-in-operation-coast-to-coast-to-combat-human-trafficking,Operation Coast to Coast: 70 Trafficking Victims Recovered,sitemap-only,post,200,,https://www.flocksafety.com/blog/nationwide-coalition-unites-in-operation-coast-to-coast-to-combat-human-trafficking
/blog/natural-language-video-and-license-plate-reader,Natural-Language Video & LPR Search | Flock FreeForm,sitemap-only,post,200,,https://www.flocksafety.com/blog/natural-language-video-and-license-plate-reader
/blog/navigating-californias-new-retail-security-laws-what-retailers-must-know-and-how-to-leverage-these-changes-to-improve-safety,California's New Retail Security Laws: What to Know,sitemap-only,post,200,,https://www.flocksafety.com/blog/navigating-californias-new-retail-security-laws-what-retailers-must-know-and-how-to-leverage-these-changes-to-improve-safety
/blog/ncmec-and-flock-safety-partner-to-find-missing-and-kidnapped-children,NCMEC and Flock Safety Partner to Find Missing Children,sitemap-only,post,200,,https://www.flocksafety.com/blog/ncmec-and-flock-safety-partner-to-find-missing-and-kidnapped-children
/blog/neighborhood-crime-houston,How This Houston-Area Detective Solves Crime With LPR,sitemap-only,post,200,,https://www.flocksafety.com/blog/neighborhood-crime-houston
/blog/neighborhood-fundraising-guide-flock-safety,How to Fundraise for Flock Safety Cameras in Your Neighborhood,sitemap-only,post,200,,https://www.flocksafety.com/blog/neighborhood-fundraising-guide-flock-safety
/blog/neighborhood-gate-virtual-gate-arizona,Arizona Community Saves $40K a Year With Virtual Gate,sitemap-only,post,200,,https://www.flocksafety.com/blog/neighborhood-gate-virtual-gate-arizona
/blog/neighborhood-houston-hoa-president-stops-car-thieves-license-plate-reader,How a Houston HOA President Stopped Car Thieves With LPRs,sitemap-only,post,200,,https://www.flocksafety.com/blog/neighborhood-houston-hoa-president-stops-car-thieves-license-plate-reader
/blog/neighborhood-keeps-eyes-open,Westlake Village HOA Boosts Safety with LPR Cameras,sitemap-only,post,200,,https://www.flocksafety.com/blog/neighborhood-keeps-eyes-open
/blog/neighborhood-recovers-stolen-3000-road-bike,"Atlanta Neighborhood Recovers Stolen $3,000 Road Bike",sitemap-only,post,200,,https://www.flocksafety.com/blog/neighborhood-recovers-stolen-3000-road-bike
/blog/neighborhood-security-flock-safety-success,Flock Safety Neighborhood Security: Real Success Stories,sitemap-only,post,200,,https://www.flocksafety.com/blog/neighborhood-security-flock-safety-success
/blog/neighborhood-security-solution-flock-safety,Should Your Neighborhood Choose Flock Safety Cameras?,sitemap-only,post,200,,https://www.flocksafety.com/blog/neighborhood-security-solution-flock-safety
/blog/neighborhood-turns-to-cameras-that-read-license-plates-to-solve-crime,Collierville Neighborhood Turns to License Plate Cameras,sitemap-only,post,200,,https://www.flocksafety.com/blog/neighborhood-turns-to-cameras-that-read-license-plates-to-solve-crime
/blog/neighborhood-uses-high-tech-to-fight-crime,Stockett Creek HOA Fights Crime With License Plate Cameras,sitemap-only,post,200,,https://www.flocksafety.com/blog/neighborhood-uses-high-tech-to-fight-crime
/blog/neighborhoods-use-new-tech-to-curb-crime,San Antonio HOA Curbs Crime with Flock Safety Cameras,sitemap-only,post,200,,https://www.flocksafety.com/blog/neighborhoods-use-new-tech-to-curb-crime
/blog/neighbors-are-using-these-smart-cameras-to-track-strangers-cars-and-yours,How Neighborhood Cameras Help Solve Two Crimes a Day,sitemap-only,post,200,,https://www.flocksafety.com/blog/neighbors-are-using-these-smart-cameras-to-track-strangers-cars-and-yours
/blog/new-ai-video-analytics-features-24-7-security-coverage-no-extra-staff-needed,"New AI Video Analytics: 24/7 Coverage, No Extra Staff",sitemap-only,post,200,,https://www.flocksafety.com/blog/new-ai-video-analytics-features-24-7-security-coverage-no-extra-staff-needed
/blog/new-security-cameras-aimed-at-catching-criminals-in-collierville,Collierville Neighborhoods Add LPR Cameras to Deter Theft,sitemap-only,post,200,,https://www.flocksafety.com/blog/new-security-cameras-aimed-at-catching-criminals-in-collierville
/blog/new-type-of-security-camera-could-be-coming-to-neighborhood-near-you,New Neighborhood Security Cameras Explained: What to Know,sitemap-only,post,200,,https://www.flocksafety.com/blog/new-type-of-security-camera-could-be-coming-to-neighborhood-near-you
/blog/next-gen-policing-takes-flight-in-prosper-texas,"Prosper, Texas Launches Texas' First Drone Responder Program",sitemap-only,post,200,,https://www.flocksafety.com/blog/next-gen-policing-takes-flight-in-prosper-texas
/blog/north-charleston,North Charleston Neighborhood Cuts Crime with Cameras,sitemap-only,post,200,,https://www.flocksafety.com/blog/north-charleston
/blog/not-all-license-plate-readers-are-equal-when-plate-data-fails-how-do-investigations-continue,Not All License Plate Readers Are Equal: What Happens Next,sitemap-only,post,200,,https://www.flocksafety.com/blog/not-all-license-plate-readers-are-equal-when-plate-data-fails-how-do-investigations-continue
/blog/notice-of-salesforce-drift-incident,Flock Safety: Notice of Salesloft Drift Security Incident,sitemap-only,post,200,,https://www.flocksafety.com/blog/notice-of-salesforce-drift-incident
/blog/november-2022-release-notes,November 2022 Release Notes: Flock's ESRI-Powered Maps,sitemap-only,post,200,,https://www.flocksafety.com/blog/november-2022-release-notes
/blog/oakland-city-council-votes-to-continue-contract-with-flock,Oakland City Council Votes 7-1 to Keep Flock Cameras,sitemap-only,post,200,,https://www.flocksafety.com/blog/oakland-city-council-votes-to-continue-contract-with-flock
/blog/oakland-naacp-endorses-flock-safety-technology,Oakland NAACP Formally Endorses Flock's LPR Cameras,sitemap-only,post,200,,https://www.flocksafety.com/blog/oakland-naacp-endorses-flock-safety-technology
/blog/october-2022-release-notes,Flock Safety October 2022 Release Notes: What's New,sitemap-only,post,200,,https://www.flocksafety.com/blog/october-2022-release-notes
/blog/offense-type-dropdown-a-simpler-more-accurate-audit,New Offense Type Dropdown Improves ALPR Search Audits,sitemap-only,post,200,,https://www.flocksafety.com/blog/offense-type-dropdown-a-simpler-more-accurate-audit
/blog/officers-apprehend-orc-suspects-behind-20-000-in-stolen-items-with-help-from-flock-cameras,Flock LPR Helps Police Crack $20K Retail Theft Ring,sitemap-only,post,200,,https://www.flocksafety.com/blog/officers-apprehend-orc-suspects-behind-20-000-in-stolen-items-with-help-from-flock-cameras
/blog/oman-helps-police-catch-thieves-after-spotting-car-from-surveillance-video,How One Resident's Camera Tip Led Police to an Arrest,sitemap-only,post,200,,https://www.flocksafety.com/blog/oman-helps-police-catch-thieves-after-spotting-car-from-surveillance-video
/blog/one-platform-one-picture-one-clear-mission,Flock Nova: One Platform for Unified Public Safety Data,sitemap-only,post,200,,https://www.flocksafety.com/blog/one-platform-one-picture-one-clear-mission
/blog/one-week-three-major-cases-colorado-law-enforcement-solves-two-amber-alerts-homicide-with-flock-safety,"Colorado Police Solve 2 AMBER Alerts, 1 Homicide in a Week",sitemap-only,post,200,,https://www.flocksafety.com/blog/one-week-three-major-cases-colorado-law-enforcement-solves-two-amber-alerts-homicide-with-flock-safety
/blog/ongoing-retail-theft-suspects-caught-with-help-from-stores-lpr-cameras,LPR Cameras Help Identify Repeat Retail Theft Suspects,sitemap-only,post,200,,https://www.flocksafety.com/blog/ongoing-retail-theft-suspects-caught-with-help-from-stores-lpr-cameras
/blog/open-vs-closed-dfr-ecosystem,Open vs. Closed Drone as First Responder Ecosystems,sitemap-only,post,200,,https://www.flocksafety.com/blog/open-vs-closed-dfr-ecosystem
/blog/organized-retail-crime-flock-safetys-solutions-for-businesses,Flock's Solutions for Organized Retail Crime (ORC),sitemap-only,post,200,,https://www.flocksafety.com/blog/organized-retail-crime-flock-safetys-solutions-for-businesses
/blog/os-angeles-burglar-who-used-rental-car-caught-using-flock-safety-camera,LA Burglar Identified by Rental Car Plate on LPR Camera,sitemap-only,post,200,,https://www.flocksafety.com/blog/os-angeles-burglar-who-used-rental-car-caught-using-flock-safety-camera
/blog/oscar-arango-joins-flock-safety-as-vp-of-retail-strategy,Oscar Arango Joins Flock Safety as VP of Retail Strategy,sitemap-only,post,200,,https://www.flocksafety.com/blog/oscar-arango-joins-flock-safety-as-vp-of-retail-strategy
/blog/over-6m-in-stolen-goods-retrieved-in-porch-pirate-operation-with-help-from-flock-cameras,Gwinnett Police Recover $6M in Stolen Goods With Flock,sitemap-only,post,200,,https://www.flocksafety.com/blog/over-6m-in-stolen-goods-retrieved-in-porch-pirate-operation-with-help-from-flock-cameras
/blog/ow-a-flock-protected-neighborhood-helped-police-catch-a-serial-mail-thief,How License Plate Cameras Helped Catch a Mail Thief,sitemap-only,post,200,,https://www.flocksafety.com/blog/ow-a-flock-protected-neighborhood-helped-police-catch-a-serial-mail-thief
/blog/ow-an-evasive-park-burglar-was-caught-using-flock-safety-footage,How Flock Cameras Solved a Multi-State Park Crime Spree,sitemap-only,post,200,,https://www.flocksafety.com/blog/ow-an-evasive-park-burglar-was-caught-using-flock-safety-footage
/blog/parking-lot-break-ins-flock-safetys-solutions-for-businesses,How West Cancer Center Stopped Parking Lot Break-Ins,sitemap-only,post,200,,https://www.flocksafety.com/blog/parking-lot-break-ins-flock-safetys-solutions-for-businesses
/blog/partnering-with-law-enforcement-to-combat-organized-retail-crime-orc,Partnering With Law Enforcement to Combat Retail Crime,sitemap-only,post,200,,https://www.flocksafety.com/blog/partnering-with-law-enforcement-to-combat-organized-retail-crime-orc
/blog/plate-matching-an-entirely-new-way-for-businesses-to-collaborate-on-investigations,Plate Matching: How Businesses Collaborate on Crime,sitemap-only,post,200,,https://www.flocksafety.com/blog/plate-matching-an-entirely-new-way-for-businesses-to-collaborate-on-investigations
/blog/police-camera-towers,What Are Police Camera Towers? How Mobile Towers Work,sitemap-only,post,200,,https://www.flocksafety.com/blog/police-camera-towers
/blog/police-drones,Police Drones: How Agencies Respond Faster and Safer,sitemap-only,post,200,,https://www.flocksafety.com/blog/police-drones
/blog/police-it-leaders-choose-flock,Why Top Police IT Leaders Choose Flock Safety Cameras,sitemap-only,post,200,,https://www.flocksafety.com/blog/police-it-leaders-choose-flock
/blog/police-using-flock-readers-during-social-distancing,How License Plate Readers Kept Police Effective During COVID,sitemap-only,post,200,,https://www.flocksafety.com/blog/police-using-flock-readers-during-social-distancing
/blog/policy-pulse-compliance-doesnt-have-to-be-so-hard,License Plate Reader Compliance Doesn't Have to Be Hard,sitemap-only,post,200,,https://www.flocksafety.com/blog/policy-pulse-compliance-doesnt-have-to-be-so-hard
/blog/policy-pulse-for-real-communities-public-safety-is-not-hypothetical,License Plate Readers and Privacy: What the Courts Say,sitemap-only,post,200,,https://www.flocksafety.com/blog/policy-pulse-for-real-communities-public-safety-is-not-hypothetical
/blog/policy-pulse-the-work-already-underway,Policy Pulse: How Flock Safety Ensures 50-State Compliance,sitemap-only,post,200,,https://www.flocksafety.com/blog/policy-pulse-the-work-already-underway
/blog/policy-pulse-transparency-control-and-the-path-forward,"Policy Pulse: Transparency, Control, and the Path Forward",sitemap-only,post,200,,https://www.flocksafety.com/blog/policy-pulse-transparency-control-and-the-path-forward
/blog/porch-pirate-caught-by-flock-safety-camera,How License Plate Cameras Help Solve Package Theft,sitemap-only,post,200,,https://www.flocksafety.com/blog/porch-pirate-caught-by-flock-safety-camera
/blog/porch-pirate-suspect-believed-to-have-more-sandy-springs-victims,Sandy Springs Porch Pirate Suspect Tied to ID Theft,sitemap-only,post,200,,https://www.flocksafety.com/blog/porch-pirate-suspect-believed-to-have-more-sandy-springs-victims
/blog/precision-in-motion-how-flock-helped-solve-crimes-coast-to-coast-solved-stories-107,Precision in Motion: Flock Solves Crimes Coast to Coast,sitemap-only,post,200,,https://www.flocksafety.com/blog/precision-in-motion-how-flock-helped-solve-crimes-coast-to-coast-solved-stories-107
/blog/prevent-mail-theft-identity-theft,How to Prevent Mailbox Theft and Protect Your Identity,sitemap-only,post,200,,https://www.flocksafety.com/blog/prevent-mail-theft-identity-theft
/blog/prevent-porch-pirates,Porch Pirates: How to Stop Package Theft at Your Door,sitemap-only,post,200,,https://www.flocksafety.com/blog/prevent-porch-pirates
/blog/prevent-property-crime-in-neighborhoods-and-increase-resident-safety,How to Prevent Property Crime in Your Neighborhood,sitemap-only,post,200,,https://www.flocksafety.com/blog/prevent-property-crime-in-neighborhoods-and-increase-resident-safety
/blog/preventing-workplace-violence-empowering-healthcare-workers-through-comprehensive-training,Healthcare Workers Face 5x the Violence Risk of Other Jobs,sitemap-only,post,200,,https://www.flocksafety.com/blog/preventing-workplace-violence-empowering-healthcare-workers-through-comprehensive-training
/blog/privacy-and-access,Data Privacy and Access: How Flock Handles Sensitive Data,sitemap-only,post,200,,https://www.flocksafety.com/blog/privacy-and-access
/blog/privacy-and-safety-flock-safety-helps-this-california,How a California HOA Balances Privacy and Public Safety,sitemap-only,post,200,,https://www.flocksafety.com/blog/privacy-and-safety-flock-safety-helps-this-california
/blog/proactive-protection-how-alert-response-service-is-closing-the-gap-between-threat-detection-and-response,Flock's Alert Response Service Closes the Detection Gap,sitemap-only,post,200,,https://www.flocksafety.com/blog/proactive-protection-how-alert-response-service-is-closing-the-gap-between-threat-detection-and-response
/blog/proactive-protection-how-alert-response-service-is-closing-the-gap-between-threat-detection-and-response-2,How Alert Response Service Closes the Response Gap,sitemap-only,post,200,,https://www.flocksafety.com/blog/proactive-protection-how-alert-response-service-is-closing-the-gap-between-threat-detection-and-response-2
/blog/proactively-protect-employees-customers-and-property,70% of Crimes Involve Vehicles: Why Retailers Use LPR,sitemap-only,post,200,,https://www.flocksafety.com/blog/proactively-protect-employees-customers-and-property
/blog/product-announcement-q2-2023,"Flock Safety Q2 2023: New LPR, Raven & Condor Launch",sitemap-only,post,200,,https://www.flocksafety.com/blog/product-announcement-q2-2023
/blog/property-managers-beaumont-california,How Sundance Community Stopped Mail Theft with LPR,sitemap-only,post,200,,https://www.flocksafety.com/blog/property-managers-beaumont-california
/blog/prosper-police-department-is-the-first-agency-in-texas-to-launch-flock-aerodome-drone-as-a-first-responder,Prosper PD Launches Texas's First Drone First Responder,sitemap-only,post,200,,https://www.flocksafety.com/blog/prosper-police-department-is-the-first-agency-in-texas-to-launch-flock-aerodome-drone-as-a-first-responder
/blog/protect-home-from-robbery,Ex-Burglar's Top Tips to Protect Your Home From Burglary,sitemap-only,post,200,,https://www.flocksafety.com/blog/protect-home-from-robbery
/blog/protect-hospital-and-healthcare-staff-with-flock-safety,Protecting Healthcare Staff from Workplace Violence,sitemap-only,post,200,,https://www.flocksafety.com/blog/protect-hospital-and-healthcare-staff-with-flock-safety
/blog/protect-yourself-from-job-scams-impersonating-flock-safety,How to Spot Job Scams Impersonating Flock Safety,sitemap-only,post,200,,https://www.flocksafety.com/blog/protect-yourself-from-job-scams-impersonating-flock-safety
/blog/protecting-your-family-doorbell-camera-or-security-system,Doorbell Camera vs. Community Security System: What Works,sitemap-only,post,200,,https://www.flocksafety.com/blog/protecting-your-family-doorbell-camera-or-security-system
/blog/providing-evidence-in-a-california-break-in,How Flock Turned a Partial Plate Into a Solid Case,sitemap-only,post,200,,https://www.flocksafety.com/blog/providing-evidence-in-a-california-break-in
/blog/public-safety-drones,How Public Safety Drones Help Law Enforcement Respond,sitemap-only,post,200,,https://www.flocksafety.com/blog/public-safety-drones
/blog/quick-installation-instant-security-flock-safety-neighborhood-cameras,"Quick Installation, Instant Security for Neighborhoods",sitemap-only,post,200,,https://www.flocksafety.com/blog/quick-installation-instant-security-flock-safety-neighborhood-cameras
/blog/reading-franklin-in-full-what-the-founding-father-actually-said-about-safety,"What Ben Franklin Actually Said About Safety, in Context",sitemap-only,post,200,,https://www.flocksafety.com/blog/reading-franklin-in-full-what-the-founding-father-actually-said-about-safety
/blog/real-time-leads-real-world-outcomes,"Real-Time Flock Alerts, Real-World Case Outcomes",sitemap-only,post,200,,https://www.flocksafety.com/blog/real-time-leads-real-world-outcomes
/blog/realty-group-eliminates-crime-using-flock-safety,Nashville Apartments Cut Crime From 3/Week to Zero,sitemap-only,post,200,,https://www.flocksafety.com/blog/realty-group-eliminates-crime-using-flock-safety
/blog/reddit-co-founder-alexis-ohanian-visits-flock-safety,Alexis Ohanian Talks Investing and Values at Flock Safety,sitemap-only,post,200,,https://www.flocksafety.com/blog/reddit-co-founder-alexis-ohanian-visits-flock-safety
/blog/reduce-case-backlogs-and-overtime-with-tech,Enhanced LPR: How Smarter LPR Software Cuts Case Backlogs,sitemap-only,post,200,,https://www.flocksafety.com/blog/reduce-case-backlogs-and-overtime-with-tech
/blog/residents-use-license-plate-camera-to-ward-off-crime,Woodstock HOA Adds License Plate Cameras to Deter Crime,sitemap-only,post,200,,https://www.flocksafety.com/blog/residents-use-license-plate-camera-to-ward-off-crime
/blog/response-to-compiled-security-research-on-flock-safety-devices,Flock Safety's Response to Security Research Findings,sitemap-only,post,200,,https://www.flocksafety.com/blog/response-to-compiled-security-research-on-flock-safety-devices
/blog/responsive-by-design-officers-equipped-for-the-moment,"5 Arrests, Stolen Firearms Recovered: Officers Move Fast",sitemap-only,post,200,,https://www.flocksafety.com/blog/responsive-by-design-officers-equipped-for-the-moment
/blog/retail-loss-prevention-software,Retail Loss Prevention Software: Features That Cut Shrink,sitemap-only,post,200,,https://www.flocksafety.com/blog/retail-loss-prevention-software
/blog/retail-shrinkage-your-number-1-holiday-security-concern,Retail Shrinkage: The #1 Holiday Security Risk for Stores,sitemap-only,post,200,,https://www.flocksafety.com/blog/retail-shrinkage-your-number-1-holiday-security-concern
/blog/rethinking-infrastructure-protection-for-federally-owned-buildings,Rethinking Infrastructure Protection for Federal Buildings,sitemap-only,post,200,,https://www.flocksafety.com/blog/rethinking-infrastructure-protection-for-federally-owned-buildings
/blog/revolutionizing-law-enforcement-how-drones-as-first-responders-are-transforming-public-safety,Drone as First Responder: On Scene in 86 Seconds,sitemap-only,post,200,,https://www.flocksafety.com/blog/revolutionizing-law-enforcement-how-drones-as-first-responders-are-transforming-public-safety
/blog/richmond-neighborhood-installs-flock-safety-cameras,Richmond HOA Installs Flock Cameras for 645 Homes,sitemap-only,post,200,,https://www.flocksafety.com/blog/richmond-neighborhood-installs-flock-safety-cameras
/blog/richmond-neighborhood-plans-license-plate-readers,"Richmond, CA Neighborhood Adds License Plate Readers",sitemap-only,post,200,,https://www.flocksafety.com/blog/richmond-neighborhood-plans-license-plate-readers
/blog/rko-2025-empowering-teams-to-shape-safer-communities,Inside Flock Safety's 2025 Revenue Kickoff in Atlanta,sitemap-only,post,200,,https://www.flocksafety.com/blog/rko-2025-empowering-teams-to-shape-safer-communities
/blog/rko-2026-recap,RKO 2026 Recap: Inside Flock Safety's Revenue Kickoff,sitemap-only,post,200,,https://www.flocksafety.com/blog/rko-2026-recap
/blog/role-of-ai-mobile-security-trailers,The Critical Role of AI in Mobile Security Trailers,sitemap-only,post,200,,https://www.flocksafety.com/blog/role-of-ai-mobile-security-trailers
/blog/rtcc-integrations-for-emergency-response,Spokane County Sheriff: RTCC Aids Wildfire Response,sitemap-only,post,200,,https://www.flocksafety.com/blog/rtcc-integrations-for-emergency-response
/blog/safe-cities-are-thriving-cities-the-interconnectedness-of-crime-safety-and-quality-of-life,Safe Cities Are Thriving Cities: Why Safety Drives Growth,sitemap-only,post,200,,https://www.flocksafety.com/blog/safe-cities-are-thriving-cities-the-interconnectedness-of-crime-safety-and-quality-of-life
/blog/safety-is-a-fundamental-right,"Why Safety Is a Fundamental Right, Not a Privilege",sitemap-only,post,200,,https://www.flocksafety.com/blog/safety-is-a-fundamental-right
/blog/san-antonio-neighborhood-using-flock-safety-to-curb-crime,Shavano Park HOA Eliminates Break-Ins With LPR Cameras,sitemap-only,post,200,,https://www.flocksafety.com/blog/san-antonio-neighborhood-using-flock-safety-to-curb-crime
/blog/san-diego-hispanic-chamber-of-commerce-voices-support-for-alpr-program,San Diego Hispanic Chamber Backs City's ALPR Program,sitemap-only,post,200,,https://www.flocksafety.com/blog/san-diego-hispanic-chamber-of-commerce-voices-support-for-alpr-program
/blog/san-diego-neighborhood-gives-police-first-lead-in-burglary-case-using-flock-safety,San Diego HOA Camera Gives Police a Burglary Lead,sitemap-only,post,200,,https://www.flocksafety.com/blog/san-diego-neighborhood-gives-police-first-lead-in-burglary-case-using-flock-safety
/blog/sandy-springs-neighborhood-hands-actionable-evidence-to-police-in-mail-theft-case,Sandy Springs Neighborhood Helps Solve Mail Theft Case,sitemap-only,post,200,,https://www.flocksafety.com/blog/sandy-springs-neighborhood-hands-actionable-evidence-to-police-in-mail-theft-case
/blog/sandy-springs-police-charge-man-with-mail-theft-identity-fraud,Sandy Springs Mail Theft Suspect Arrested via Flock Tip,sitemap-only,post,200,,https://www.flocksafety.com/blog/sandy-springs-police-charge-man-with-mail-theft-identity-fraud
/blog/sandy-springs-police-have-arrested-a-serial-fraud-suspect-with-help-from-flock-safety,Sandy Springs PD Arrests Suspect on 34 Fraud Warrants,sitemap-only,post,200,,https://www.flocksafety.com/blog/sandy-springs-police-have-arrested-a-serial-fraud-suspect-with-help-from-flock-safety
/blog/savannah-police-uses-flock-safety,How Savannah PD Keeps a Historic City Safe with Flock,sitemap-only,post,200,,https://www.flocksafety.com/blog/savannah-police-uses-flock-safety
/blog/scaling-success-meet-flocks-new-law-enforcement-sales-leadership,"Flock Names Jim Fahey, Jeana Kruszynski Sales Leaders",sitemap-only,post,200,,https://www.flocksafety.com/blog/scaling-success-meet-flocks-new-law-enforcement-sales-leadership
/blog/school-safety,How Flock Safety Makes School Security Smarter and Safer,sitemap-only,post,200,,https://www.flocksafety.com/blog/school-safety
/blog/search-safeguards-how-flocks-search-filters-work,Search Safeguards: How Flock's Search Filters Work,sitemap-only,post,200,,https://www.flocksafety.com/blog/search-safeguards-how-flocks-search-filters-work
/blog/secure-warehouses-with-help-from-flock-aerodome,How Flock Drones Help Secure Warehouses from Theft,sitemap-only,post,200,,https://www.flocksafety.com/blog/secure-warehouses-with-help-from-flock-aerodome
/blog/securing-summer-how-mobile-security-trailers-safeguard-soft-targets-and-strengthen-community-wellbeing,How Mobile Security Trailers Protect Summer Events,sitemap-only,post,200,,https://www.flocksafety.com/blog/securing-summer-how-mobile-security-trailers-safeguard-soft-targets-and-strengthen-community-wellbeing
/blog/securing-your-business-entrances-with-license-plate-reader-cameras-and-advanced-technology,License Plate Readers for Business Entrance Security,sitemap-only,post,200,,https://www.flocksafety.com/blog/securing-your-business-entrances-with-license-plate-reader-cameras-and-advanced-technology
/blog/security-camera-system-specifically-for-neighborhoods,How License Plate Reader Cameras Make Neighborhoods Safer,sitemap-only,post,200,,https://www.flocksafety.com/blog/security-camera-system-specifically-for-neighborhoods
/blog/security-cameras-lead-to-fraud-suspect-arrest-in-sandy-springs,Flock Cameras Help Arrest Fraud Suspect in Sandy Springs,sitemap-only,post,200,,https://www.flocksafety.com/blog/security-cameras-lead-to-fraud-suspect-arrest-in-sandy-springs
/blog/security-strategies-from-law-enforcement-investigators-part-1-enhancing-business-security-with-advanced-technology,Business Security Strategies From Police Investigators,sitemap-only,post,200,,https://www.flocksafety.com/blog/security-strategies-from-law-enforcement-investigators-part-1-enhancing-business-security-with-advanced-technology
/blog/security-strategies-from-law-enforcement-investigators-part-3-connecting-crime-across-multiple-locations-with-license-plate-reader-cameras,Connecting Crime Across Locations With LPR Cameras,sitemap-only,post,200,,https://www.flocksafety.com/blog/security-strategies-from-law-enforcement-investigators-part-3-connecting-crime-across-multiple-locations-with-license-plate-reader-cameras
/blog/security-strategies-from-law-enforcement-investigators-part-4-ensuring-equal-security-coverage-across-all-store-locations,Why Uneven Store Security Invites Organized Retail Crime,sitemap-only,post,200,,https://www.flocksafety.com/blog/security-strategies-from-law-enforcement-investigators-part-4-ensuring-equal-security-coverage-across-all-store-locations
/blog/security-strategies-from-law-enforcement-investigators-part-5-creating-a-virtual-security-perimeter-using-license-plate-reader-cameras,Creating a Virtual Security Perimeter With LPR Cameras,sitemap-only,post,200,,https://www.flocksafety.com/blog/security-strategies-from-law-enforcement-investigators-part-5-creating-a-virtual-security-perimeter-using-license-plate-reader-cameras
/blog/security-strategies-from-law-enforcement-investigators-part-6-implementing-proactive-off-hours-security-strategies,Off-Hours Security Strategies for Businesses (Part 6),sitemap-only,post,200,,https://www.flocksafety.com/blog/security-strategies-from-law-enforcement-investigators-part-6-implementing-proactive-off-hours-security-strategies
/blog/sensors-and-software-help-small-and-mid-sized-communities-solve-public-safety-challenges,How Small Communities Solve Public Safety Challenges,sitemap-only,post,200,,https://www.flocksafety.com/blog/sensors-and-software-help-small-and-mid-sized-communities-solve-public-safety-challenges
/blog/september-2022-release-notes,September 2022: Flock Product Updates & New Features,sitemap-only,post,200,,https://www.flocksafety.com/blog/september-2022-release-notes
/blog/series-d-fundraise-andreessen-horowitz,Flock Safety Raises $150M Series D Led by Andreessen Horowitz,sitemap-only,post,200,,https://www.flocksafety.com/blog/series-d-fundraise-andreessen-horowitz
/blog/series-e-announcement,Flock Safety Raises $150M Series E Led by Tiger Global,sitemap-only,post,200,,https://www.flocksafety.com/blog/series-e-announcement
/blog/sf-takes-historic-step-to-solve-crime-with-400-lpr-cameras,SF Takes Historic Step to Solve Crime With 400 LPR Cameras,sitemap-only,post,200,,https://www.flocksafety.com/blog/sf-takes-historic-step-to-solve-crime-with-400-lpr-cameras
/blog/shaping-a-safer-community-in-las-vegas-trail,"Las Vegas Trail, Fort Worth: A Community Safety Turnaround",sitemap-only,post,200,,https://www.flocksafety.com/blog/shaping-a-safer-community-in-las-vegas-trail
/blog/shaping-a-safer-future-together-in-hardin-county-kentucky,"Hardin County, KY Uses Flock LPR to Investigate 175 Cases",sitemap-only,post,200,,https://www.flocksafety.com/blog/shaping-a-safer-future-together-in-hardin-county-kentucky
/blog/shaping-safer-communities-the-power-of-layered-technology,Shaping Safer Communities with Layered Security Technology,sitemap-only,post,200,,https://www.flocksafety.com/blog/shaping-safer-communities-the-power-of-layered-technology
/blog/shaping-safer-communities-with-our-flock-forward-2024-sponsors,Flock Forward 2024: Meet the Sponsors Advancing Safety,sitemap-only,post,200,,https://www.flocksafety.com/blog/shaping-safer-communities-with-our-flock-forward-2024-sponsors
/blog/shelby-county-policing-technology,Shelby County Sheriff Cuts Crime 10% with LPR Cameras,sitemap-only,post,200,,https://www.flocksafety.com/blog/shelby-county-policing-technology
/blog/should-college-campuses-install-alprs-to-keep-students-safe,Can License Plate Readers Help Prevent Campus Crime?,sitemap-only,post,200,,https://www.flocksafety.com/blog/should-college-campuses-install-alprs-to-keep-students-safe
/blog/simplifying-property-security-the-case-for-unified-systems,Unified Security Systems: A Smarter Way to Protect Property,sitemap-only,post,200,,https://www.flocksafety.com/blog/simplifying-property-security-the-case-for-unified-systems
/blog/six-abducted-children-recovered-in-five-months-in-colorado-with-flock-lpr-technology,6 Abducted Children Recovered in Colorado in 5 Months,sitemap-only,post,200,,https://www.flocksafety.com/blog/six-abducted-children-recovered-in-five-months-in-colorado-with-flock-lpr-technology
/blog/smart-cameras-installed-in-midlands-neighborhood,Solar-Powered LPR Cameras Installed in SC Neighborhoods,sitemap-only,post,200,,https://www.flocksafety.com/blog/smart-cameras-installed-in-midlands-neighborhood
/blog/smarter-not-scarier-the-role-of-ai-in-ethical-investigative-work,How Flock Nova Uses AI Ethically in Investigations,sitemap-only,post,200,,https://www.flocksafety.com/blog/smarter-not-scarier-the-role-of-ai-in-ethical-investigative-work
/blog/snap-the-local-hoa-just-captured-your-license-plate-number,HOA License Plate Readers: What Residents Should Know,sitemap-only,post,200,,https://www.flocksafety.com/blog/snap-the-local-hoa-just-captured-your-license-plate-number
/blog/solar-powered-surveillance,How Solar-Powered License Plate Cameras Secure Neighborhoods,sitemap-only,post,200,,https://www.flocksafety.com/blog/solar-powered-surveillance
/blog/solved-cobb-county-officers-leverage-the-flock-system-to-detain-dangerous-suspect,#Solved: Cobb County PD Uses Flock to Detain Suspect,sitemap-only,post,200,,https://www.flocksafety.com/blog/solved-cobb-county-officers-leverage-the-flock-system-to-detain-dangerous-suspect
/blog/solved-marietta-pd-leverages-flock-technology-to-swiftly-solve-homicide-case,How Marietta PD Solved a Homicide Case in Hours,sitemap-only,post,200,,https://www.flocksafety.com/blog/solved-marietta-pd-leverages-flock-technology-to-swiftly-solve-homicide-case
/blog/solved-stories-recap-edition-023,#SolvedStories 023: 6 Crimes Flock Cameras Helped Solve,sitemap-only,post,200,,https://www.flocksafety.com/blog/solved-stories-recap-edition-023
/blog/solvedstories-edition-036,#SolvedStories Edition 036: Norfolk's 24% Crime Drop,sitemap-only,post,200,,https://www.flocksafety.com/blog/solvedstories-edition-036
/blog/solvedstories-edition-044,SolvedStories Ed. 044: 4 Arrests in Marshalltown's 1st Week,sitemap-only,post,200,,https://www.flocksafety.com/blog/solvedstories-edition-044
/blog/solvedstories-flock-cameras-at-har-mar-shopping-center-drive-crime-reduction-supporting-roseville-mn-pd,Har Mar Shopping Center: 1 Arrest a Week with Flock,sitemap-only,post,200,,https://www.flocksafety.com/blog/solvedstories-flock-cameras-at-har-mar-shopping-center-drive-crime-reduction-supporting-roseville-mn-pd
/blog/solvedstories-florida-homeowners-association-staugustine-partners-with-local-law-enforcement-to-better-protect-their-community-from-crime,#SolvedStories | Florida Homeowners Partner With Local Law Enforcement to Protect Their Community From Crime,sitemap-only,post,200,,https://www.flocksafety.com/blog/solvedstories-florida-homeowners-association-staugustine-partners-with-local-law-enforcement-to-better-protect-their-community-from-crime
/blog/solvedstories-homeland-security-taylor-pd-join-forces-to-arrest-7-alleged-child-predators,Taylor PD & Homeland Security Arrest 7 Child Predators,sitemap-only,post,200,,https://www.flocksafety.com/blog/solvedstories-homeland-security-taylor-pd-join-forces-to-arrest-7-alleged-child-predators
/blog/solvedstories-multiple-arkansas-police-departments-collaborate-and-employ-flock-lpr-cameras-to-solve-a-string-of-local-robberies,Arkansas Police Use Flock LPR to Solve String of Robberies,sitemap-only,post,200,,https://www.flocksafety.com/blog/solvedstories-multiple-arkansas-police-departments-collaborate-and-employ-flock-lpr-cameras-to-solve-a-string-of-local-robberies
/blog/solving-crime-with-license-plate-cameras-in-atlanta,How License Plate Cameras Helped Solve an Atlanta Break-In,sitemap-only,post,200,,https://www.flocksafety.com/blog/solving-crime-with-license-plate-cameras-in-atlanta
/blog/solving-cross-jurisdictional-crime-in-real-time-how-flock-safetys-unified-platform-makes-it-possible,Solving Cross-Jurisdictional Crime With One Connected Platform,sitemap-only,post,200,,https://www.flocksafety.com/blog/solving-cross-jurisdictional-crime-in-real-time-how-flock-safetys-unified-platform-makes-it-possible
/blog/solving-hate-crimes-with-a-smart-streetlight-integration-in-san-diego,How San Diego Smart Streetlights Helped Solve Hate Crimes,sitemap-only,post,200,,https://www.flocksafety.com/blog/solving-hate-crimes-with-a-smart-streetlight-integration-in-san-diego
/blog/solving-nonviolent-crime,How License Plate Reader Cameras Solved a Dumping Case,sitemap-only,post,200,,https://www.flocksafety.com/blog/solving-nonviolent-crime
/blog/statement-in-response-to-recent-reports,Flock Safety's Statement on Recent Data-Sharing Reports,sitemap-only,post,200,,https://www.flocksafety.com/blog/statement-in-response-to-recent-reports
/blog/statement-network-sharing-use-cases-federal-cooperation,Flock's Statement on Network Sharing and Federal Cooperation,sitemap-only,post,200,,https://www.flocksafety.com/blog/statement-network-sharing-use-cases-federal-cooperation
/blog/stolen-dog-returns-flock-safety-outdoor-security-camera,Stolen Dog Returned Thanks to a License Plate Camera,sitemap-only,post,200,,https://www.flocksafety.com/blog/stolen-dog-returns-flock-safety-outdoor-security-camera
/blog/stop-choosing-between-coverage-and-clarity-dual-lens-ptz-delivers-both,Dual-Lens Camera: Wide Coverage and Sharp Detail at Once,sitemap-only,post,200,,https://www.flocksafety.com/blog/stop-choosing-between-coverage-and-clarity-dual-lens-ptz-delivers-both
/blog/strengthening-healthcare-security-through-local-law-enforcement-partnerships,Hospital Security: How Law Enforcement Partnerships Help,sitemap-only,post,200,,https://www.flocksafety.com/blog/strengthening-healthcare-security-through-local-law-enforcement-partnerships
/blog/strengthening-relationships-with-law-enforcement,How Neighborhoods Build Stronger Police Partnerships,sitemap-only,post,200,,https://www.flocksafety.com/blog/strengthening-relationships-with-law-enforcement
/blog/sugarloaf-cid-installs-10-new-license-plate-reading-camera,Sugarloaf CID Installs 10 License Plate Reader Cameras,sitemap-only,post,200,,https://www.flocksafety.com/blog/sugarloaf-cid-installs-10-new-license-plate-reading-camera
/blog/surveillance-cameras-flock-to-memphis-area,New License Plate Cameras Head to the Memphis Area,sitemap-only,post,200,,https://www.flocksafety.com/blog/surveillance-cameras-flock-to-memphis-area
/blog/swift-police-response-brings-relief-after-harrowing-ofallon-home-invasion,O'Fallon Home Invasion Solved with a Flock LPR Alert,sitemap-only,post,200,,https://www.flocksafety.com/blog/swift-police-response-brings-relief-after-harrowing-ofallon-home-invasion
/blog/tackling-organized-retail-crime-with-flock-safetys-crime-intelligence-solution,How Flock's Crime Intelligence Solution Tackles ORC,sitemap-only,post,200,,https://www.flocksafety.com/blog/tackling-organized-retail-crime-with-flock-safetys-crime-intelligence-solution
/blog/target-ends-self-checkout-due-to-theft-what-retailers-can-learn,Target's Self-Checkout Rollback: What Retailers Should Learn,sitemap-only,post,200,,https://www.flocksafety.com/blog/target-ends-self-checkout-due-to-theft-what-retailers-can-learn
/blog/tech-forward-policing-real-time-alerts-real-results,"Real-Time Alerts, Real Results: 6 Tech-Forward PDs",sitemap-only,post,200,,https://www.flocksafety.com/blog/tech-forward-policing-real-time-alerts-real-results
/blog/tech-that-works-tools-that-protect-this-weeks-wins-with-flock-safety,LPR Cameras Help Police Solve Cases From Michigan to Texas,sitemap-only,post,200,,https://www.flocksafety.com/blog/tech-that-works-tools-that-protect-this-weeks-wins-with-flock-safety
/blog/tega-cay-virtual-gate,"How Tega Cay, SC Uses Flock Cameras as a Virtual Gate",sitemap-only,post,200,,https://www.flocksafety.com/blog/tega-cay-virtual-gate
/blog/texas-chief-innovative-policing-technology,A Texas Police Chief's Approach to New Policing Tech,sitemap-only,post,200,,https://www.flocksafety.com/blog/texas-chief-innovative-policing-technology
/blog/the-5-as-of-dfr-the-dna-of-a-drone-as-first-responder-program,The 5 A's of DFR: A Drone-as-First-Responder Framework,sitemap-only,post,200,,https://www.flocksafety.com/blog/the-5-as-of-dfr-the-dna-of-a-drone-as-first-responder-program
/blog/the-cases-behind-the-alerts-how-officers-closed-the-loop,"SolvedStories: 7 Alerts, 7 Cases Officers Closed",sitemap-only,post,200,,https://www.flocksafety.com/blog/the-cases-behind-the-alerts-how-officers-closed-the-loop
/blog/the-data-doesnt-stop-at-the-city-line-why-agencies-must-think-regionally,"Why Police Agencies Must Think Regionally, Not Locally",sitemap-only,post,200,,https://www.flocksafety.com/blog/the-data-doesnt-stop-at-the-city-line-why-agencies-must-think-regionally
/blog/the-details-that-point-the-way-forward,SolvedStories: 6 Cases Vehicle Data Helped Crack,sitemap-only,post,200,,https://www.flocksafety.com/blog/the-details-that-point-the-way-forward
/blog/the-evolution-of-flockos-how-customer-feedback-continues-to-shape-the-future,The Evolution of FlockOS: Built From Customer Feedback,sitemap-only,post,200,,https://www.flocksafety.com/blog/the-evolution-of-flockos-how-customer-feedback-continues-to-shape-the-future
/blog/the-first-90-days-at-flock,The First 90 Days at Flock Safety: What New Hires Can Expect,sitemap-only,post,200,,https://www.flocksafety.com/blog/the-first-90-days-at-flock
/blog/the-future-of-hotel-security-technologys-role-in-protecting-guests-and-staff,Hotel Security Technology: Protecting Guests & Staff,sitemap-only,post,200,,https://www.flocksafety.com/blog/the-future-of-hotel-security-technologys-role-in-protecting-guests-and-staff
/blog/the-future-of-retail-security-insights-from-nrf-protects-big-ideas-panel,Retail Security Trends: Takeaways from NRF Protect's Panel,sitemap-only,post,200,,https://www.flocksafety.com/blog/the-future-of-retail-security-insights-from-nrf-protects-big-ideas-panel
/blog/the-hidden-cost-of-data-fatigue-in-law-enforcement,The Hidden Cost of Data Fatigue in Law Enforcement,sitemap-only,post,200,,https://www.flocksafety.com/blog/the-hidden-cost-of-data-fatigue-in-law-enforcement
/blog/the-hidden-gaps-in-human-only-security,The Hidden Gaps in Human-Only Security Guards,sitemap-only,post,200,,https://www.flocksafety.com/blog/the-hidden-gaps-in-human-only-security
/blog/the-impact-of-data-driven-solutions-in-crime-solving,How Data Integration Speeds Up Crime Investigations,sitemap-only,post,200,,https://www.flocksafety.com/blog/the-impact-of-data-driven-solutions-in-crime-solving
/blog/the-latest-advancements-in-dfr-aerovision-mobile-apps-and-community-engagement-dashboard,"DFR 2.0: Aerovision, Mobile App, and Community Dashboard",sitemap-only,post,200,,https://www.flocksafety.com/blog/the-latest-advancements-in-dfr-aerovision-mobile-apps-and-community-engagement-dashboard
/blog/the-moment-that-changes-everything-stopping-wrong-way-driving-before-it-starts,Flock's Wrong-Way Detection Stops Crashes Before They Start,sitemap-only,post,200,,https://www.flocksafety.com/blog/the-moment-that-changes-everything-stopping-wrong-way-driving-before-it-starts
/blog/the-power-of-connected-intelligence,The Power of Connected Intelligence in Public Safety,sitemap-only,post,200,,https://www.flocksafety.com/blog/the-power-of-connected-intelligence
/blog/the-power-of-perspective-what-context-on-your-terms-really-means,Context On Your Terms: Why One Camera Isn't Enough,sitemap-only,post,200,,https://www.flocksafety.com/blog/the-power-of-perspective-what-context-on-your-terms-really-means
/blog/the-price-of-free-lpr,The Price of Free LPR: What Vendor Lock-In Really Costs,sitemap-only,post,200,,https://www.flocksafety.com/blog/the-price-of-free-lpr
/blog/the-road-to-eagles-club-what-it-takes-to-get-there,The Road to Eagle’s Club: What It Takes to Get There,sitemap-only,post,200,,https://www.flocksafety.com/blog/the-road-to-eagles-club-what-it-takes-to-get-there
/blog/the-role-cameras-can-play-during-a-statewide-crisis,How LPR Cameras Solved a Robbery Spree During COVID,sitemap-only,post,200,,https://www.flocksafety.com/blog/the-role-cameras-can-play-during-a-statewide-crisis
/blog/the-shift-to-proactive-security-new-tools-to-deter-crime-and-hold-offenders-accountable,The Shift to Proactive Security: New Deterrence Tools,sitemap-only,post,200,,https://www.flocksafety.com/blog/the-shift-to-proactive-security-new-tools-to-deter-crime-and-hold-offenders-accountable
/blog/the-silent-strain-addressing-mental-health-in-security-roles-with-oscar-arango,The Silent Strain: Mental Health in Security Roles,sitemap-only,post,200,,https://www.flocksafety.com/blog/the-silent-strain-addressing-mental-health-in-security-roles-with-oscar-arango
/blog/the-strategic-value-of-flock-safety-for-multifamily-communities,The Strategic Value of Flock Safety for Multifamily Communities,sitemap-only,post,200,,https://www.flocksafety.com/blog/the-strategic-value-of-flock-safety-for-multifamily-communities
/blog/the-university-of-toledo-installing-flock-safety-lpr-cameras,University of Toledo Installs 30 Flock Safety LPR Cameras,sitemap-only,post,200,,https://www.flocksafety.com/blog/the-university-of-toledo-installing-flock-safety-lpr-cameras
/blog/think-big-start-small-4-tips-to-fund-new-police-technology,4 Tips to Fund New Police Technology on a Tight Budget,sitemap-only,post,200,,https://www.flocksafety.com/blog/think-big-start-small-4-tips-to-fund-new-police-technology
/blog/this-surveillance-startup-wants-to-put-cameras-in-your-neighborhood,How Flock's LPR Cameras Are Changing Neighborhood Safety,sitemap-only,post,200,,https://www.flocksafety.com/blog/this-surveillance-startup-wants-to-put-cameras-in-your-neighborhood
/blog/this-technology-helps-police-be-everywhere-at-the-same-time,How Community Cameras Help Police Cover More Ground,sitemap-only,post,200,,https://www.flocksafety.com/blog/this-technology-helps-police-be-everywhere-at-the-same-time
/blog/three-proactive-steps-your-school-can-take-to-protect-students-with-custodial-arrangements,How Schools Can Protect Students from Custodial Abduction,sitemap-only,post,200,,https://www.flocksafety.com/blog/three-proactive-steps-your-school-can-take-to-protect-students-with-custodial-arrangements
/blog/thriving-cities-fund-launches-in-dfw,Flock and Homegrown Launch $10M Thriving Cities Fund in DFW,sitemap-only,post,200,,https://www.flocksafety.com/blog/thriving-cities-fund-launches-in-dfw
/blog/tips-for-leaving-town,4 Law Enforcement-Backed Tips for Leaving Town Safely,sitemap-only,post,200,,https://www.flocksafety.com/blog/tips-for-leaving-town
/blog/top-10-questions-answered-from-flocks-community-safety-webinar,Flock Safety HOA Webinar: Top 10 Questions Answered,sitemap-only,post,200,,https://www.flocksafety.com/blog/top-10-questions-answered-from-flocks-community-safety-webinar
/blog/transparency-portal,Flock and Piedmont PD Launch First LPR Transparency Portal,sitemap-only,post,200,,https://www.flocksafety.com/blog/transparency-portal
/blog/travel-safety-tips,Summer Travel Safety: Protect Your Home While Away,sitemap-only,post,200,,https://www.flocksafety.com/blog/travel-safety-tips
/blog/trespassing-and-unauthorized-access-flock-safetys-solutions-for-businesses,Trespassing at Your Business? Flock Safety's Solutions,sitemap-only,post,200,,https://www.flocksafety.com/blog/trespassing-and-unauthorized-access-flock-safetys-solutions-for-businesses
/blog/true-costs-of-dfr,DFR Cost Per Square Mile: How to Compare Vendor Pricing,sitemap-only,post,200,,https://www.flocksafety.com/blog/true-costs-of-dfr
/blog/turning-deals-into-real-world-impact-sales-at-flock,What It's Really Like Selling for Flock Safety,sitemap-only,post,200,,https://www.flocksafety.com/blog/turning-deals-into-real-world-impact-sales-at-flock
/blog/types-of-shrinkage-in-retail,What Are the Main Types of Retail Shrinkage? (37% Is Theft),sitemap-only,post,200,,https://www.flocksafety.com/blog/types-of-shrinkage-in-retail
/blog/understanding-flocks-testing-and-development-program,Understanding Flock's Testing and Development Program,sitemap-only,post,200,,https://www.flocksafety.com/blog/understanding-flocks-testing-and-development-program
/blog/understanding-floridas-house-bill-837-how-multifamily-property-owners-can-stay-compliant-and-protected,Florida HB 837: What Multifamily Owners Must Know,sitemap-only,post,200,,https://www.flocksafety.com/blog/understanding-floridas-house-bill-837-how-multifamily-property-owners-can-stay-compliant-and-protected
/blog/university-of-st-thomas-launches-a-connected-campus-safety-program-with-drone-as-first-responder,University of St. Thomas Launches Drone First Responder,sitemap-only,post,200,,https://www.flocksafety.com/blog/university-of-st-thomas-launches-a-connected-campus-safety-program-with-drone-as-first-responder
/blog/university-police-catch-serial-burglar-with-alerts-from-flock-cameras,Flock Cameras Help ID Serial Burglar at Temple University,sitemap-only,post,200,,https://www.flocksafety.com/blog/university-police-catch-serial-burglar-with-alerts-from-flock-cameras
/blog/unleash-the-power-of-nightvision-enhance-your-falcon-r-lpr-cameras-for-superior-nighttime-clarity,Flock NightVision: Sharper Falcon Cameras After Dark,sitemap-only,post,200,,https://www.flocksafety.com/blog/unleash-the-power-of-nightvision-enhance-your-falcon-r-lpr-cameras-for-superior-nighttime-clarity
/blog/unlocking-a-career-defining-experience-with-flock-safety,Career Growth at Flock Safety: Employee Stories and Paths,sitemap-only,post,200,,https://www.flocksafety.com/blog/unlocking-a-career-defining-experience-with-flock-safety
/blog/unlocking-the-future-of-real-time-crime-centers-the-2025-nrtcca-conference-lineup,2025 NRTCCA Conference: RTCC Sessions & Speaker Lineup,sitemap-only,post,200,,https://www.flocksafety.com/blog/unlocking-the-future-of-real-time-crime-centers-the-2025-nrtcca-conference-lineup
/blog/update-on-limited-condor-device-configuration-issue,Update on the Limited Condor Device Configuration Issue,sitemap-only,post,200,,https://www.flocksafety.com/blog/update-on-limited-condor-device-configuration-issue
/blog/use-flock-safety-to-help-police-stop-crime,How Neighborhoods Use Flock Safety to Help Stop Crime,sitemap-only,post,200,,https://www.flocksafety.com/blog/use-flock-safety-to-help-police-stop-crime
/blog/using-drones-for-security-patrols,How to Start Using Drones for Security Patrols,sitemap-only,post,200,,https://www.flocksafety.com/blog/using-drones-for-security-patrols
/blog/vacaville-pds-blueprint-for-smarter-policing-inside-the-citys-information-centered-approach-to-public-safety,Inside Vacaville PD's Real-Time Information Center,sitemap-only,post,200,,https://www.flocksafety.com/blog/vacaville-pds-blueprint-for-smarter-policing-inside-the-citys-information-centered-approach-to-public-safety
/blog/vandalism-and-property-damage-flock-safetys-solutions-for-businesses,Vandalism Costs Businesses Billions: Here's the Fix,sitemap-only,post,200,,https://www.flocksafety.com/blog/vandalism-and-property-damage-flock-safetys-solutions-for-businesses
/blog/vehicle-and-catalytic-converter-theft-flock-safetys-solutions-for-businesses,Vehicle and Catalytic Converter Theft: Flock Safety's Solutions for Businesses,sitemap-only,post,200,,https://www.flocksafety.com/blog/vehicle-and-catalytic-converter-theft-flock-safetys-solutions-for-businesses
/blog/vehicle-intelligence,Why Vehicle Intelligence Matters for Solving Crime,sitemap-only,post,200,,https://www.flocksafety.com/blog/vehicle-intelligence
/blog/vehicle-recognition-software-for-investigation-grade-lpr,Vehicle Recognition Software for Investigation-grade LPR,sitemap-only,post,200,,https://www.flocksafety.com/blog/vehicle-recognition-software-for-investigation-grade-lpr
/blog/video,"Flock Safety Platform Overview: Cameras, Drones & Software",sitemap-only,post,200,,https://www.flocksafety.com/blog/video
/blog/video-with-lpr-equips-law-enforcement-to-stay-ahead-of-summers-surge-in-violent-crime,Pairing Video With License Plate Readers for Summer Crime,sitemap-only,post,200,,https://www.flocksafety.com/blog/video-with-lpr-equips-law-enforcement-to-stay-ahead-of-summers-surge-in-violent-crime
/blog/video-without-limitations-flock-safetys-newest-solutions-for-law-enforcement,Flock's Newest Video Solutions for Law Enforcement,sitemap-only,post,200,,https://www.flocksafety.com/blog/video-without-limitations-flock-safetys-newest-solutions-for-law-enforcement
/blog/violent-crimes-plummeting-in-a-cobb-county-community,"Violent Crime Drops 34% in a Marietta, GA Neighborhood",sitemap-only,post,200,,https://www.flocksafety.com/blog/violent-crimes-plummeting-in-a-cobb-county-community
/blog/virtual-neighborhood-gate-that-captures-evidence,Virtual Gates vs. Physical Gates: Which Stops Crime?,sitemap-only,post,200,,https://www.flocksafety.com/blog/virtual-neighborhood-gate-that-captures-evidence
/blog/ward-off-organized-retail-crime-this-holiday-season,How to Prevent Organized Retail Crime This Holiday Season,sitemap-only,post,200,,https://www.flocksafety.com/blog/ward-off-organized-retail-crime-this-holiday-season
/blog/warner-robins-flock-911,How Warner Robins PD Closes the 911 Call Gap in Real Time,sitemap-only,post,200,,https://www.flocksafety.com/blog/warner-robins-flock-911
/blog/washington-court-of-appeals-upholds-automated-license-plate-readers-as-constitutional,Washington Court Rules License Plate Readers Constitutional,sitemap-only,post,200,,https://www.flocksafety.com/blog/washington-court-of-appeals-upholds-automated-license-plate-readers-as-constitutional
/blog/west-cancer-center-reduces-parking-lot-crime-by-100-with-a-perimeter-security-strategy-using-lpr-cameras,West Cancer Center Cuts Parking Lot Crime by 100% With LPR,sitemap-only,post,200,,https://www.flocksafety.com/blog/west-cancer-center-reduces-parking-lot-crime-by-100-with-a-perimeter-security-strategy-using-lpr-cameras
/blog/what-are-the-benefits-of-flock-mobile-security-trailers-vs-traditional-security-systems,Mobile Security Trailers vs. Traditional Camera Systems,sitemap-only,post,200,,https://www.flocksafety.com/blog/what-are-the-benefits-of-flock-mobile-security-trailers-vs-traditional-security-systems
/blog/what-community-managers-say-is-their-biggest-help-when-crime-is-committed-in-a-neighborhood,The Tool That Saves Community Managers Time on Crime,sitemap-only,post,200,,https://www.flocksafety.com/blog/what-community-managers-say-is-their-biggest-help-when-crime-is-committed-in-a-neighborhood
/blog/what-do-flock-cameras-actually-capture,"What Do Flock Cameras Actually Capture? Vehicles, Not Faces",sitemap-only,post,200,,https://www.flocksafety.com/blog/what-do-flock-cameras-actually-capture
/blog/what-does-connecticut-sb397-mean-for-alpr-use-across-the-state,Connecticut SB397 Explained: New ALPR Rules for 2027,sitemap-only,post,200,,https://www.flocksafety.com/blog/what-does-connecticut-sb397-mean-for-alpr-use-across-the-state
/blog/what-does-open-really-mean-public-safety-wins-when-the-industry-works-together,"What ""Open"" Really Means for Public Safety Technology",sitemap-only,post,200,,https://www.flocksafety.com/blog/what-does-open-really-mean-public-safety-wins-when-the-industry-works-together
/blog/what-does-oregon-senate-bill-1516-mean-for-alpr-use-in-oregon,What Oregon's SB 1516 Means for ALPR Use in Oregon,sitemap-only,post,200,,https://www.flocksafety.com/blog/what-does-oregon-senate-bill-1516-mean-for-alpr-use-in-oregon
/blog/what-does-the-driver-privacy-and-safety-act-sb40-mean-for-alpr-use-in-new-mexico,What New Mexico's SB40 Means for License Plate Reader Use,sitemap-only,post,200,,https://www.flocksafety.com/blog/what-does-the-driver-privacy-and-safety-act-sb40-mean-for-alpr-use-in-new-mexico
/blog/what-does-washington-senate-bill-6002-mean-for-alpr-use-in-washington,Washington SB 6002: What It Means for ALPR Programs,sitemap-only,post,200,,https://www.flocksafety.com/blog/what-does-washington-senate-bill-6002-mean-for-alpr-use-in-washington
/blog/what-flocks-privacy-and-security-updates-mean-for-private-sector-customers,What Flock's Privacy and Security Updates Mean for Private Sector Customers,header,post,200,,https://www.flocksafety.com/blog/what-flocks-privacy-and-security-updates-mean-for-private-sector-customers
/blog/what-happens-if-a-flock-camera-is-damaged,What Happens if a Flock Camera Is Damaged or Vandalized?,sitemap-only,post,200,,https://www.flocksafety.com/blog/what-happens-if-a-flock-camera-is-damaged
/blog/what-happens-if-law-enforcement-misuses-the-flock-system,What Happens When an Officer Misuses Flock's System?,sitemap-only,post,200,,https://www.flocksafety.com/blog/what-happens-if-law-enforcement-misuses-the-flock-system
/blog/what-is-jugging-5-tips-to-keep-you-safe-from-this-dangerous-crime,What Is Jugging? 5 Tips to Protect Yourself From It,sitemap-only,post,200,,https://www.flocksafety.com/blog/what-is-jugging-5-tips-to-keep-you-safe-from-this-dangerous-crime
/blog/what-is-organized-retail-crime,What Is Organized Retail Crime? Definition & Deterrence,sitemap-only,post,200,,https://www.flocksafety.com/blog/what-is-organized-retail-crime
/blog/what-is-traffic-analytics,What Is Traffic Analytics?,header [not-in-sitemap],post,200,,https://www.flocksafety.com/blog/what-is-traffic-analytics
/blog/what-makes-a-public-safety-platform-secure,What Actually Makes a Public Safety Platform Secure?,sitemap-only,post,200,,https://www.flocksafety.com/blog/what-makes-a-public-safety-platform-secure
/blog/what-police-wish-you-knew-about-neighborhood-crime,"Neighborhood Crime Is Down 15 Years Straight, Police Say",sitemap-only,post,200,,https://www.flocksafety.com/blog/what-police-wish-you-knew-about-neighborhood-crime
/blog/what-safety-means-to-you-building-community-on-your-terms,"Building Community Safety On Your Terms, Not Ours",sitemap-only,post,200,,https://www.flocksafety.com/blog/what-safety-means-to-you-building-community-on-your-terms
/blog/what-separates-great-from-good-in-your-first-90-days-at-flock,What Separates Great from Good in Your First 90 Days at Flock,sitemap-only,post,200,,https://www.flocksafety.com/blog/what-separates-great-from-good-in-your-first-90-days-at-flock
/blog/what-the-supreme-courts-chatrie-decision-actually-means-for-alpr-technology,What the Supreme Court's Chatrie Decision Means for ALPR Technology,sitemap-only,post,200,,https://www.flocksafety.com/blog/what-the-supreme-courts-chatrie-decision-actually-means-for-alpr-technology
/blog/what-transportation-engineers-can-learn-from-the-roads-they-already-see,What Transportation Engineers Can Learn From LPR Data,sitemap-only,post,200,,https://www.flocksafety.com/blog/what-transportation-engineers-can-learn-from-the-roads-they-already-see
/blog/what-your-city-council-isnt-being-told-about-lpr-privacy,LPR Privacy: What City Councils Aren't Being Told,sitemap-only,post,200,,https://www.flocksafety.com/blog/what-your-city-council-isnt-being-told-about-lpr-privacy
/blog/when-crime-happens-flock-safety-captures-footage-police-need,How License Plate Cameras Help Police Solve Burglaries,sitemap-only,post,200,,https://www.flocksafety.com/blog/when-crime-happens-flock-safety-captures-footage-police-need
/blog/which-license-plate-reader-security-camera-is-best-for-my-needs,Best ALPR Cameras of 2026: Top 5 License Plate Readers,sitemap-only,post,200,,https://www.flocksafety.com/blog/which-license-plate-reader-security-camera-is-best-for-my-needs
/blog/white-settlements-detective-ramirez-enhances-officer-safety-through-technology,White Settlement PD: How Flock Cameras Protect Officers,sitemap-only,post,200,,https://www.flocksafety.com/blog/white-settlements-detective-ramirez-enhances-officer-safety-through-technology
/blog/whitehall-pd-solves-gun-related-crime-less-than-48,Whitehall PD Solved a Gun Crime 48 Hours After Install,sitemap-only,post,200,,https://www.flocksafety.com/blog/whitehall-pd-solves-gun-related-crime-less-than-48
/blog/who-really-has-access-to-your-flock-data,Who Has Access to Flock Camera Data? | Flock Safety,sitemap-only,post,200,,https://www.flocksafety.com/blog/who-really-has-access-to-your-flock-data
/blog/why-are-some-flock-cameras-being-removed-by-cities,Why Cities Are Removing Flock Cameras: It's Not the Tech,sitemap-only,post,200,,https://www.flocksafety.com/blog/why-are-some-flock-cameras-being-removed-by-cities
/blog/why-city-leaders-are-getting-behind-license-plate-readers,Why City Leaders Are Backing License Plate Readers,sitemap-only,post,200,,https://www.flocksafety.com/blog/why-city-leaders-are-getting-behind-license-plate-readers
/blog/why-flock,Why Flock? The Technology Behind Faster Crime Solving,sitemap-only,post,200,,https://www.flocksafety.com/blog/why-flock
/blog/why-i-joined-flock-coo-elan-greenberg,Why Elan Greenberg Joined Flock Safety as Its New COO,sitemap-only,post,200,,https://www.flocksafety.com/blog/why-i-joined-flock-coo-elan-greenberg
/blog/why-i-joined-flock-safety-a-mission-you-can-feel,Why I Joined Flock Safety: A Mission You Can Truly Feel,sitemap-only,post,200,,https://www.flocksafety.com/blog/why-i-joined-flock-safety-a-mission-you-can-feel
/blog/why-neighborhood-watch-group-need-lpr-cameras,Why Neighborhood Watch Groups Need License Plate Cameras,sitemap-only,post,200,,https://www.flocksafety.com/blog/why-neighborhood-watch-group-need-lpr-cameras
/blog/why-police-technology-is-a-must-for-small-departments,Why Small Police Departments Need Modern Technology,sitemap-only,post,200,,https://www.flocksafety.com/blog/why-police-technology-is-a-must-for-small-departments
/blog/why-public-safety-needs-a-new-kind-of-platform,Flock Nova: One Platform to Unify Police Data Systems,sitemap-only,post,200,,https://www.flocksafety.com/blog/why-public-safety-needs-a-new-kind-of-platform
/blog/why-retailers-are-using-license-plate-readers-to-fight-orc-and-fraud,Why Retailers Use License Plate Readers to Fight ORC,sitemap-only,post,200,,https://www.flocksafety.com/blog/why-retailers-are-using-license-plate-readers-to-fight-orc-and-fraud
/blog/why-safety-is-a-fundamental-right,Why Flock's CEO Calls Safety a Fundamental Right,sitemap-only,post,200,,https://www.flocksafety.com/blog/why-safety-is-a-fundamental-right
/blog/why-san-leandros-civic-leaders-chose-flock-for-responsible-crime-solving,Why San Leandro Chose Flock for Responsible Crime-Solving,sitemap-only,post,200,,https://www.flocksafety.com/blog/why-san-leandros-civic-leaders-chose-flock-for-responsible-crime-solving
/blog/why-the-type-of-security-camera-you-have-makes-a-difference,Not All Security Cameras Are Built to Solve Crimes,sitemap-only,post,200,,https://www.flocksafety.com/blog/why-the-type-of-security-camera-you-have-makes-a-difference
/blog/why-vendor-competition-matters-for-your-agencys-future,Why Vendor Competition Matters for Your Agency’s Future,sitemap-only,post,200,,https://www.flocksafety.com/blog/why-vendor-competition-matters-for-your-agencys-future
/blog/why-video-is-the-missing-link-in-your-lpr-program,Why Video Is the Missing Link in Your LPR Program,sitemap-only,post,200,,https://www.flocksafety.com/blog/why-video-is-the-missing-link-in-your-lpr-program
/blog/why-you-should-embrace-automated-license-plate-readers,Why Communities Should Embrace License Plate Readers,sitemap-only,post,200,,https://www.flocksafety.com/blog/why-you-should-embrace-automated-license-plate-readers
/blog/workplace-violence-prevention-strategies,Strategies to Prevent Workplace Violence Across Businesses,sitemap-only,post,200,,https://www.flocksafety.com/blog/workplace-violence-prevention-strategies
/blog/you-dont-need-more-security-guards-you-need-a-smarter-security-system,Skip the Guard Hire: Build a Smarter Security System,sitemap-only,post,200,,https://www.flocksafety.com/blog/you-dont-need-more-security-guards-you-need-a-smarter-security-system
/blog/your-black-friday-game-plan-steps-to-set-your-business-up-for-success,Black Friday Retail Security: Your Game Plan for Success,sitemap-only,post,200,,https://www.flocksafety.com/blog/your-black-friday-game-plan-steps-to-set-your-business-up-for-success
/book-a-demo,Book a Demo | See the Flock Safety Platform in Action,header,utility,200,,https://www.flocksafety.com/book-a-demo
/book-a-demo---ctv,Book a Demo - CTV,sitemap-only,utility,200,,https://www.flocksafety.com/book-a-demo---ctv
/book-a-demo-arizona,Book a demo-Arizona,sitemap-only,utility,200,,https://www.flocksafety.com/book-a-demo-arizona
/book-a-demo-blue-eye,Book a demo Blue Eye,sitemap-only,utility,200,,https://www.flocksafety.com/book-a-demo-blue-eye
/book-a-demo-form-test,Book a demo form test,sitemap-only,utility,200,,https://www.flocksafety.com/book-a-demo-form-test
/book-a-demo-homeowners,Book a Demo for Homeowners | Flock Safety,sitemap-only,utility,200,,https://www.flocksafety.com/book-a-demo-homeowners
/book-a-demo-layout,Book a demo layout,sitemap-only,utility,200,,https://www.flocksafety.com/book-a-demo-layout
/book-a-demo-multistep,Book a Demo with Flock Safety Today,sitemap-only,utility,200,,https://www.flocksafety.com/book-a-demo-multistep
/book-a-demo-neighborhoods,Book a Demo for Your Neighborhood | Flock Safety,sitemap-only,utility,200,,https://www.flocksafety.com/book-a-demo-neighborhoods
/book-a-demo-paid,Book a Demo Today | Flock Safety Public Safety Platform,sitemap-only,utility,200,,https://www.flocksafety.com/book-a-demo-paid
/book-a-demo-paid-copy,Book a demo,sitemap-only,utility,200,,https://www.flocksafety.com/book-a-demo-paid-copy
/book-a-demo-short-form,Book a Demo Short Form,sitemap-only,utility,200,,https://www.flocksafety.com/book-a-demo-short-form
/book-a-demo-short-form-paid,Book Your Flock Safety Demo Now | Public Safety Tools,sitemap-only,utility,200,,https://www.flocksafety.com/book-a-demo-short-form-paid
/book-a-demo-short-form-test,Get Started with Flock Safety Today,sitemap-only,utility,200,,https://www.flocksafety.com/book-a-demo-short-form-test
/book-a-demo-test,Book a demo - test,sitemap-only,utility,200,,https://www.flocksafety.com/book-a-demo-test
/book-a-mobile-security-trailers-demo,Ready When You Are: Security That Moves With You,sitemap-only,utility,200,,https://www.flocksafety.com/book-a-mobile-security-trailers-demo
/brand-partner-guide,Flock Safety Brand Partner Guide: Logo & Style Rules,sitemap-only,resource,200,,https://www.flocksafety.com/brand-partner-guide
/business-template,Business Funding Letter Template | Flock Safety,sitemap-only,utility,200,,https://www.flocksafety.com/business-template
/careers,Careers at Flock Safety,header+footer,index,200,,https://www.flocksafety.com/careers
/careers/engineering,Engineering at Flock,sitemap-only,marketing,200,,https://www.flocksafety.com/careers/engineering
/careers/experience,Life & Experience at Flock Safety,sitemap-only,marketing,200,,https://www.flocksafety.com/careers/experience
/careers/positions,Open Roles | Join Flock Safety,sitemap-only,marketing,200,,https://www.flocksafety.com/careers/positions
/chilipiper-2,Chilipiper 2,sitemap-only,utility,200,,https://www.flocksafety.com/chilipiper-2
/choose-your-bundle,Choose Your Bundle,sitemap-only,marketing,200,,https://www.flocksafety.com/choose-your-bundle
/city-leadership-direct,Traffic Intelligence for City Leaders | Flock Safety,sitemap-only,utility,200,,https://www.flocksafety.com/city-leadership-direct
/connected-workflows-demo,Connected Workflows Demo | Flock,sitemap-only,utility,200,,https://www.flocksafety.com/connected-workflows-demo
/contact,"Contact Flock Safety | Sales, Support & Media Team",header+footer,utility,200,,https://www.flocksafety.com/contact
/crash-detection,Crash Detection Technology | Flock Safety,sitemap-only,marketing,200,,https://www.flocksafety.com/crash-detection
/customers,Flock Safety Customer Stories & Case Studies by Industry,header,index,200,,https://www.flocksafety.com/customers
/customers/4-ways-retailers-can-level-up-their-security-coverage-during-the-holiday-season,Retail | Flock Safety,crawl-only [not-in-sitemap],redirect,200 (redirect),/industries/retail,https://www.flocksafety.com/customers/4-ways-retailers-can-level-up-their-security-coverage-during-the-holiday-season
/customers/academy-sports-tackles-organized-retail-crime-with-flock-safety,Academy Sports Tackles Organized Retail Crime With Flock Safety,sitemap-only,post,200,,https://www.flocksafety.com/customers/academy-sports-tackles-organized-retail-crime-with-flock-safety
/customers/amplifying-intelligence-led-policing-with-fort-worth-pd,Amplifying Intelligence-Led Policing: Flock Safety’s Pivotal Role in Fort Worth PD’s RTCC,sitemap-only,post,200,,https://www.flocksafety.com/customers/amplifying-intelligence-led-policing-with-fort-worth-pd
/customers/assessing-the-accuracy-of-computer-vision-methods-for-traffic-data-collection,Assessing the Accuracy of Computer Vision Methods for Traffic Data Collection,sitemap-only,post,200,,https://www.flocksafety.com/customers/assessing-the-accuracy-of-computer-vision-methods-for-traffic-data-collection
/customers/empowering-small-city-policing-in-martinsville-va,"Empowering Small-City Policing: Transformative Impact of Flock Safety in Martinsville, Virginia",sitemap-only,post,200,,https://www.flocksafety.com/customers/empowering-small-city-policing-in-martinsville-va
/customers/flock-safety-cameras-aid-police-in-arrest-just-30-minutes-after-going-live,Flock Safety Cameras Aid Police In Minnesota Shopping Center Arrest Just 30 Minutes After Going Live,sitemap-only,post,200,,https://www.flocksafety.com/customers/flock-safety-cameras-aid-police-in-arrest-just-30-minutes-after-going-live
/customers/flock-safety-helps-dierbergs-market-solve-orc-case-of-20k-in-stolen-merchandise,Flock Safety Helps Dierbergs Market Solve ORC Case of $20K+ in Stolen Merchandise,sitemap-only,post,200,,https://www.flocksafety.com/customers/flock-safety-helps-dierbergs-market-solve-orc-case-of-20k-in-stolen-merchandise
/customers/flock-safety-raven-and-falcon-help-morgan-hill-pd-solve-aggravated-assault,Flock Safety Gunshot Detection Device & Flock Safety LPR Cameras Helps Morgan Hill PD Solve Aggravated Assault and P,sitemap-only,post,200,,https://www.flocksafety.com/customers/flock-safety-raven-and-falcon-help-morgan-hill-pd-solve-aggravated-assault
/customers/flock-safety-raven-gives-albany-police-department-actionable-crime-data,Flock Gunshot Detection Device Gives Albany Police Department Actionable Crime Data and an Investigative Edge,sitemap-only,post,200,,https://www.flocksafety.com/customers/flock-safety-raven-gives-albany-police-department-actionable-crime-data
/customers/from-risk-to-resolution-ldg-developments-case-closures-with-flock-safety,From Risk to Resolution: LDG Development’s 100% Case Closure with Flock Safety,sitemap-only,post,200,,https://www.flocksafety.com/customers/from-risk-to-resolution-ldg-developments-case-closures-with-flock-safety
/customers/future-honda-deploys-flock-safety-cameras-to-deter-criminals-and-shape-a-safer-future,Future Honda Deploys Flock Safety Falcon® LPR Cameras to Deter Criminals and Shape a Safer Future For Their Community,sitemap-only,post,200,,https://www.flocksafety.com/customers/future-honda-deploys-flock-safety-cameras-to-deter-criminals-and-shape-a-safer-future
/customers/georgia-hospital-cuts-theft-by-55-percent,Hospital Cuts Property Crime by 55%,sitemap-only,post,200,,https://www.flocksafety.com/customers/georgia-hospital-cuts-theft-by-55-percent
/customers/georgia-school-system-sees-improved-crime-deterrence,"Georgia School System Serving Nearly 100,000 Students Sees Improved Crime Deterrence with Flock LPR Cameras",sitemap-only,post,200,,https://www.flocksafety.com/customers/georgia-school-system-sees-improved-crime-deterrence
/customers/gwinnett-county-pd-uses-flock-lpr-to-reduce-and-solve-crime-across-diverse-roadways,Gwinnett County PD Uses Flock LPR to Reduce and Solve Crime Across Diverse Roadways,sitemap-only,post,200,,https://www.flocksafety.com/customers/gwinnett-county-pd-uses-flock-lpr-to-reduce-and-solve-crime-across-diverse-roadways
/customers/healthcare-clinic-enhances-security-and-reduces-crime-with-flock-perimeter-protection-solution,Healthcare Clinic Enhances Security & Reduces Crime with Flock Perimeter Protection Solution,sitemap-only,post,200,,https://www.flocksafety.com/customers/healthcare-clinic-enhances-security-and-reduces-crime-with-flock-perimeter-protection-solution
/customers/helping-a-utility-company-deter-violent-crime-and-keep-employees-safe,Helping a Utility Company Deter Violent Crime and Keep Employees Safe,sitemap-only,post,200,,https://www.flocksafety.com/customers/helping-a-utility-company-deter-violent-crime-and-keep-employees-safe
/customers/hoa-board-president-enhances-community-safety-while-navigating-tight-budgets-and-local-restrictions-with-flock-safety,How an HOA Board President Addressed Vehicle Break-Ins while Navigating Tight Budgets and Local Restrictions,sitemap-only,post,200,,https://www.flocksafety.com/customers/hoa-board-president-enhances-community-safety-while-navigating-tight-budgets-and-local-restrictions-with-flock-safety
/customers/how-a-logistics-company-stopped-8-figures-losses-from-organized-crime-protected-millions-in-freight-with-flock-lpr-cameras-56tgx,How a Logistics Company Stopped 8-Figure Losses From Organized Crime & Protected Millions in Freight with Flock LPR,sitemap-only,post,200,,https://www.flocksafety.com/customers/how-a-logistics-company-stopped-8-figures-losses-from-organized-crime-protected-millions-in-freight-with-flock-lpr-cameras-56tgx
/customers/how-castle-rock-police-department-extended-visibility-with-flock-dual-lens-ptz,How Castle Rock Police Department Extended Visibility With Flock Dual Lens PTZ,sitemap-only,post,200,,https://www.flocksafety.com/customers/how-castle-rock-police-department-extended-visibility-with-flock-dual-lens-ptz
/customers/how-columbus-is-harnessesing-flock-lpr-and-audio-detection-for-crime-resolution,"Strengthening Bonds, Increasing Safety: How Deputy Chief Dan Kelso’s Team Harnesses Flock Safety LPR & Gunshot Det",sitemap-only,post,200,,https://www.flocksafety.com/customers/how-columbus-is-harnessesing-flock-lpr-and-audio-detection-for-crime-resolution
/customers/how-many-crimes-do-automated-license-plate-readers-alprs-solve-anyway,"How Many Crimes Do Automated License Plate Readers (ALPRs) Solve, Anyway?",sitemap-only,post,200,,https://www.flocksafety.com/customers/how-many-crimes-do-automated-license-plate-readers-alprs-solve-anyway
/customers/how-spring-branch-independent-school-district-is-stopping-crime-with-a-flock-safety-falcon-and-raven-system,How Spring Branch Independent School District Is Stopping Crime With Flock’s LPR and Gunshot Detection System,sitemap-only,post,200,,https://www.flocksafety.com/customers/how-spring-branch-independent-school-district-is-stopping-crime-with-a-flock-safety-falcon-and-raven-system
/customers/how-tulsa-pd-empowered-their-force-with-real-time-intelligence-via-flockos,How Tulsa PD Empowered Their Force With Real-Time Intelligence via FlockOS®,sitemap-only,post,200,,https://www.flocksafety.com/customers/how-tulsa-pd-empowered-their-force-with-real-time-intelligence-via-flockos
/customers/licking-heights-local-school-district-enhances-learning-with-flock-safety-falcon-perimeter,How Licking Heights Local School District Enhances Learning with a Flock Safety LPR Perimeter,sitemap-only,post,200,,https://www.flocksafety.com/customers/licking-heights-local-school-district-enhances-learning-with-flock-safety-falcon-perimeter
/customers/licking-heights-school-proactively-leveled-up-security-with-flock-safety-falcon-cameras,How Licking Heights School District in Ohio Proactively Leveled Up Security with Innovative Flock Safety™ LPR Cameras,sitemap-only,post,200,,https://www.flocksafety.com/customers/licking-heights-school-proactively-leveled-up-security-with-flock-safety-falcon-cameras
/customers/los-angeles-community-solves-high-profile-neighborhood-crime-with-flock-safety-license-plate-recognition-lpr-cameras,Los Angeles Community Solves High-Profile Neighborhood Crime with Flock Safety License Plate Recognition (LPR) Cameras,sitemap-only,post,200,,https://www.flocksafety.com/customers/los-angeles-community-solves-high-profile-neighborhood-crime-with-flock-safety-license-plate-recognition-lpr-cameras
/customers/pacific-ridge-hoa-from-four-break-ins-a-year-to-zero-with-flock-safety,Pacific Ridge HOA: From Four Break-Ins a Year to Zero with Flock Safety,sitemap-only,post,200,,https://www.flocksafety.com/customers/pacific-ridge-hoa-from-four-break-ins-a-year-to-zero-with-flock-safety
/customers/pet-food-manufacturer-reduces-property-damage-costs-and-deters-threats-from-disgruntled-employees-with-lpr-cameras,Pet Food Manufacturer Reduces Property Damage Costs and Deters Threats from Disgruntled Employees with LPR Cameras,sitemap-only,post,200,,https://www.flocksafety.com/customers/pet-food-manufacturer-reduces-property-damage-costs-and-deters-threats-from-disgruntled-employees-with-lpr-cameras
/customers/reducing-crime-at-gwinnett-place-with-flock-safety,Reducing Crime at Gwinnett Place with Flock Safety,sitemap-only,post,200,,https://www.flocksafety.com/customers/reducing-crime-at-gwinnett-place-with-flock-safety
/customers/revolutionizing-response-flock-safetys-impact-in-scottsdale,"Revolutionizing Response: Flock Safety’s Impact in Scottsdale, Arizona",sitemap-only,post,200,,https://www.flocksafety.com/customers/revolutionizing-response-flock-safetys-impact-in-scottsdale
/customers/san-antonio-community-considered-one-of-the-safest-communities-since-implementing-flock-safety,San Antonio Community Considered One of the Safest Communities Since Implementing Flock Safety,sitemap-only,post,200,,https://www.flocksafety.com/customers/san-antonio-community-considered-one-of-the-safest-communities-since-implementing-flock-safety
/customers/san-bruno-ca-community-leverages-flock-safety-technology-to-help-solve-100-crimes,"San Bruno, CA Community Leverages Flock Safety Technology to Help Solve 100+ Crimes",sitemap-only,post,200,,https://www.flocksafety.com/customers/san-bruno-ca-community-leverages-flock-safety-technology-to-help-solve-100-crimes
/customers/sanibel-flock-traffic-analytics,"How the City of Sanibel Uses Flock Safety Traffic Analytics to Navigate Tourism, Trucks, and Storm Recovery",sitemap-only,post,200,,https://www.flocksafety.com/customers/sanibel-flock-traffic-analytics
/customers/southeastern-metro-agency-quickly-responds-to-gun-related-crimes,Southeastern Metro Agency Quickly Responds to Gun-Related Crimes,sitemap-only,post,200,,https://www.flocksafety.com/customers/southeastern-metro-agency-quickly-responds-to-gun-related-crimes
/customers/spokane-county-sheriffs-office-experience-rapid-case-resolution,Spokane County Sheriff’s Office Experiences Rapid Case Resolution with Real-time Intelligence & LPR for Every Road,sitemap-only,post,200,,https://www.flocksafety.com/customers/spokane-county-sheriffs-office-experience-rapid-case-resolution
/customers/spokane-county-sheriffs-office-improves-investigative-efficiency-with-flockos,"Real-Time, Real Success: Spokane County's RTIC Improves Investigative Efficiency with FlockOS®",sitemap-only,post,200,,https://www.flocksafety.com/customers/spokane-county-sheriffs-office-improves-investigative-efficiency-with-flockos
/customers/state-dot-validation-shows-reliable-traffic-data-at-scale,State DOT Validation Shows Reliable Traffic Data at Scale,sitemap-only,post,200,,https://www.flocksafety.com/customers/state-dot-validation-shows-reliable-traffic-data-at-scale
/customers/tulsa-oklahoma-shopping-center-sees-nearly-70-drop-in-retail-theft-incidents-with-flock-safety,"Tulsa, Oklahoma Shopping Center Sees Nearly 70% Drop in Retail Theft Incidents with Flock Safety",sitemap-only,post,200,,https://www.flocksafety.com/customers/tulsa-oklahoma-shopping-center-sees-nearly-70-drop-in-retail-theft-incidents-with-flock-safety
/customers/university-of-iowa-transformed-campus-safety-with-a-flock-safety-falcon-lpr-perimeter,How the University of Iowa Transformed Campus Safety with a Flock Safety LPR Perimeter,sitemap-only,post,200,,https://www.flocksafety.com/customers/university-of-iowa-transformed-campus-safety-with-a-flock-safety-falcon-lpr-perimeter
/customers/west-cancer-center-reduces-parking-lot-crime-with-flock-safety-cameras,West Cancer Center Reduces Parking Lot Crime by 100% With Flock LPR Cameras,sitemap-only,post,200,,https://www.flocksafety.com/customers/west-cancer-center-reduces-parking-lot-crime-with-flock-safety-cameras
/customers/whitehall-pd-solves-gun-related-crime-with-flock-safety-raven,Flock Safety Customer Stories & Case Studies by Industry,sitemap-only,redirect,200 (redirect),/customers,https://www.flocksafety.com/customers/whitehall-pd-solves-gun-related-crime-with-flock-safety-raven
/dir-contract,Flock Safety Texas DIR Contract | Cooperative Purchasing,sitemap-only,utility,200,,https://www.flocksafety.com/dir-contract
/drones-demo,Flock Alpha Drone as First Responder | Book a Demo,sitemap-only,utility,200,,https://www.flocksafety.com/drones-demo
/dual-lens-ptz-video,LPR + Video Cameras: Book a Demo | Flock Safety,sitemap-only,marketing,200,,https://www.flocksafety.com/dual-lens-ptz-video
/ebooks,Not Found,crawl-only [not-in-sitemap],dead,404,,https://www.flocksafety.com/ebooks
/ebooks/13-fall-hotspots-to-secure-with-a-mobile-security-trailer,13 Fall Hotspots to Secure With a Mobile Trailer,sitemap-only,resource,200,,https://www.flocksafety.com/ebooks/13-fall-hotspots-to-secure-with-a-mobile-security-trailer
/ebooks/2023-back-to-school-safety-kit,Back-to-School Safety Kit for Families & Communities,sitemap-only,resource,200,,https://www.flocksafety.com/ebooks/2023-back-to-school-safety-kit
/ebooks/2023-guide-to-community-security,Community Security Guide for HOAs & Neighborhoods,sitemap-only,resource,200,,https://www.flocksafety.com/ebooks/2023-guide-to-community-security
/ebooks/2025-community-safety-guide,2025 Community Safety Guide: 4 Strategies to Deter Crime,sitemap-only,resource,200,,https://www.flocksafety.com/ebooks/2025-community-safety-guide
/ebooks/3-proven-strategies-to-boost-patient-physician-and-staff-safety,3 Proven Strategies to Boost Healthcare Staff Safety,sitemap-only,resource,200,,https://www.flocksafety.com/ebooks/3-proven-strategies-to-boost-patient-physician-and-staff-safety
/ebooks/5-ways-to-mitigate-retail-risk-for-black-friday-beyond,5 Ways to Mitigate Retail Risk for Black Friday & Beyond,sitemap-only,resource,200,,https://www.flocksafety.com/ebooks/5-ways-to-mitigate-retail-risk-for-black-friday-beyond
/ebooks/7-security-strategies-from-law-enforcement-investigators-to-better-protect-your-assets-and-employees,7 Strategies to Protect Your Retail Assets & Staff,sitemap-only,resource,200,,https://www.flocksafety.com/ebooks/7-security-strategies-from-law-enforcement-investigators-to-better-protect-your-assets-and-employees
/ebooks/7-security-strategies-from-law-enforcement-investigators-to-better-protect-your-business-from-crime,7 Security Strategies From Law Enforcement Investigators,sitemap-only,resource,200,,https://www.flocksafety.com/ebooks/7-security-strategies-from-law-enforcement-investigators-to-better-protect-your-business-from-crime
/ebooks/7-security-strategies-to-protect-nurses-doctors-patients-from-violence-in-your-healthcare-campus-facilities,7 Security Strategies to Protect Healthcare Staff,sitemap-only,resource,200,,https://www.flocksafety.com/ebooks/7-security-strategies-to-protect-nurses-doctors-patients-from-violence-in-your-healthcare-campus-facilities
/ebooks/a-complete-guide-to-layered-security-technology-for-commercial-businesses,A Complete Guide to Layered Security for Businesses,sitemap-only,resource,200,,https://www.flocksafety.com/ebooks/a-complete-guide-to-layered-security-technology-for-commercial-businesses
/ebooks/a-guide-to-benchmarking-fixed-lpr-solutions,How to Benchmark Fixed LPR Solutions Before You Buy,sitemap-only,resource,200,,https://www.flocksafety.com/ebooks/a-guide-to-benchmarking-fixed-lpr-solutions
/ebooks/apartment-security,Apartment Security Guide: Reduce Crime & Retain Tenants,sitemap-only,resource,200,,https://www.flocksafety.com/ebooks/apartment-security
/ebooks/build-a-stronger-defense-for-your-jobsite,Build a Stronger Defense for Your Construction Site,sitemap-only,resource,200,,https://www.flocksafety.com/ebooks/build-a-stronger-defense-for-your-jobsite
/ebooks/building-safer-communities-from-the-ground-up,Building Safer Communities: A Guide for Builders,sitemap-only,resource,200,,https://www.flocksafety.com/ebooks/building-safer-communities-from-the-ground-up
/ebooks/building-safer-communities-from-the-ground-up-ebook,Free eBook: Security Tips for Builders & Developers,sitemap-only,resource,200,,https://www.flocksafety.com/ebooks/building-safer-communities-from-the-ground-up-ebook
/ebooks/checklist-secure-advanced-technology-with-a-small-budget,Police Chief's Checklist: Tech on a Small Budget,sitemap-only,resource,200,,https://www.flocksafety.com/ebooks/checklist-secure-advanced-technology-with-a-small-budget
/ebooks/city-officials-build-community-partnerships-technology,How Cities Build Partnerships to Fund Safety Technology,sitemap-only,resource,200,,https://www.flocksafety.com/ebooks/city-officials-build-community-partnerships-technology
/ebooks/commercial-property-management-security-a-buyers-guide-use-cases,Commercial Property Security: Buyer's Guide + Use Cases,sitemap-only,resource,200,,https://www.flocksafety.com/ebooks/commercial-property-management-security-a-buyers-guide-use-cases
/ebooks/community-safety-use-case-guide,Community Safety Use Case Guide,sitemap-only,resource,200,,https://www.flocksafety.com/ebooks/community-safety-use-case-guide
/ebooks/connecting-the-dots-a-step-by-step-template-for-orc-case-building,ORC Case Building Template for Retail Investigators,sitemap-only,resource,200,,https://www.flocksafety.com/ebooks/connecting-the-dots-a-step-by-step-template-for-orc-case-building
/ebooks/coverage-where-it-counts,Coverage Gap Assesment Guide,sitemap-only,resource,200,,https://www.flocksafety.com/ebooks/coverage-where-it-counts
/ebooks/discover-4-proactive-strategies-to-deter-and-solve-more-crime-in-your-neighborhood,4 Proactive Strategies to Deter Crime in Your Neighborhood,sitemap-only,resource,200,,https://www.flocksafety.com/ebooks/discover-4-proactive-strategies-to-deter-and-solve-more-crime-in-your-neighborhood
/ebooks/doing-more-with-less,Doing More With Less: A Guide for Small Agencies,sitemap-only,resource,200,,https://www.flocksafety.com/ebooks/doing-more-with-less
/ebooks/drone-as-first-responder-programs-how-to-build-them-right-from-day-one,Drone as First Responder: Build a DFR Program Right,sitemap-only,resource,200,,https://www.flocksafety.com/ebooks/drone-as-first-responder-programs-how-to-build-them-right-from-day-one
/ebooks/elevating-retail-security,Elevating Retail Security With LPR & Gunshot Detection,sitemap-only,resource,200,,https://www.flocksafety.com/ebooks/elevating-retail-security
/ebooks/empowering-communities-to-keep-their-residents-safe,How to Empower Your Community to Keep Residents Safe,sitemap-only,resource,200,,https://www.flocksafety.com/ebooks/empowering-communities-to-keep-their-residents-safe
/ebooks/from-fear-to-confidence-how-technology-restores-the-retail-experience,From Fear to Confidence: Restoring the Retail Experience,sitemap-only,resource,200,,https://www.flocksafety.com/ebooks/from-fear-to-confidence-how-technology-restores-the-retail-experience
/ebooks/from-instinct-to-evidence-modern-approaches-to-human-trafficking-investigations,Modern Approaches to Human Trafficking Investigations,sitemap-only,resource,200,,https://www.flocksafety.com/ebooks/from-instinct-to-evidence-modern-approaches-to-human-trafficking-investigations
/ebooks/from-reactive-to-ready-a-playbook-for-the-new-era-of-crisis-response,From Reactive to Ready: A Crisis Response Playbook,sitemap-only,resource,200,,https://www.flocksafety.com/ebooks/from-reactive-to-ready-a-playbook-for-the-new-era-of-crisis-response
/ebooks/frost-sullivan-names-flock-safety-a-2025-new-product-innovator,Frost & Sullivan Names Flock Safety a 2025 New Product Innovator,sitemap-only,resource,200,,https://www.flocksafety.com/ebooks/frost-sullivan-names-flock-safety-a-2025-new-product-innovator
/ebooks/hotel-emergency-response-guide,Hotel Emergency Response Guide for Hospitality Teams,sitemap-only,resource,200,,https://www.flocksafety.com/ebooks/hotel-emergency-response-guide
/ebooks/how-to-develop-a-level-1-real-time-crime-center,How to Build a Level 1 Real-Time Crime Center (RTCC),sitemap-only,resource,200,,https://www.flocksafety.com/ebooks/how-to-develop-a-level-1-real-time-crime-center
/ebooks/how-to-proactively-address-organized-retail-crime,How to Proactively Address Organized Retail Crime,sitemap-only,resource,200,,https://www.flocksafety.com/ebooks/how-to-proactively-address-organized-retail-crime
/ebooks/how-to-speak-to-city-councils-about-public-safety-technology,How to Speak to City Councils About Public Safety Technology,sitemap-only,resource,200,,https://www.flocksafety.com/ebooks/how-to-speak-to-city-councils-about-public-safety-technology
/ebooks/is-your-tech-ready-for-the-next-crisis,Is Your Tech Ready for the Next Crisis? Free Guide,sitemap-only,resource,200,,https://www.flocksafety.com/ebooks/is-your-tech-ready-for-the-next-crisis
/ebooks/license-plate-reader-cameras-overview,License Plate Reader Cameras: How LPR Technology Works,sitemap-only,resource,200,,https://www.flocksafety.com/ebooks/license-plate-reader-cameras-overview
/ebooks/lpr-funding-guide,How to Fund LPR Technology Without a Grant | Free Guide,sitemap-only,resource,200,,https://www.flocksafety.com/ebooks/lpr-funding-guide
/ebooks/mobile-safety-tech-can-make-your-campus-safer,Mobile Safety Technology for Safer College Campuses,sitemap-only,resource,200,,https://www.flocksafety.com/ebooks/mobile-safety-tech-can-make-your-campus-safer
/ebooks/neighborhood-security-guide,Neighborhood Security Guide: Options for HOAs & Boards,sitemap-only,resource,200,,https://www.flocksafety.com/ebooks/neighborhood-security-guide
/ebooks/organized-retail-crime-case-template,Organized Retail Crime Case Template for Retailers,sitemap-only,resource,200,,https://www.flocksafety.com/ebooks/organized-retail-crime-case-template
/ebooks/property-safety-guide-2,Fire Safety in Your Home,sitemap-only,resource,200,,https://www.flocksafety.com/ebooks/property-safety-guide-2
/ebooks/property-safety-guide-3,Home Security Essentials: A Guide for Homeowners,sitemap-only,resource,200,,https://www.flocksafety.com/ebooks/property-safety-guide-3
/ebooks/property-safety-guide-4,Preventing Water Damage: A Property Safety Guide,sitemap-only,resource,200,,https://www.flocksafety.com/ebooks/property-safety-guide-4
/ebooks/property-safety-guide-7,Emergency Preparedness Guide for Home & Family Safety,sitemap-only,resource,200,,https://www.flocksafety.com/ebooks/property-safety-guide-7
/ebooks/property-safety-guide-8,Home Maintenance Checklist to Protect Your Property,sitemap-only,resource,200,,https://www.flocksafety.com/ebooks/property-safety-guide-8
/ebooks/property-safety-guide-9,Understanding Home Insurance: A Property Safety Guide,sitemap-only,resource,200,,https://www.flocksafety.com/ebooks/property-safety-guide-9
/ebooks/protect-people-and-profits-this-holiday-season,3 Ways to Protect People & Profits This Holiday Season,sitemap-only,resource,200,,https://www.flocksafety.com/ebooks/protect-people-and-profits-this-holiday-season
/ebooks/protecting-sacred-spaces-a-modern-guide-to-safety-for-houses-of-worship,Protecting Sacred Spaces: A Safety Guide for Worship,sitemap-only,resource,200,,https://www.flocksafety.com/ebooks/protecting-sacred-spaces-a-modern-guide-to-safety-for-houses-of-worship
/ebooks/rapid-reliable-ready-a-smarter-approach-to-crisis-response,"Rapid, Reliable, Ready: A Smarter Crisis Response",sitemap-only,resource,200,,https://www.flocksafety.com/ebooks/rapid-reliable-ready-a-smarter-approach-to-crisis-response
/ebooks/retail-security-strategies-from-law-enforcement-investigators,7 Retail Security Strategies From Law Enforcement Pros,sitemap-only,resource,200,,https://www.flocksafety.com/ebooks/retail-security-strategies-from-law-enforcement-investigators
/ebooks/school-safety-game-day-game-plan,School Game Day Safety: A Free 14-Page Guide,sitemap-only,resource,200,,https://www.flocksafety.com/ebooks/school-safety-game-day-game-plan
/ebooks/secure-your-home-21-tips-to-keep-you-and-your-home-safe,Secure Your Home: 21 Tips to Protect Your Household,sitemap-only,resource,200,,https://www.flocksafety.com/ebooks/secure-your-home-21-tips-to-keep-you-and-your-home-safe
/ebooks/security-solutions-to-keep-your-multi-family-community-safe,Security Solutions for Safer Multi-Family Communities,sitemap-only,resource,200,,https://www.flocksafety.com/ebooks/security-solutions-to-keep-your-multi-family-community-safe
/ebooks/security-strategies-from-former-law-enforcement-investigators,7 Security Strategies From Former Law Enforcement Pros,sitemap-only,resource,200,,https://www.flocksafety.com/ebooks/security-strategies-from-former-law-enforcement-investigators
/ebooks/security-strategies-to-protect-nurses-doctors-and-patients-from-violence,7 Security Strategies to Protect Healthcare Staff & Patients,sitemap-only,resource,200,,https://www.flocksafety.com/ebooks/security-strategies-to-protect-nurses-doctors-and-patients-from-violence
/ebooks/take-campus-safety-to-the-next-level,Take Campus Safety to the Next Level | Free eBook,sitemap-only,resource,200,,https://www.flocksafety.com/ebooks/take-campus-safety-to-the-next-level
/ebooks/the-2025-alpr-buyers-checklist--and-how-flock-measures-up,2025 ALPR Buyer's Checklist: How Flock Measures Up,sitemap-only,resource,200,,https://www.flocksafety.com/ebooks/the-2025-alpr-buyers-checklist--and-how-flock-measures-up
/ebooks/the-evolving-landscape-of-retail-consumer-attitudes-crime-trends-and-the-technology-leading-the-fight,"The Evolving Landscape of Retail: Consumer Attitudes, Crime Trends, and the Technology Leading the Fight",sitemap-only,resource,200,,https://www.flocksafety.com/ebooks/the-evolving-landscape-of-retail-consumer-attitudes-crime-trends-and-the-technology-leading-the-fight
/ebooks/the-evolving-landscape-of-retail-consumer-attitudes-crime-trends-and-the-technology-leading-the-fight-infographic,Retail Crime Trends & Consumer Attitudes Infographic,sitemap-only,resource,200,,https://www.flocksafety.com/ebooks/the-evolving-landscape-of-retail-consumer-attitudes-crime-trends-and-the-technology-leading-the-fight-infographic
/ebooks/the-power-of-integration-unifying-dispatch-and-rtic-operations,Unifying Dispatch and RTIC Operations: A Practical Guide,sitemap-only,resource,200,,https://www.flocksafety.com/ebooks/the-power-of-integration-unifying-dispatch-and-rtic-operations
/ebooks/your-plan-for-tech-enhanced-public-safety,Your Plan for Tech-Enhanced Public Safety,sitemap-only,resource,200,,https://www.flocksafety.com/ebooks/your-plan-for-tech-enhanced-public-safety
/email-exclusions-test,Email Exclusions Test,sitemap-only,utility,200,,https://www.flocksafety.com/email-exclusions-test
/enhanced-lpr-stop-crime-patterns-that-standard-lprs-cant-see,Enhanced LPR: See Crime Patterns Standard LPR Misses,sitemap-only,marketing,200,,https://www.flocksafety.com/enhanced-lpr-stop-crime-patterns-that-standard-lprs-cant-see
/events,Not Found,crawl-only [not-in-sitemap],dead,404,,https://www.flocksafety.com/events
/events/test-event,Protected page,sitemap-only,auth-gated,401,,https://www.flocksafety.com/events/test-event
/events/test-small-event,Protected page,sitemap-only,auth-gated,401,,https://www.flocksafety.com/events/test-small-event
/events/test-third-party-events,Protected page,sitemap-only,auth-gated,401,,https://www.flocksafety.com/events/test-third-party-events
/events/test-third-party-events-copy,Protected page,sitemap-only,auth-gated,401,,https://www.flocksafety.com/events/test-third-party-events-copy
/events/test-third-party-events-copy-2,Protected page,sitemap-only,auth-gated,401,,https://www.flocksafety.com/events/test-third-party-events-copy-2
/events/test-third-party-events-copy-3,Protected page,sitemap-only,auth-gated,401,,https://www.flocksafety.com/events/test-third-party-events-copy-3
/events/test-third-party-events-copy-4,Protected page,sitemap-only,auth-gated,401,,https://www.flocksafety.com/events/test-third-party-events-copy-4
/events/test-third-party-events-copy-5,Protected page,sitemap-only,auth-gated,401,,https://www.flocksafety.com/events/test-third-party-events-copy-5
/events/test-third-party-events-copy-6,Protected page,sitemap-only,auth-gated,401,,https://www.flocksafety.com/events/test-third-party-events-copy-6
/events/test-third-party-events-past,Protected page,sitemap-only,auth-gated,401,,https://www.flocksafety.com/events/test-third-party-events-past
/faq,Frequently Asked Questions | Flock Safety,footer,marketing,200,,https://www.flocksafety.com/faq
/fb-click-id,FB Click ID,sitemap-only,utility,200,,https://www.flocksafety.com/fb-click-id
/flock-ecosystem,Flock Ecosystem,sitemap-only,marketing,200,,https://www.flocksafety.com/flock-ecosystem
/flock-forward,Flock Forward 2026 | Atlanta Public Safety Conference,sitemap-only,marketing,200,,https://www.flocksafety.com/flock-forward
/flockone-sensors-software-stronger-together,FlockOne: Close More Cases With the Staff You Have,sitemap-only,marketing,200,,https://www.flocksafety.com/flockone-sensors-software-stronger-together
/form-test,Form Test,sitemap-only,utility,200,,https://www.flocksafety.com/form-test
/gdot,Georgia DOT LPR Right-of-Way Compliance | Flock Safety,sitemap-only,marketing,200,,https://www.flocksafety.com/gdot
/gsx,GSX,sitemap-only,marketing,200,,https://www.flocksafety.com/gsx
/implementation-guide,Flock Safety Implementation Guide & Deployment Timeline,sitemap-only,marketing,200,,https://www.flocksafety.com/implementation-guide
/industries,Not Found,crawl-only [not-in-sitemap],dead,404,,https://www.flocksafety.com/industries
/industries/builders-developers,Builders & Developers | Flock Safety,header,marketing,200,,https://www.flocksafety.com/industries/builders-developers
/industries/corporate-security,Corporate Security | Flock Safety,header,marketing,200,,https://www.flocksafety.com/industries/corporate-security
/industries/corrections,Corrections | Flock Safety,header,marketing,200,,https://www.flocksafety.com/industries/corrections
/industries/education-campus,Education Campus | Flock Safety,header,marketing,200,,https://www.flocksafety.com/industries/education-campus
/industries/federal,Federal | Flock Safety,header,marketing,200,,https://www.flocksafety.com/industries/federal
/industries/fire-ems,Fire & EMS | Flock Safety,header,marketing,200,,https://www.flocksafety.com/industries/fire-ems
/industries/healthcare,Healthcare | Flock Safety,header,marketing,200,,https://www.flocksafety.com/industries/healthcare
/industries/hoas,HOAs | Flock Safety,header,marketing,200,,https://www.flocksafety.com/industries/hoas
/industries/hospitality,Hospitality | Flock Safety,header,marketing,200,,https://www.flocksafety.com/industries/hospitality
/industries/law-enforcement,Law Enforcement | Flock Safety,header,marketing,200,,https://www.flocksafety.com/industries/law-enforcement
/industries/logistics,Logistics | Flock Safety,header,marketing,200,,https://www.flocksafety.com/industries/logistics
/industries/manufacturing,Manufacturing | Flock Safety,header,marketing,200,,https://www.flocksafety.com/industries/manufacturing
/industries/multifamily-communities,Multifamily Communities | Flock Safety,header,marketing,200,,https://www.flocksafety.com/industries/multifamily-communities
/industries/parks-public-spaces,Parks & Public Spaces | Flock Safety,header,marketing,200,,https://www.flocksafety.com/industries/parks-public-spaces
/industries/places-of-worship,Places of Worship | Flock Safety,header,marketing,200,,https://www.flocksafety.com/industries/places-of-worship
/industries/property-management,Property Management | Flock Safety,header,marketing,200,,https://www.flocksafety.com/industries/property-management
/industries/public-works,Public Works | Flock Safety,header,marketing,200,,https://www.flocksafety.com/industries/public-works
/industries/retail,Retail | Flock Safety,header,marketing,200,,https://www.flocksafety.com/industries/retail
/industries/retail-banking,Retail Banking | Flock Safety,header,marketing,200,,https://www.flocksafety.com/industries/retail-banking
/industries/transportation,Transportation | Flock Safety,header,marketing,200,,https://www.flocksafety.com/industries/transportation
/kb-tickets,Flock Safety Customer Support & Help Center Resources,sitemap-only,utility,200,,https://www.flocksafety.com/kb-tickets
/launch-your-rtcc-with-confidence,Launch Your RTCC With Confidence,sitemap-only,marketing,200,,https://www.flocksafety.com/launch-your-rtcc-with-confidence
/legal,"Legal Hub | Flock Safety Terms, Policies & Agreements",header+footer,index,200,,https://www.flocksafety.com/legal
/legal/api-integration-terms,API and Integrations Terms,sitemap-only,legal,200,,https://www.flocksafety.com/legal/api-integration-terms
/legal/customer-infosec-addendum,Customer InfoSec Addendum,sitemap-only,legal,200,,https://www.flocksafety.com/legal/customer-infosec-addendum
/legal/data-ownership,Data Ownership,sitemap-only,legal,200,,https://www.flocksafety.com/legal/data-ownership
/legal/flock-evidence-policy,Flock Evidence Policy,sitemap-only,legal,200,,https://www.flocksafety.com/legal/flock-evidence-policy
/legal/flock-group-inc-standard-purchase-order-terms-and-conditions,"Flock Group, Inc. Standard Purchase Order Terms and Conditions",sitemap-only,legal,200,,https://www.flocksafety.com/legal/flock-group-inc-standard-purchase-order-terms-and-conditions
/legal/flock-safety-ethical-creed,Flock Safety Ethical Creed,sitemap-only,legal,200,,https://www.flocksafety.com/legal/flock-safety-ethical-creed
/legal/lpr-policy,License Plate Reader Policy,header+footer,legal,200,,https://www.flocksafety.com/legal/lpr-policy
/legal/part91-operational-agreement,"Part 91 Operational Agreement for Quality Checks, Quality Assurance, and Maintenance",sitemap-only,legal,200,,https://www.flocksafety.com/legal/part91-operational-agreement
/legal/privacy-notice,Privacy Policy,footer [not-in-sitemap],redirect,200 (redirect),/legal/privacy-policy,https://www.flocksafety.com/legal/privacy-notice
/legal/privacy-policy,Privacy Policy,sitemap-only,legal,200,,https://www.flocksafety.com/legal/privacy-policy
/legal/product-specific-terms,Product Specific Terms,sitemap-only,legal,200,,https://www.flocksafety.com/legal/product-specific-terms
/legal/social-impact-and-inclusive-procurement-policy,Social Impact and Inclusive Procurement Policy,sitemap-only,legal,200,,https://www.flocksafety.com/legal/social-impact-and-inclusive-procurement-policy
/legal/state-required-provisions,State-Specific Contractual Provisions,sitemap-only,legal,200,,https://www.flocksafety.com/legal/state-required-provisions
/legal/terms-and-conditions,Terms and Conditions,sitemap-only,legal,200,,https://www.flocksafety.com/legal/terms-and-conditions
/legal/terms-of-service,Terms and Conditions,footer [not-in-sitemap],redirect,200 (redirect),/legal/terms-and-conditions,https://www.flocksafety.com/legal/terms-of-service
/legal/third-party-terms,Third Party Terms,sitemap-only,legal,200,,https://www.flocksafety.com/legal/third-party-terms
/legal/trademark-notice,Trademark Notice,sitemap-only,legal,200,,https://www.flocksafety.com/legal/trademark-notice
/legal/vendor-baa,Vendor Downstream Subcontractor Business Associate Addendum,sitemap-only,legal,200,,https://www.flocksafety.com/legal/vendor-baa
/legal/vendor-compliance-addendum,Vendor Compliance Addendum,sitemap-only,legal,200,,https://www.flocksafety.com/legal/vendor-compliance-addendum
/legal/vendor-dpa,Vendor Data Processing Addendum,sitemap-only,legal,200,,https://www.flocksafety.com/legal/vendor-dpa
/legal/vendor-infosec-addendum,Vendor Information Security Addendum,sitemap-only,legal,200,,https://www.flocksafety.com/legal/vendor-infosec-addendum
/legal/vulnerability-disclosure-policy,Vulnerability Disclosure Policy,sitemap-only,legal,200,,https://www.flocksafety.com/legal/vulnerability-disclosure-policy
/lp,Not Found,crawl-only [not-in-sitemap],dead,404,,https://www.flocksafety.com/lp
/lp/flockos-waitlist,FlockOS | Join the Waitlist,sitemap-only,marketing (campaign LP),200,,https://www.flocksafety.com/lp/flockos-waitlist
/lp/lpr-pro-early-access,LPR Pro Early Access | Join the Flock Safety Waitlist,sitemap-only,marketing (campaign LP),200,,https://www.flocksafety.com/lp/lpr-pro-early-access
/lp/lpr-pro-waitlist,Join the LPR Pro Waitlist | Flock Safety,sitemap-only,marketing (campaign LP),200,,https://www.flocksafety.com/lp/lpr-pro-waitlist
/lp/perimeter-pro-demo,Perimeter Pro,sitemap-only,marketing (campaign LP),200,,https://www.flocksafety.com/lp/perimeter-pro-demo
/lp/proven-where-it-matters,Proven Where It Matters | Flock Safety LPR Platform,sitemap-only,marketing (campaign LP),200,,https://www.flocksafety.com/lp/proven-where-it-matters
/lp/rapid-response-shield,Rapid Response Shield | Coordinated Air & Ground Coverage,sitemap-only,marketing (campaign LP),200,,https://www.flocksafety.com/lp/rapid-response-shield
/lp/retail-software,FlockOS: Retail Security Software | Flock Safety,sitemap-only,marketing (campaign LP),200,,https://www.flocksafety.com/lp/retail-software
/madd,Flock Safety & MADD: Ending Impaired Driving Together,sitemap-only,marketing,200,,https://www.flocksafety.com/madd
/mobile-security-trailers-are-the-ultimate-seasonal-sidekick,Mobile Security Trailers for Seasonal Events,sitemap-only,marketing,200,,https://www.flocksafety.com/mobile-security-trailers-are-the-ultimate-seasonal-sidekick
/mobile-security-trailers-turn-deterrence-into-actionable-evidence,Mobile Security Trailers: Deterrence to Evidence | Flock,sitemap-only,marketing,200,,https://www.flocksafety.com/mobile-security-trailers-turn-deterrence-into-actionable-evidence
/newsletter,Subscribe to the Flock Safety Monthly Newsletter Today,header [not-in-sitemap],utility,200,,https://www.flocksafety.com/newsletter
/partner-inquiry,Partner With Flock Safety | Reseller & Integrators,sitemap-only,utility,200,,https://www.flocksafety.com/partner-inquiry
/partner-program,Flock Safety Partner Program | Partners & Integrations,header,marketing,200,,https://www.flocksafety.com/partner-program
/podcast,Real-Time Policing: The Flock Safety Podcast Series,header,resource,200,,https://www.flocksafety.com/podcast
/press-center,Press Center | Flock Safety News & Media Resources,header+footer,index,200,,https://www.flocksafety.com/press-center
/pricing,"Flock Safety Pricing | Transparent, All-Inclusive Plans",footer,marketing,200,,https://www.flocksafety.com/pricing
/privacy-ethics,"Flock Safety Privacy, Data & Civil Liberties Policies",header [not-in-sitemap],redirect,200 (redirect),/trust,https://www.flocksafety.com/privacy-ethics
/privacy-ethics-copy,Privacy & Ethics: Fact vs. Fiction | Flock Safety,sitemap-only,utility,200,,https://www.flocksafety.com/privacy-ethics-copy
/private-sector-drone,Private Sector Drone,sitemap-only,marketing,200,,https://www.flocksafety.com/private-sector-drone
/products,"Flock Products: Cameras, Trailers, LPR, Drones & Software",header,index,200,,https://www.flocksafety.com/products
/products/flock-aerodome-drone-as-automated-security,Automated Drone Security for Business | Flock Safety,header,product,200,,https://www.flocksafety.com/products/flock-aerodome-drone-as-automated-security
/products/flock-dfr,Flock DFR — Drone as First Responder | Flock Safety,header,product,200,,https://www.flocksafety.com/products/flock-dfr
/products/flock-freeform,FreeForm Search | Flock Safety,sitemap-only,product,200,,https://www.flocksafety.com/products/flock-freeform
/products/flock-os,FlockOS® - Real-Time Crime Center Platform | Flock Safety,header,product,200,,https://www.flocksafety.com/products/flock-os
/products/flock-safety-platform,Flock Safety Platform | LPR Software & Crime Prevention,header,product,200,,https://www.flocksafety.com/products/flock-safety-platform
/products/flock911,Flock911: Real-Time 911 Streaming for Emergency Response,header,product,200,,https://www.flocksafety.com/products/flock911
/products/freeform-search,FreeForm Search | Flock Safety,header [not-in-sitemap],redirect,200 (redirect),/products/flock-freeform,https://www.flocksafety.com/products/freeform-search
/products/gunshot-detection,Audio Detection & Gunshot Detection | Flock Safety,header,product,200,,https://www.flocksafety.com/products/gunshot-detection
/products/investigations-manager,License Plate Readers (LPR) Cameras | Flock Safety,header [not-in-sitemap],redirect,200 (redirect),/products/license-plate-readers,https://www.flocksafety.com/products/investigations-manager
/products/license-plate-readers,License Plate Readers (LPR) Cameras | Flock Safety,sitemap-only,product,200,,https://www.flocksafety.com/products/license-plate-readers
/products/lpr-cameras,License Plate Readers (LPR) Cameras | Flock Safety,header [not-in-sitemap],redirect,200 (redirect),/products/license-plate-readers,https://www.flocksafety.com/products/lpr-cameras
/products/mobile-security-trailer,Mobile Security Trailers | Solar-Powered Video Coverage,header,product,200,,https://www.flocksafety.com/products/mobile-security-trailer
/products/national-lpr-network,License Plate Readers (LPR) Cameras | Flock Safety,header [not-in-sitemap],redirect,200 (redirect),/products/license-plate-readers,https://www.flocksafety.com/products/national-lpr-network
/products/video-cameras,AI Video Cameras | Smart Security with Instant Alerts | Flock,header,product,200,,https://www.flocksafety.com/products/video-cameras
/refer,"Refer a Neighborhood or Business, Earn $500 | Flock",sitemap-only,utility,200,,https://www.flocksafety.com/refer
/reinstall-fee-schedule,Flock Safety Reinstall & Relocation Fee Schedule 2026,sitemap-only,utility,200,,https://www.flocksafety.com/reinstall-fee-schedule
/resources,"Flock Safety Learning Center: Guides, Webinars & More",header,index,200,,https://www.flocksafety.com/resources
/safe-cities,Safe Cities | Flock Safety's All-in-One City Solution,header,marketing,200,,https://www.flocksafety.com/safe-cities
/safety-without-overtime-flock-safety-fifa-2026,Safety Without Overtime: Flock Safety + FIFA 2026,sitemap-only,marketing,200,,https://www.flocksafety.com/safety-without-overtime-flock-safety-fifa-2026
/solved-stories-awards,2025 #Solved Awards | Flock Safety Success Stories,sitemap-only,marketing,200,,https://www.flocksafety.com/solved-stories-awards
/solvedstories-private-sector,SolvedStories Private Sector,sitemap-only,marketing,200,,https://www.flocksafety.com/solvedstories-private-sector
/solvedstories-public-sector,#SolvedStories: Public Sector Cases | Flock Safety,sitemap-only,marketing,200,,https://www.flocksafety.com/solvedstories-public-sector
/stop-wrong-way-crashes-before-they-start,Wrong-Way Crash Detection | Flock Safety,sitemap-only,marketing,200,,https://www.flocksafety.com/stop-wrong-way-crashes-before-they-start
/supplier-registration,Supplier Registration | Flock Safety Procurement Program,footer [not-in-sitemap],utility,200,,https://www.flocksafety.com/supplier-registration
/thank-you,Thank You for Requesting Your Flock Safety Demo,sitemap-only,utility,200,,https://www.flocksafety.com/thank-you
/thank-you-download-asset,Thank You | Your Flock Safety Download Is On Its Way,sitemap-only,utility,200,,https://www.flocksafety.com/thank-you-download-asset
/thank-you-freeform,Thank You for Your Submission | Flock Safety,sitemap-only,utility,200,,https://www.flocksafety.com/thank-you-freeform
/thank-you-hoa,Thank You from Flock Safety Neighborhoods,sitemap-only,utility,200,,https://www.flocksafety.com/thank-you-hoa
/thank-you-le-ss,"Thank You, Law Enforcement | Flock Safety",sitemap-only,utility,200,,https://www.flocksafety.com/thank-you-le-ss
/thank-you-on-demand-webinar,Thank You for Registering for Our Webinar,sitemap-only,utility,200,,https://www.flocksafety.com/thank-you-on-demand-webinar
/thank-you-webinar,Thank You Webinar,sitemap-only,utility,200,,https://www.flocksafety.com/thank-you-webinar
/thank-you/gsx2024-thankyou,Thank You For Attending GSX 2024,sitemap-only,utility,200,,https://www.flocksafety.com/thank-you/gsx2024-thankyou
/thank-you/product-overview-series-thankyou,Thank you for registering.,sitemap-only,utility,200,,https://www.flocksafety.com/thank-you/product-overview-series-thankyou
/thank-you/thank-you,We Appreciate Your Contribution,sitemap-only,utility,200,,https://www.flocksafety.com/thank-you/thank-you
/thank-you/thank-you-2,Your Feedback is Valuable,sitemap-only,utility,200,,https://www.flocksafety.com/thank-you/thank-you-2
/thank-you/thank-you-3,Welcome to Our Community,sitemap-only,utility,200,,https://www.flocksafety.com/thank-you/thank-you-3
/thank-you/thank-you-4,Thank You for Shopping with Us,sitemap-only,utility,200,,https://www.flocksafety.com/thank-you/thank-you-4
/thank-you/thank-you-5,We Value Your Understanding,sitemap-only,utility,200,,https://www.flocksafety.com/thank-you/thank-you-5
/thank-you/thank-you-download-asset,Thank you!,sitemap-only,utility,200,,https://www.flocksafety.com/thank-you/thank-you-download-asset
/thank-you/thank-you-for-your-referral,Thank you for your referral!,sitemap-only,utility,200,,https://www.flocksafety.com/thank-you/thank-you-for-your-referral
/thank-you/thank-you-freeform,Thank you!,sitemap-only,utility,200,,https://www.flocksafety.com/thank-you/thank-you-freeform
/thank-you/thank-you-hoa,Thank you!,sitemap-only,utility,200,,https://www.flocksafety.com/thank-you/thank-you-hoa
/thank-you/thank-you-le-ss,Thank you!,sitemap-only,utility,200,,https://www.flocksafety.com/thank-you/thank-you-le-ss
/thank-you/thank-you-webinar,Thank you for registering.,sitemap-only,utility,200,,https://www.flocksafety.com/thank-you/thank-you-webinar
/thank-you/thank-you-webinar-flock-forward,Thank You for Registering!,sitemap-only,utility,200,,https://www.flocksafety.com/thank-you/thank-you-webinar-flock-forward
/thank-you/thanks-meeting,Thank you!,sitemap-only,utility,200,,https://www.flocksafety.com/thank-you/thanks-meeting
/thank-you/thanks-meeting-hv,Thank you!,sitemap-only,utility,200,,https://www.flocksafety.com/thank-you/thanks-meeting-hv
/thank-you/webinar-thankyou,Thank you for registering,sitemap-only,utility,200,,https://www.flocksafety.com/thank-you/webinar-thankyou
/thanks-meeting,Thank You for Booking Your Meeting | Flock Safety Team,sitemap-only,utility,200,,https://www.flocksafety.com/thanks-meeting
/thanks-meeting-hv,Thank You for Scheduling a Meeting | Flock Safety,sitemap-only,utility,200,,https://www.flocksafety.com/thanks-meeting-hv
/traffic-analytics-for-city-managers,Traffic Analytics for City Managers,sitemap-only,marketing,200,,https://www.flocksafety.com/traffic-analytics-for-city-managers
/trust,"Flock Safety Privacy, Data & Civil Liberties Policies",header+footer,index,200,,https://www.flocksafety.com/trust
/trust/compliance-tools,Compliance Tools | Flock Safety Trust & Accountability,header,marketing,200,,https://www.flocksafety.com/trust/compliance-tools
/trust/data-privacy,Data Privacy & Protection | Flock Safety Trust Center,header,marketing,200,,https://www.flocksafety.com/trust/data-privacy
/trust/law-enforcement-access,Law Enforcement Data Access | Flock Safety Trust Center,sitemap-only,marketing,200,,https://www.flocksafety.com/trust/law-enforcement-access
/trust/myths-facts,Flock Safety: Common Concerns Answered,header,marketing,200,,https://www.flocksafety.com/trust/myths-facts
/trust/rights-safeguards,Civil Liberties & Rights Safeguards | Flock Safety,sitemap-only,marketing,200,,https://www.flocksafety.com/trust/rights-safeguards
/upcoming-events,"Upcoming Flock Safety Events, Webinars & Conferences",header,index,200,,https://www.flocksafety.com/upcoming-events
/use-case,Not Found,crawl-only [not-in-sitemap],dead,404,,https://www.flocksafety.com/use-case
/use-case-filters/corporate-entities,Not Found,crawl-only [not-in-sitemap],dead,404,,https://www.flocksafety.com/use-case-filters/corporate-entities
/use-case-filters/large-cities,Not Found,crawl-only [not-in-sitemap],dead,404,,https://www.flocksafety.com/use-case-filters/large-cities
/use-case-filters/small-towns,Not Found,crawl-only [not-in-sitemap],dead,404,,https://www.flocksafety.com/use-case-filters/small-towns
/use-case/emergency-response,Emergency Response | Flock Safety,header,marketing,200,,https://www.flocksafety.com/use-case/emergency-response
/use-case/event-security,Event Security | Flock Safety,header,marketing,200,,https://www.flocksafety.com/use-case/event-security
/use-case/organized-retail-crime,Organized Retail Crime | Flock Safety,header,marketing,200,,https://www.flocksafety.com/use-case/organized-retail-crime
/use-case/package-theft,Package Theft | Flock Safety,header,marketing,200,,https://www.flocksafety.com/use-case/package-theft
/use-case/parking-lot-security,Parking Lot Security | Flock Safety,header,marketing,200,,https://www.flocksafety.com/use-case/parking-lot-security
/use-case/real-time-crime-center,Real-Time Crime Center | Flock Safety,sitemap-only,marketing,200,,https://www.flocksafety.com/use-case/real-time-crime-center
/use-case/transportation,Transportation | Flock Safety,header,marketing,200,,https://www.flocksafety.com/use-case/transportation
/use-case/trespassing-burglary,Trespassing & Burglary | Flock Safety,header,marketing,200,,https://www.flocksafety.com/use-case/trespassing-burglary
/use-case/vehicle-catalytic-converter-theft,Vehicle & Catalytic Converter Theft | Flock Safety,header,marketing,200,,https://www.flocksafety.com/use-case/vehicle-catalytic-converter-theft
/video,Not Found,crawl-only [not-in-sitemap],dead,404,,https://www.flocksafety.com/video
/video-form,Video Form,sitemap-only,resource,200,,https://www.flocksafety.com/video-form
/video/alpha-is-built-different,Alpha is Built Different.,sitemap-only,resource,200,,https://www.flocksafety.com/video/alpha-is-built-different
/video/dekalb-county-safe-city,Dekalb County Becomes a Flock Safe County to Improve Safety for Residents,sitemap-only,resource,200,,https://www.flocksafety.com/video/dekalb-county-safe-city
/video/drone-as-automated-security-eyes-on-threats-in-seconds,Drone As Automated Security: Eyes on Threats in Seconds,sitemap-only,resource,200,,https://www.flocksafety.com/video/drone-as-automated-security-eyes-on-threats-in-seconds
/video/flock-alpha,Flock Alpha: Arrive first. See everything,sitemap-only,resource,200,,https://www.flocksafety.com/video/flock-alpha
/video/flock-alpha-arrive-first-see-everything,Flock Alpha: Arrive first. See everything,sitemap-only,resource,200,,https://www.flocksafety.com/video/flock-alpha-arrive-first-see-everything
/video/flock-stories-your-voice-a-pinecrest-family-finds-safety-after-the-terror-of-a-home-invasion,"Flock Stories, Your Voice: A Pinecrest Family Finds Safety After the Terror of a Home Invasion",sitemap-only,resource,200,,https://www.flocksafety.com/video/flock-stories-your-voice-a-pinecrest-family-finds-safety-after-the-terror-of-a-home-invasion
/video/how-alphas-parachute-system-enables-safe-drone-recovery,How Alpha’s Parachute System Enables Safe Drone Recovery,sitemap-only,resource,200,,https://www.flocksafety.com/video/how-alphas-parachute-system-enables-safe-drone-recovery
/video/how-castle-rock-police-department-extended-visibility-with-flock-dual-lens-ptz,How Castle Rock police department extended visibility with Flock Dual Lens PTZ,sitemap-only,resource,200,,https://www.flocksafety.com/video/how-castle-rock-police-department-extended-visibility-with-flock-dual-lens-ptz
/video/not-all-lprs-are-created-equal,Not All LPRs Are Created Equal,sitemap-only,resource,200,,https://www.flocksafety.com/video/not-all-lprs-are-created-equal
/video/providence-police-chief-credits-flock-with-helping-solve-mit-brown-murders,Providence Police Chief Credits Flock With Helping Solve MIT/Brown Murders,sitemap-only,resource,200,,https://www.flocksafety.com/video/providence-police-chief-credits-flock-with-helping-solve-mit-brown-murders
/video/real-time-policing-in-action,"In Critical Moments, Every Second Shapes the Outcome",sitemap-only,resource,200,,https://www.flocksafety.com/video/real-time-policing-in-action
/video/two-families-one-frightening-night-and-how-flock-helped-bring-answers,"Two Families, One Frightening Night, and How Flock Helped Bring Answers",sitemap-only,resource,200,,https://www.flocksafety.com/video/two-families-one-frightening-night-and-how-flock-helped-bring-answers
/vs,Not Found,crawl-only [not-in-sitemap],dead,404,,https://www.flocksafety.com/vs
/vs/axon,Flock vs Axon: Which LPR Is Right for Your Agency?,sitemap-only,marketing,200,,https://www.flocksafety.com/vs/axon
/vs/lvt,Flock vs LVT: Mobile Security Comparison,sitemap-only,marketing,200,,https://www.flocksafety.com/vs/lvt
/webinar,Not Found,crawl-only [not-in-sitemap],dead,404,,https://www.flocksafety.com/webinar
/webinar-thankyou,Thank You for Registering for the Webinar,sitemap-only,resource,200,,https://www.flocksafety.com/webinar-thankyou
/webinar/ask-the-experts-how-to-prevent-crime-not-just-respond-to-it,Ask the Experts: Proactive Crime Prevention for Retail,sitemap-only,resource,200,,https://www.flocksafety.com/webinar/ask-the-experts-how-to-prevent-crime-not-just-respond-to-it
/webinar/beyond-the-plate-real-time-video-intelligence-for-police-operations,Real-Time Video Intelligence for Police Operations,sitemap-only,resource,200,,https://www.flocksafety.com/webinar/beyond-the-plate-real-time-video-intelligence-for-police-operations
/webinar/boost-your-crime-solving-capabilities-with-lpr-video-bundles,License Plate Reader + Video Bundles on One Pole,sitemap-only,resource,200,,https://www.flocksafety.com/webinar/boost-your-crime-solving-capabilities-with-lpr-video-bundles
/webinar/bridging-the-gap-dispatch-and-real-time-centers,Connecting Dispatch and Real-Time Crime Center Teams,sitemap-only,resource,200,,https://www.flocksafety.com/webinar/bridging-the-gap-dispatch-and-real-time-centers
/webinar/bridging-the-gap-dispatch-and-real-time-centerson-demand,Bridging the Gap Between Dispatch and Crime Centers,sitemap-only,resource,200,,https://www.flocksafety.com/webinar/bridging-the-gap-dispatch-and-real-time-centerson-demand
/webinar/building-safer-communities-how-to-secure-your-neighborhoods,How to Secure Your Neighborhood: Safety Best Practices,sitemap-only,resource,200,,https://www.flocksafety.com/webinar/building-safer-communities-how-to-secure-your-neighborhoods
/webinar/catch-threats-early-resolve-them-quickly-stronger-protection-for-businesses-and-communities,"Catch Threats Early, Resolve Them Quickly: Stronger Protection for Businesses and Communities",sitemap-only,resource,200,,https://www.flocksafety.com/webinar/catch-threats-early-resolve-them-quickly-stronger-protection-for-businesses-and-communities
/webinar/catch-threats-early-resolve-them-quickly-stronger-protection-for-businesses-and-communities-on-demand,Catch Threats Early: Security for Businesses and Communities,sitemap-only,resource,200,,https://www.flocksafety.com/webinar/catch-threats-early-resolve-them-quickly-stronger-protection-for-businesses-and-communities-on-demand
/webinar/catch-threats-early-resolve-them-quickly-stronger-protection-for-businesses-and-communities-video,Stronger Protection for Businesses and Communities,sitemap-only,resource,200,,https://www.flocksafety.com/webinar/catch-threats-early-resolve-them-quickly-stronger-protection-for-businesses-and-communities-video
/webinar/crisis-proof-your-public-safety-tech,How Agencies Crisis-Proof Their Public Safety Tech,sitemap-only,resource,200,,https://www.flocksafety.com/webinar/crisis-proof-your-public-safety-tech
/webinar/de-risk-your-response-with-ai-powered-audio-detection,AI Audio Detection: Layered Evidence for Gun Crime,sitemap-only,resource,200,,https://www.flocksafety.com/webinar/de-risk-your-response-with-ai-powered-audio-detection
/webinar/designing-safer-spaces-how-layout-lighting-and-visibility-reduce-crime,"Designing Safer Spaces: Layout, Lighting & Visibility",sitemap-only,resource,200,,https://www.flocksafety.com/webinar/designing-safer-spaces-how-layout-lighting-and-visibility-reduce-crime
/webinar/drone-as-automated-security-faa-compliance-whats-required,Drone as Automated Security: What FAA Compliance Requires,sitemap-only,resource,200,,https://www.flocksafety.com/webinar/drone-as-automated-security-faa-compliance-whats-required
/webinar/elevate-your-response-with-flockos-r-911,FlockOS 911: Give Officers Live 911 Audio En Route,sitemap-only,resource,200,,https://www.flocksafety.com/webinar/elevate-your-response-with-flockos-r-911
/webinar/elevate-your-rtcc-operations,RTCC Product Launch: New AI Tools for Investigations,sitemap-only,resource,200,,https://www.flocksafety.com/webinar/elevate-your-rtcc-operations
/webinar/empowering-communities-and-law-enforcement-with-flock-safety-video,How Flock Safety Cameras Help Communities and Police,sitemap-only,resource,200,,https://www.flocksafety.com/webinar/empowering-communities-and-law-enforcement-with-flock-safety-video
/webinar/expanding-your-healthcare-security-perimeter-beyond-four-walls,Extending Hospital Security Beyond the Building Itself,sitemap-only,resource,200,,https://www.flocksafety.com/webinar/expanding-your-healthcare-security-perimeter-beyond-four-walls
/webinar/extending-threat-awareness-beyond-store-entry,Extending Threat Awareness Beyond Store Entry (LPR),sitemap-only,resource,200,,https://www.flocksafety.com/webinar/extending-threat-awareness-beyond-store-entry
/webinar/extending-threat-awareness-beyond-store-entry-lpm,Extending Threat Awareness Beyond the Store Entrance,sitemap-only,resource,200,,https://www.flocksafety.com/webinar/extending-threat-awareness-beyond-store-entry-lpm
/webinar/faster-after-hours-response-with-drone-as-automated-security,Faster After-Hours Response With Automated Security Drones,sitemap-only,resource,200,,https://www.flocksafety.com/webinar/faster-after-hours-response-with-drone-as-automated-security
/webinar/fewer-incidents-faster-response-unifying-mobile-security-trailers-and-license-plate-readers,Unifying Mobile Security Trailers and License Plate Readers,sitemap-only,resource,200,,https://www.flocksafety.com/webinar/fewer-incidents-faster-response-unifying-mobile-security-trailers-and-license-plate-readers
/webinar/flock-for-neighborhoods-demo-and-ask-us-anything,Flock for Neighborhoods: Demo and Ask Us Anything,sitemap-only,resource,200,,https://www.flocksafety.com/webinar/flock-for-neighborhoods-demo-and-ask-us-anything
/webinar/flock-safety-for-neighborhoods-live-demo-and-ask-us-anything,Flock Safety for Neighborhoods: Live Demo and Q&A,sitemap-only,resource,200,,https://www.flocksafety.com/webinar/flock-safety-for-neighborhoods-live-demo-and-ask-us-anything
/webinar/how-campus-safety-can-boost-student-enrollment-trust,How Campus Safety Boosts Student Enrollment and Trust,sitemap-only,resource,200,,https://www.flocksafety.com/webinar/how-campus-safety-can-boost-student-enrollment-trust
/webinar/how-does-drone-as-automated-security-work,How Does Drone as Automated Security Work? A Look Inside,sitemap-only,resource,200,,https://www.flocksafety.com/webinar/how-does-drone-as-automated-security-work
/webinar/how-law-enforcement-can-afford-modern-tech-with-limited-budget-and-staff,How Law Enforcement Can Fund Modern Tech on Any Budget,sitemap-only,resource,200,,https://www.flocksafety.com/webinar/how-law-enforcement-can-afford-modern-tech-with-limited-budget-and-staff
/webinar/how-proactive-technology-creates-safer-multifamily-communities,How Proactive Technology Creates Safer Multifamily Communities,sitemap-only,resource,200,,https://www.flocksafety.com/webinar/how-proactive-technology-creates-safer-multifamily-communities
/webinar/how-to-build-a-dfr-program-right-from-day-one,How to Build a Drone as First Responder Program Right,sitemap-only,resource,200,,https://www.flocksafety.com/webinar/how-to-build-a-dfr-program-right-from-day-one
/webinar/how-to-create-a-community-wide-safety-platform,Build a Community-Wide Safety Platform with NY Grants,sitemap-only,resource,200,,https://www.flocksafety.com/webinar/how-to-create-a-community-wide-safety-platform
/webinar/how-to-speak-to-city-councils,How to Speak to City Councils About Public Safety Tech,sitemap-only,resource,200,,https://www.flocksafety.com/webinar/how-to-speak-to-city-councils
/webinar/introducing-flock-os,FlockOS: Your Pathway to a Real-Time Crime Center,sitemap-only,resource,200,,https://www.flocksafety.com/webinar/introducing-flock-os
/webinar/introducing-flockos-911-demo,FlockOS 911: Live 911 Call Audio for Patrol Officers,sitemap-only,resource,200,,https://www.flocksafety.com/webinar/introducing-flockos-911-demo
/webinar/keeping-healthcare-workers-safe-reducing-the-risk-of-workplace-violence,Keeping Healthcare Workers Safe from Workplace Violence,sitemap-only,resource,200,,https://www.flocksafety.com/webinar/keeping-healthcare-workers-safe-reducing-the-risk-of-workplace-violence
/webinar/limited-staff-big-expectations-how-small-agencies-use-lpr,How Small Law Enforcement Agencies Use License Plate Readers,sitemap-only,resource,200,,https://www.flocksafety.com/webinar/limited-staff-big-expectations-how-small-agencies-use-lpr
/webinar/lp-product-launch-may-2024-on-demand,New Flock Safety Hardware and Features: Product Launch,sitemap-only,resource,200,,https://www.flocksafety.com/webinar/lp-product-launch-may-2024-on-demand
/webinar/prepared-for-anything-how-cities-prepare-for-planned-and-unplanned-events,How Cities Prepare for Planned and Unplanned Events,sitemap-only,resource,200,,https://www.flocksafety.com/webinar/prepared-for-anything-how-cities-prepare-for-planned-and-unplanned-events
/webinar/prepared-for-anything-how-cities-prepare-for-planned-and-unplanned-events-on-demand,Watch On-Demand: Cities Prepare for Unplanned Events,sitemap-only,resource,200,,https://www.flocksafety.com/webinar/prepared-for-anything-how-cities-prepare-for-planned-and-unplanned-events-on-demand
/webinar/prepared-for-anything-how-cities-prepare-for-planned-and-unplanned-events-video,How Cities Prepare for Unplanned Public Safety Events,sitemap-only,resource,200,,https://www.flocksafety.com/webinar/prepared-for-anything-how-cities-prepare-for-planned-and-unplanned-events-video
/webinar/preventing-crime-at-your-properties,Proactive Security Strategies for Retail Property Managers,sitemap-only,resource,200,,https://www.flocksafety.com/webinar/preventing-crime-at-your-properties
/webinar/preventing-school-violence,Preventing School Violence: A Guide for K-12 Districts,sitemap-only,resource,200,,https://www.flocksafety.com/webinar/preventing-school-violence
/webinar/proactive-approach-to-safety-for-houses-of-worship,A Proactive Approach to Safety for Houses of Worship,sitemap-only,resource,200,,https://www.flocksafety.com/webinar/proactive-approach-to-safety-for-houses-of-worship
/webinar/product-launch,"Flock Safety Product Launch: Falcon, Gunshot Detection, Live Video",sitemap-only,resource,200,,https://www.flocksafety.com/webinar/product-launch
/webinar/product-launch-feb-2024,Flock Safety Quarterly Product Update: February 2024,sitemap-only,resource,200,,https://www.flocksafety.com/webinar/product-launch-feb-2024
/webinar/product-launch-may-2024,Flock Safety Product Launch: New Hardware & Features,sitemap-only,resource,200,,https://www.flocksafety.com/webinar/product-launch-may-2024
/webinar/product-launch-no-cost-apis-ai-for-faster-investigations,No-Cost APIs and AI Tools for Faster Investigations,sitemap-only,resource,200,,https://www.flocksafety.com/webinar/product-launch-no-cost-apis-ai-for-faster-investigations
/webinar/product-launch-webinar,"Flock Safety Product Launch: Faster Leads, Unified Search",sitemap-only,resource,200,,https://www.flocksafety.com/webinar/product-launch-webinar
/webinar/q-a-get-to-know-the-mobile-security-trailer,Mobile Security Trailer Q&A: Deployment and Features,sitemap-only,resource,200,,https://www.flocksafety.com/webinar/q-a-get-to-know-the-mobile-security-trailer
/webinar/q1-2024-flock-safety-quarterly-product-update,Q1 2024 Flock Safety Quarterly Product Update Recap,sitemap-only,resource,200,,https://www.flocksafety.com/webinar/q1-2024-flock-safety-quarterly-product-update
/webinar/real-time-road-safety-detect-crashes-sooner-reconstruct-scenes-faster-and-improve-your-streets,"Real Time Road Safety: Detect Crashes Sooner, Reconstruct Scenes Faster, and Improve Your Streets",sitemap-only,resource,200,,https://www.flocksafety.com/webinar/real-time-road-safety-detect-crashes-sooner-reconstruct-scenes-faster-and-improve-your-streets
/webinar/reduce-crime-and-increase-safety-why-communities-choose-flock-safety,Why Communities Choose Flock Safety to Reduce Crime,sitemap-only,resource,200,,https://www.flocksafety.com/webinar/reduce-crime-and-increase-safety-why-communities-choose-flock-safety
/webinar/reducing-retail-crime-webinar,Reducing Retail Crime With Law Enforcement Partnership,sitemap-only,resource,200,,https://www.flocksafety.com/webinar/reducing-retail-crime-webinar
/webinar/reducing-traffic-deaths-and-building-a-safer-city,How Cities Prevent Crashes and Reduce Traffic Deaths,sitemap-only,resource,200,,https://www.flocksafety.com/webinar/reducing-traffic-deaths-and-building-a-safer-city
/webinar/respond-to-incidents-faster-with-the-security-cameras-you-already-have,Respond to Incidents Faster with Cameras You Already Have,sitemap-only,resource,200,,https://www.flocksafety.com/webinar/respond-to-incidents-faster-with-the-security-cameras-you-already-have
/webinar/retail-threat-awareness,Extending Threat Awareness Beyond Store Entry,sitemap-only,resource,200,,https://www.flocksafety.com/webinar/retail-threat-awareness
/webinar/safer-together-video,Safer Together: Building a Secure Community with Flock,sitemap-only,resource,200,,https://www.flocksafety.com/webinar/safer-together-video
/webinar/safety-strategies-to-beat-the-holiday-crime-surge,Safety Strategies to Beat the Holiday Crime Surge Wave,sitemap-only,resource,200,,https://www.flocksafety.com/webinar/safety-strategies-to-beat-the-holiday-crime-surge
/webinar/thank-you-uncover-and-connect-taking-human-trafficking-investigations-to-the-next-level-on-demand,Uncover and Connect: Taking Human Trafficking Investigations to the Next Level,sitemap-only,resource,200,,https://www.flocksafety.com/webinar/thank-you-uncover-and-connect-taking-human-trafficking-investigations-to-the-next-level-on-demand
/webinar/the-case-for-lpr-gunshot-detection,The Case for License Plate Readers + Gunshot Detection,sitemap-only,resource,200,,https://www.flocksafety.com/webinar/the-case-for-lpr-gunshot-detection
/webinar/the-future-of-policing-is-real-time,The Future of Policing Is Real-Time Crime Centers Now,sitemap-only,resource,200,,https://www.flocksafety.com/webinar/the-future-of-policing-is-real-time
/webinar/the-next-frontier-in-policing-introducing-flock-safetys-drones-for-rapid-response,Drone as First Responder: Flock Safety's DFR Program,sitemap-only,resource,200,,https://www.flocksafety.com/webinar/the-next-frontier-in-policing-introducing-flock-safetys-drones-for-rapid-response
/webinar/the-safety-blueprint-security-strategies-to-elevate-residential-communities,The Safety Blueprint: Security Strategies to Elevate Residential Communities,sitemap-only,resource,200,,https://www.flocksafety.com/webinar/the-safety-blueprint-security-strategies-to-elevate-residential-communities
/webinar/the-shift-to-proactive-security-new-tools-to-deter-crime-and-hold-offenders-accountable,Proactive Security Tools for Businesses to Deter Crime,sitemap-only,resource,200,,https://www.flocksafety.com/webinar/the-shift-to-proactive-security-new-tools-to-deter-crime-and-hold-offenders-accountable
/webinar/the-value-of-security-demonstrating-roi-and-business-impact,The Value of Security: Demonstrating ROI and Impact,sitemap-only,resource,200,,https://www.flocksafety.com/webinar/the-value-of-security-demonstrating-roi-and-business-impact
/webinar/this-is-a-test,This is a test,sitemap-only,resource,200,,https://www.flocksafety.com/webinar/this-is-a-test
/webinar/uncover-and-connect-taking-human-trafficking-investigations-to-the-next-level,Taking Human Trafficking Investigations to the Next Level,sitemap-only,redirect,200 (redirect),/webinar/uncover-and-connect-taking-human-trafficking-investigations-to-the-next-level-on-demand,https://www.flocksafety.com/webinar/uncover-and-connect-taking-human-trafficking-investigations-to-the-next-level
/webinar/uncover-and-connect-taking-human-trafficking-investigations-to-the-next-level-on-demand,Taking Human Trafficking Investigations to the Next Level,sitemap-only,resource,200,,https://www.flocksafety.com/webinar/uncover-and-connect-taking-human-trafficking-investigations-to-the-next-level-on-demand
/webinar/video-without-limitations,Video Monitoring Without Infrastructure Limits Today,sitemap-only,resource,200,,https://www.flocksafety.com/webinar/video-without-limitations
/webinar/video-without-limitations-flock-safetys-newest-solutions-for-law-enforcement,Flock Safety's Newest Video Solutions for Law Enforcement,sitemap-only,resource,200,,https://www.flocksafety.com/webinar/video-without-limitations-flock-safetys-newest-solutions-for-law-enforcement
/webinar/webinar-combating-orc-and-theft,Academy Sports on Stopping Organized Retail Crime,sitemap-only,resource,200,,https://www.flocksafety.com/webinar/webinar-combating-orc-and-theft
/webinar/webinar-test-evens-page,Webinar Test Evens Page,sitemap-only,resource,200,,https://www.flocksafety.com/webinar/webinar-test-evens-page
/webinar/webinar-test-evens-page-copy,Webinar Test Evens Page Copy,sitemap-only,resource,200,,https://www.flocksafety.com/webinar/webinar-test-evens-page-copy
/webinar/webinar-test-evens-page-copy-10,Webinar Test Evens Page Copy 10,sitemap-only,resource,200,,https://www.flocksafety.com/webinar/webinar-test-evens-page-copy-10
/webinar/webinar-test-evens-page-copy-11,Webinar Test Evens Page Copy 11,sitemap-only,resource,200,,https://www.flocksafety.com/webinar/webinar-test-evens-page-copy-11
/webinar/webinar-test-evens-page-copy-2,Webinar Test Evens Page Copy 2,sitemap-only,resource,200,,https://www.flocksafety.com/webinar/webinar-test-evens-page-copy-2
/webinar/webinar-test-evens-page-copy-3,Webinar Test Evens Page Copy 3,sitemap-only,resource,200,,https://www.flocksafety.com/webinar/webinar-test-evens-page-copy-3
/webinar/webinar-test-evens-page-copy-4,Webinar Test Evens Page Copy 4,sitemap-only,resource,200,,https://www.flocksafety.com/webinar/webinar-test-evens-page-copy-4
/webinar/webinar-test-evens-page-copy-5,Webinar Test Evens Page Copy 5,sitemap-only,resource,200,,https://www.flocksafety.com/webinar/webinar-test-evens-page-copy-5
/webinar/webinar-test-evens-page-copy-6,Webinar Test Evens Page Copy 6,sitemap-only,resource,200,,https://www.flocksafety.com/webinar/webinar-test-evens-page-copy-6
/webinar/webinar-test-evens-page-copy-7,Webinar Test Evens Page Copy 7,sitemap-only,resource,200,,https://www.flocksafety.com/webinar/webinar-test-evens-page-copy-7
/webinar/webinar-test-evens-page-copy-8,Webinar Test Evens Page Copy 8,sitemap-only,resource,200,,https://www.flocksafety.com/webinar/webinar-test-evens-page-copy-8
/webinar/webinar-test-evens-page-copy-9,Webinar Test Evens Page Copy 9,sitemap-only,resource,200,,https://www.flocksafety.com/webinar/webinar-test-evens-page-copy-9
/webinar/webinar-test-evens-page-past,Webinar Test Evens Page Past,sitemap-only,resource,200,,https://www.flocksafety.com/webinar/webinar-test-evens-page-past
/webinar/you-asked-we-listened-q3-public-safety-product-updates,"Flock Safety Learning Center: Guides, Webinars & More",sitemap-only,redirect,200 (redirect),/resources,https://www.flocksafety.com/webinar/you-asked-we-listened-q3-public-safety-product-updates
/webinar/you-asked-we-listened-q4-public-safety-product-updates,Q4 Public Safety Product Updates: New LPR & Video Tools,sitemap-only,resource,200,,https://www.flocksafety.com/webinar/you-asked-we-listened-q4-public-safety-product-updates
/webinars,Not Found,crawl-only [not-in-sitemap],dead,404,,https://www.flocksafety.com/webinars
/webinars/building-safer-communities-how-to-secure-your-neighborhoods,How to Secure Your Neighborhood: Safety Best Practices,crawl-only [not-in-sitemap],redirect,200 (redirect),/webinar/building-safer-communities-how-to-secure-your-neighborhoods,https://www.flocksafety.com/webinars/building-safer-communities-how-to-secure-your-neighborhoods
/webinars/crisis-proof-your-public-safety-tech,How Agencies Crisis-Proof Their Public Safety Tech,crawl-only [not-in-sitemap],redirect,200 (redirect),/webinar/crisis-proof-your-public-safety-tech,https://www.flocksafety.com/webinars/crisis-proof-your-public-safety-tech
/webinars/de-risk-your-response-with-ai-powered-audio-detection,AI Audio Detection: Layered Evidence for Gun Crime,crawl-only [not-in-sitemap],redirect,200 (redirect),/webinar/de-risk-your-response-with-ai-powered-audio-detection,https://www.flocksafety.com/webinars/de-risk-your-response-with-ai-powered-audio-detection
/webinars/deconstructing-the-intelligence-silo,"Flock Safety Learning Center: Guides, Webinars & More",crawl-only [not-in-sitemap],redirect,200 (redirect),/resources,https://www.flocksafety.com/webinars/deconstructing-the-intelligence-silo
/webinars/elevate-your-response-with-flockos-r-911,FlockOS 911: Give Officers Live 911 Audio En Route,crawl-only [not-in-sitemap],redirect,200 (redirect),/webinar/elevate-your-response-with-flockos-r-911,https://www.flocksafety.com/webinars/elevate-your-response-with-flockos-r-911
/webinars/elevate-your-rtcc-operations,RTCC Product Launch: New AI Tools for Investigations,crawl-only [not-in-sitemap],redirect,200 (redirect),/webinar/elevate-your-rtcc-operations,https://www.flocksafety.com/webinars/elevate-your-rtcc-operations
/webinars/empowering-communities-and-law-enforcement-with-flock-safety-video,How Flock Safety Cameras Help Communities and Police,crawl-only [not-in-sitemap],redirect,200 (redirect),/webinar/empowering-communities-and-law-enforcement-with-flock-safety-video,https://www.flocksafety.com/webinars/empowering-communities-and-law-enforcement-with-flock-safety-video
/webinars/expanding-your-healthcare-security-perimeter-beyond-four-walls,Extending Hospital Security Beyond the Building Itself,crawl-only [not-in-sitemap],redirect,200 (redirect),/webinar/expanding-your-healthcare-security-perimeter-beyond-four-walls,https://www.flocksafety.com/webinars/expanding-your-healthcare-security-perimeter-beyond-four-walls
/webinars/extending-threat-awareness-beyond-store-entry,Extending Threat Awareness Beyond Store Entry (LPR),crawl-only [not-in-sitemap],redirect,200 (redirect),/webinar/extending-threat-awareness-beyond-store-entry,https://www.flocksafety.com/webinars/extending-threat-awareness-beyond-store-entry
/webinars/extending-threat-awareness-beyond-store-entry-lpm,Extending Threat Awareness Beyond the Store Entrance,crawl-only [not-in-sitemap],redirect,200 (redirect),/webinar/extending-threat-awareness-beyond-store-entry-lpm,https://www.flocksafety.com/webinars/extending-threat-awareness-beyond-store-entry-lpm
/webinars/extending-threat-awareness-beyond-store-entry-talk-lp,Extending Threat Awareness Beyond Store Entry (LPR),crawl-only [not-in-sitemap],redirect,200 (redirect),/webinar/extending-threat-awareness-beyond-store-entry,https://www.flocksafety.com/webinars/extending-threat-awareness-beyond-store-entry-talk-lp
/webinars/fbinaa-flockos,"Flock Safety Learning Center: Guides, Webinars & More",crawl-only [not-in-sitemap],redirect,200 (redirect),/resources,https://www.flocksafety.com/webinars/fbinaa-flockos
/webinars/getting-community-buy-in-for-policing-technology,"Flock Safety Learning Center: Guides, Webinars & More",crawl-only [not-in-sitemap],redirect,200 (redirect),/resources,https://www.flocksafety.com/webinars/getting-community-buy-in-for-policing-technology
/webinars/holiday-security-strategies-retail-security-solutions-for-the-busy-season,Retail | Flock Safety,crawl-only [not-in-sitemap],redirect,200 (redirect),/industries/retail,https://www.flocksafety.com/webinars/holiday-security-strategies-retail-security-solutions-for-the-busy-season
/webinars/how-campus-safety-can-boost-student-enrollment-trust,How Campus Safety Boosts Student Enrollment and Trust,crawl-only [not-in-sitemap],redirect,200 (redirect),/webinar/how-campus-safety-can-boost-student-enrollment-trust,https://www.flocksafety.com/webinars/how-campus-safety-can-boost-student-enrollment-trust
/webinars/how-law-enforcement-can-afford-modern-tech-with-limited-budget-and-staff,How Law Enforcement Can Fund Modern Tech on Any Budget,crawl-only [not-in-sitemap],redirect,200 (redirect),/webinar/how-law-enforcement-can-afford-modern-tech-with-limited-budget-and-staff,https://www.flocksafety.com/webinars/how-law-enforcement-can-afford-modern-tech-with-limited-budget-and-staff
/webinars/introducing-condor-live-and-recorded-video,"Flock Safety Learning Center: Guides, Webinars & More",crawl-only [not-in-sitemap],redirect,200 (redirect),/resources,https://www.flocksafety.com/webinars/introducing-condor-live-and-recorded-video
/webinars/introducing-flock-os,FlockOS: Your Pathway to a Real-Time Crime Center,crawl-only [not-in-sitemap],redirect,200 (redirect),/webinar/introducing-flock-os,https://www.flocksafety.com/webinars/introducing-flock-os
/webinars/introducing-raven,"Flock Safety Learning Center: Guides, Webinars & More",crawl-only [not-in-sitemap],redirect,200 (redirect),/resources,https://www.flocksafety.com/webinars/introducing-raven
/webinars/keeping-healthcare-workers-safe-reducing-the-risk-of-workplace-violence,Keeping Healthcare Workers Safe from Workplace Violence,crawl-only [not-in-sitemap],redirect,200 (redirect),/webinar/keeping-healthcare-workers-safe-reducing-the-risk-of-workplace-violence,https://www.flocksafety.com/webinars/keeping-healthcare-workers-safe-reducing-the-risk-of-workplace-violence
/webinars/lp-product-launch-may-2024-on-demand,New Flock Safety Hardware and Features: Product Launch,crawl-only [not-in-sitemap],redirect,200 (redirect),/webinar/lp-product-launch-may-2024-on-demand,https://www.flocksafety.com/webinars/lp-product-launch-may-2024-on-demand
/webinars/lpr-for-every-roadway,"Flock Safety Learning Center: Guides, Webinars & More",crawl-only [not-in-sitemap],redirect,200 (redirect),/resources,https://www.flocksafety.com/webinars/lpr-for-every-roadway
/webinars/multiply-your-force-solutions-for-small-scale-agencies,"Flock Safety Learning Center: Guides, Webinars & More",crawl-only [not-in-sitemap],redirect,200 (redirect),/resources,https://www.flocksafety.com/webinars/multiply-your-force-solutions-for-small-scale-agencies
/webinars/preventing-crime-at-your-properties,Proactive Security Strategies for Retail Property Managers,crawl-only [not-in-sitemap],redirect,200 (redirect),/webinar/preventing-crime-at-your-properties,https://www.flocksafety.com/webinars/preventing-crime-at-your-properties
/webinars/preventing-school-violence,Preventing School Violence: A Guide for K-12 Districts,crawl-only [not-in-sitemap],redirect,200 (redirect),/webinar/preventing-school-violence,https://www.flocksafety.com/webinars/preventing-school-violence
/webinars/product-launch,"Flock Safety Product Launch: Falcon, Gunshot Detection, Live Video",crawl-only [not-in-sitemap],redirect,200 (redirect),/webinar/product-launch,https://www.flocksafety.com/webinars/product-launch
/webinars/product-launch-no-cost-apis-ai-for-faster-investigations,No-Cost APIs and AI Tools for Faster Investigations,crawl-only [not-in-sitemap],redirect,200 (redirect),/webinar/product-launch-no-cost-apis-ai-for-faster-investigations,https://www.flocksafety.com/webinars/product-launch-no-cost-apis-ai-for-faster-investigations
/webinars/product-launch-webinar,"Flock Safety Product Launch: Faster Leads, Unified Search",crawl-only [not-in-sitemap],redirect,200 (redirect),/webinar/product-launch-webinar,https://www.flocksafety.com/webinars/product-launch-webinar
/webinars/q1-2024-flock-safety-quarterly-product-update,Q1 2024 Flock Safety Quarterly Product Update Recap,crawl-only [not-in-sitemap],redirect,200 (redirect),/webinar/q1-2024-flock-safety-quarterly-product-update,https://www.flocksafety.com/webinars/q1-2024-flock-safety-quarterly-product-update
/webinars/reduce-crime-and-increase-safety-why-communities-choose-flock-safety,Why Communities Choose Flock Safety to Reduce Crime,crawl-only [not-in-sitemap],redirect,200 (redirect),/webinar/reduce-crime-and-increase-safety-why-communities-choose-flock-safety,https://www.flocksafety.com/webinars/reduce-crime-and-increase-safety-why-communities-choose-flock-safety
/webinars/reducing-retail-crime-webinar,Reducing Retail Crime With Law Enforcement Partnership,crawl-only [not-in-sitemap],redirect,200 (redirect),/webinar/reducing-retail-crime-webinar,https://www.flocksafety.com/webinars/reducing-retail-crime-webinar
/webinars/safer-together-video,Safer Together: Building a Secure Community with Flock,crawl-only [not-in-sitemap],redirect,200 (redirect),/webinar/safer-together-video,https://www.flocksafety.com/webinars/safer-together-video
/webinars/school-safety-virtual-gate,"Flock Safety Learning Center: Guides, Webinars & More",crawl-only [not-in-sitemap],redirect,200 (redirect),/resources,https://www.flocksafety.com/webinars/school-safety-virtual-gate
/webinars/the-case-for-lpr-gunshot-detection,The Case for License Plate Readers + Gunshot Detection,crawl-only [not-in-sitemap],redirect,200 (redirect),/webinar/the-case-for-lpr-gunshot-detection,https://www.flocksafety.com/webinars/the-case-for-lpr-gunshot-detection
/webinars/the-future-of-policing-is-real-time,The Future of Policing Is Real-Time Crime Centers Now,crawl-only [not-in-sitemap],redirect,200 (redirect),/webinar/the-future-of-policing-is-real-time,https://www.flocksafety.com/webinars/the-future-of-policing-is-real-time
/webinars/the-next-frontier-in-policing-introducing-flock-safetys-drones-for-rapid-response,Drone as First Responder: Flock Safety's DFR Program,crawl-only [not-in-sitemap],redirect,200 (redirect),/webinar/the-next-frontier-in-policing-introducing-flock-safetys-drones-for-rapid-response,https://www.flocksafety.com/webinars/the-next-frontier-in-policing-introducing-flock-safetys-drones-for-rapid-response
/webinars/the-safety-blueprint-security-strategies-to-elevate-residential-communities,The Safety Blueprint: Security Strategies to Elevate Residential Communities,crawl-only [not-in-sitemap],redirect,200 (redirect),/webinar/the-safety-blueprint-security-strategies-to-elevate-residential-communities,https://www.flocksafety.com/webinars/the-safety-blueprint-security-strategies-to-elevate-residential-communities
/webinars/the-shift-to-proactive-security-new-tools-to-deter-crime-and-hold-offenders-accountable,Proactive Security Tools for Businesses to Deter Crime,crawl-only [not-in-sitemap],redirect,200 (redirect),/webinar/the-shift-to-proactive-security-new-tools-to-deter-crime-and-hold-offenders-accountable,https://www.flocksafety.com/webinars/the-shift-to-proactive-security-new-tools-to-deter-crime-and-hold-offenders-accountable
/webinars/video-without-limitations,Video Monitoring Without Infrastructure Limits Today,crawl-only [not-in-sitemap],redirect,200 (redirect),/webinar/video-without-limitations,https://www.flocksafety.com/webinars/video-without-limitations
/webinars/webinar-combating-orc-and-theft,Academy Sports on Stopping Organized Retail Crime,crawl-only [not-in-sitemap],redirect,200 (redirect),/webinar/webinar-combating-orc-and-theft,https://www.flocksafety.com/webinars/webinar-combating-orc-and-theft
/webinars/you-asked-we-listened-from-call-to-clearance,"Flock Safety Learning Center: Guides, Webinars & More",crawl-only [not-in-sitemap],redirect,200 (redirect),/resources,https://www.flocksafety.com/webinars/you-asked-we-listened-from-call-to-clearance
/webinars/you-asked-we-listened-q3-public-safety-product-updates,"Flock Safety Learning Center: Guides, Webinars & More",crawl-only [not-in-sitemap],redirect,200 (redirect),/resources,https://www.flocksafety.com/webinars/you-asked-we-listened-q3-public-safety-product-updates
/webinars/you-asked-we-listened-q4-public-safety-product-updates,Q4 Public Safety Product Updates: New LPR & Video Tools,crawl-only [not-in-sitemap],redirect,200 (redirect),/webinar/you-asked-we-listened-q4-public-safety-product-updates,https://www.flocksafety.com/webinars/you-asked-we-listened-q4-public-safety-product-updates
/what-is-flock,What Is Flock? Public Safety Technology,header,marketing,200,,https://www.flocksafety.com/what-is-flock
/whitepaper,Not Found,crawl-only [not-in-sitemap],dead,404,,https://www.flocksafety.com/whitepaper
/whitepaper/the-evolving-landscape-of-retail-consumer-attitudes-crime-trends-and-the-technology-leading-the-fight,"The Evolving Landscape of Retail: Consumer Attitudes, Crime Trends, and the Technology Leading the Fight",crawl-only [not-in-sitemap],redirect,200 (redirect),/ebooks/the-evolving-landscape-of-retail-consumer-attitudes-crime-trends-and-the-technology-leading-the-fight,https://www.flocksafety.com/whitepaper/the-evolving-landscape-of-retail-consumer-attitudes-crime-trends-and-the-technology-leading-the-fight
